group,name,log2FC,FDR
EOAD,MT3,-0.0569754275395163,0.211400812008109
EOAD,NFASC,-0.044995712168114,0.0374508974731358
EOAD,ALDOA,0.295882193840576,1.2862242942561099e-18
EOAD,LSAMP,-0.021052309658158,0.549319214176793
EOAD,PARK7,0.272490108358774,3.9455306092284103e-25
EOAD,YWHAZ,0.493915369264748,1.3217566284822e-40
EOAD,CXCL16,0.0465917022047415,0.155346586787573
EOAD,SELENBP1,-0.102339407325679,0.0008036577152726
EOAD,PROCR,-0.0813215946732729,0.0387953564799353
EOAD,NCAN,-0.0260921753678369,0.571018531179527
EOAD,NICOL1,-0.0993118116732745,0.0281138820389073
EOAD,DPP7,-0.0803679181436919,0.139085870163343
EOAD,ICOSLG,0.0155126363432822,0.708986971570732
EOAD,PAPLN,0.0303264367432771,0.442090275111214
EOAD,FOLR2,0.012292545885601,0.787843670162743
EOAD,GC,-0.11976322933422,0.0418842074689365
EOAD,HBA1,-0.263243943513831,0.209636650067143
EOAD,IGLV3-19,-0.142225465308603,0.146082989614809
EOAD,FBLN5,0.0777317343866764,4.65454432197717e-05
EOAD,LAMP2,0.0632448584866542,0.0662736015696785
EOAD,NUCB2,-0.0458940873424933,0.253713572236035
EOAD,PDGFB,-0.0829137422376597,0.0083693677950196
EOAD,ITIH2,-0.0852829389951946,0.296170528749075
EOAD,CSF1R,-0.0118450274613862,0.755309186269861
EOAD,PGLYRP2,-0.117532437501183,0.0771311780119315
EOAD,IGHM,-0.097216022039306,0.546099068365992
EOAD,LAMA2,0.0038977559618938,0.886386242639177
EOAD,APLP2,-0.05840262173294,0.0917375848847287
EOAD,AGA,0.0101042365117305,0.843735239336488
EOAD,CFI,-0.146063925371601,0.0019226914456218
EOAD,CD44,0.0549274490242826,0.0523475979346556
EOAD,IGSF8,0.0028710277941822,0.903938564024018
EOAD,CNTNAP4,-0.0584711610271203,0.172031799767904
EOAD,C1QC,-0.0184858943662698,0.57981139891121
EOAD,C1R,-0.0063651615491758,0.842206030282793
EOAD,CPN2,-0.0972037567012519,0.21918901381672
EOAD,AMBP,-0.0516894827535549,0.442090275111214
EOAD,C5,-0.073588479572358,0.34539927601399
EOAD,HEXA,-0.0397740711089538,0.323075530765637
EOAD,DBI,0.084697651408308,0.0004376092119253
EOAD,C1QA,-0.0372739763736821,0.269543828546781
EOAD,NRXN3,-0.0337535941782728,0.223553570622099
EOAD,IGHV3-30,-0.0686645785156059,0.423124137099114
EOAD,C6,-0.0521135554692357,0.484405653601816
EOAD,CLEC3B,0.0211303766452527,0.420370676455844
EOAD,SPARCL1,-0.0385668205445508,0.377996286625861
EOAD,GAP43,0.332603349945061,3.8911393826972705e-15
EOAD,MCAM,-0.0750013147350334,0.0048081425679103
EOAD,SCG2,-0.150460848009863,0.0001104043175142
EOAD,LMAN1,0.0082973373326445,0.740531553398838
EOAD,ADGRB2,-0.123252831771428,0.0020338012106539
EOAD,LTBP4,0.0132447448260525,0.696055118250549
EOAD,IGHG3,-0.0925030516236835,0.449059652092221
EOAD,PON1,-0.142518934416326,0.13853669916981
EOAD,AXL,-0.0486668191956434,0.024360568337647
EOAD,CADM1,-0.0196425621708202,0.447255927434256
EOAD,APOD,-0.0474599152734865,0.233655399376897
EOAD,SPON1,0.145664151427556,3.25475219118219e-09
EOAD,MGAT1,-0.0066759793534202,0.811223569219174
EOAD,SERPINF2,-0.127569000696769,0.0392444104604648
EOAD,CP,-0.113362868521632,0.0264813333781668
EOAD,PCSK1,-0.230920420207991,7.37862309057145e-06
EOAD,CPB2,-0.0794571938330225,0.253713572236035
EOAD,SPARC,-0.0081763983339772,0.818067767414803
EOAD,LYVE1,-0.054545793241888,0.108615260866997
EOAD,IGKC,-0.0864742857952055,0.367799425475868
EOAD,IGHG4,0.0307373342909487,0.858069780036171
EOAD,CNDP1,-0.0390564383365079,0.398252823740883
EOAD,EFNB2,-0.0224998798053632,0.394696654115721
EOAD,PRRT2,0.0744279970063693,0.074315502648484
EOAD,RNASET2,0.0196969321814471,0.545148628965485
EOAD,PNOC,-0.162502340615989,3.00874604238643e-05
EOAD,PLTP,-0.010045629663289,0.700129004832622
EOAD,ATRN,-0.0709970288951739,0.0048081425679103
EOAD,LGALS1,0.0514333870467168,0.0278480762867587
EOAD,OMG,-0.043451929550962,0.291966859867649
EOAD,FAT2,-0.0639496331870393,0.163589064090123
EOAD,AHSG,-0.170717293864526,0.0066011057122847
EOAD,IGFBP6,-0.0516297511592857,0.143847073906956
EOAD,CFHR2,-0.0125555066349101,0.903045671915034
EOAD,IGHV3-72,-0.122542866246707,0.117138740019792
EOAD,NPPC,0.0214725394521666,0.551799894775578
EOAD,CPE,0.0090048137688634,0.823177463295827
EOAD,HSPA8,0.156739211858972,4.50749866028115e-07
EOAD,C4BPA,-0.162433329805109,0.132908200723795
EOAD,VTN,-0.145062768366548,0.0173977533076316
EOAD,SEMA6A,-0.0679375261901464,0.0253178369132968
EOAD,WFDC1,-0.0495909488347843,0.490630136345725
EOAD,NPTX1,-0.120895669900832,0.003080722252311
EOAD,PTN,-0.0092539680815327,0.862763243489828
EOAD,DCN,-0.105099918235396,0.0169440680581095
EOAD,MEGF10,0.0345691868041674,0.191188863204662
EOAD,PSAP,-0.0221269039214942,0.461085808806201
EOAD,GGH,-0.0340708371542437,0.367799425475868
EOAD,F10,0.0215879600972961,0.551799894775578
EOAD,KRT2,-0.0362701653365632,0.865672975448061
EOAD,GALNT2,0.0052131198174464,0.771445320483101
EOAD,NTNG1,-0.0912070266746031,0.0048322238357062
EOAD,CD55,-0.0154260923393685,0.608237019035832
EOAD,CD99L2,-0.0048686912308225,0.918547774282498
EOAD,IGHA1,-0.0557213589701545,0.648857178580652
EOAD,ACYP2,0.0890864293370982,0.0012061854903481
EOAD,EFEMP2,0.0231485232025678,0.16485871482007
EOAD,CHI3L1,0.314347475803751,1.22156902790517e-10
EOAD,FAM3C,-0.0280593431491542,0.491810467638008
EOAD,CRTAC1,-0.0074713094965961,0.842556402487002
EOAD,IL6ST,-0.027133776302183,0.363907512727701
EOAD,CTSH,-0.0740140936075158,0.191957049908127
EOAD,SEMA6D,-0.0531206364501965,0.0432036115888997
EOAD,TIMP1,0.0074239533583614,0.851062525890981
EOAD,IDS,-0.0353116578661677,0.259745008386252
EOAD,SELL,-0.0230697763526028,0.61147442181927
EOAD,PROS1,-0.0189955168105066,0.531564499910491
EOAD,CYCS,0.0881392717593205,0.0002537677206019
EOAD,ADAMTS4,-0.0223898492792727,0.366753585394088
EOAD,NELL2,-0.0861385039023579,0.0425631291429266
EOAD,TAFA5,0.0290607307673793,0.369233903795457
EOAD,TNFRSF21,-0.0398744055296213,0.329125891345308
EOAD,CTSB,0.0322731621399182,0.400268177792346
EOAD,LAMP1,0.020690527030522,0.470267271535145
EOAD,IGFBP7,-0.0492301747059297,0.365372448060804
EOAD,COL3A1,-0.0264345455552497,0.377225456872092
EOAD,KIT,-0.0372677993632865,0.347468964688862
EOAD,HSPG2,0.018282415329209,0.445311191010708
EOAD,IGFBP2,0.0716868737409286,0.0062386644051639
EOAD,PRELP,0.004399871763169,0.928483101125457
EOAD,C1QB,-0.0135422649165669,0.661005520199695
EOAD,GDA,0.343449461198281,5.86943184955784e-15
EOAD,NTM,-0.0219102972451576,0.569936633963488
EOAD,NECTIN1,-0.0096121412471782,0.799091959033614
EOAD,ALCAM,-0.0069459503302803,0.775144489911706
EOAD,APOC3,-0.256348950424135,0.000239061123232
EOAD,WFIKKN2,-0.0571351437286218,0.270126302535026
EOAD,TGFBI,-0.0277417272732041,0.252766898293907
EOAD,DNER,0.0157784146968559,0.556322290912041
EOAD,CDH2,-0.0052295200298519,0.875146101052136
EOAD,C1S,-0.0077287370643203,0.752805046145573
EOAD,CHGB,-0.131366480925254,2.04030767986962e-05
EOAD,ALDOC,0.111525697320352,1.93777430451671e-06
EOAD,LYNX1,-0.0286039886802016,0.426238622413574
EOAD,ICAM5,-0.0317515028877175,0.536763157555667
EOAD,HPX,-0.0479721462231703,0.42763748784228
EOAD,LAMB1,-0.01862044896606,0.363907512727701
EOAD,MOG,-0.0333641151349519,0.39500731157942
EOAD,STC2,-0.0436473795046118,0.0400940507293336
EOAD,CHGA,-0.110862994853873,0.0689164322555007
EOAD,HYOU1,-0.0573560219898109,0.0002344420349898
EOAD,IGHG2,-0.115896360996581,0.197687185239725
EOAD,ITIH5,-0.0104364547771651,0.755309186269861
EOAD,GPI,0.184539185032852,2.74892934394021e-11
EOAD,APCS,-0.17267304768562,0.0881406867661633
EOAD,MST1,-0.0332269486951637,0.699011140549301
EOAD,GPR158,-0.0605562181259826,0.0892281815426897
EOAD,HP,0.096484334177222,0.556836023407028
EOAD,COL18A1,0.0107573810205278,0.654220074690103
EOAD,RTN4R,-0.104871500936166,0.000627924554814
EOAD,GRIA4,-0.0731625400932125,0.0805442169839874
EOAD,MEGF8,-0.0522309884186311,0.0948968460491436
EOAD,SERPIND1,-0.051516715184337,0.25766925548231
EOAD,COCH,0.112384871496018,0.0009555802397391
EOAD,CBLN1,-0.0498383620316735,0.288854980944355
EOAD,CD59,-0.0211372443850068,0.456258611615834
EOAD,KRT10,-0.0939583220436835,0.645130806720344
EOAD,ATP6AP1,-0.0802903207619262,0.0009668820770891
EOAD,SERPINI1,-0.0288811335454278,0.459647228589459
EOAD,TGFBR3,0.009763074535459,0.582118437143372
EOAD,PTPRG,-0.0514314432108304,0.0322437650741345
EOAD,CLSTN2,-0.0341933455422718,0.209290538561232
EOAD,ART3,-0.0478470515611673,0.312599177888505
EOAD,KRT1,0.0903574672259545,0.694519395847888
EOAD,L1CAM,-0.008447995930709,0.798610416817429
EOAD,NRXN2,-0.0680838690664724,0.0108102368488443
EOAD,B2M,0.0420437594817109,0.188818286813318
EOAD,C3,-0.0595849838200524,0.193700004496227
EOAD,APLP1,-0.0532244475539695,0.193700004496227
EOAD,LUM,-0.0754586721895947,0.0586215511197095
EOAD,BCAN,-0.0228682864500761,0.538621482866933
EOAD,CARTPT,-0.119578181593291,0.0007011539713124
EOAD,B3GNT2,-0.0418509137550194,0.0344170436744246
EOAD,NBL1,-0.0517590507708852,0.0982820450805513
EOAD,PKM,0.300151537492331,3.27875224788196e-16
EOAD,RBP4,-0.048303134964741,0.40285665595365
EOAD,LRG1,-0.0620893028993658,0.312966332621988
EOAD,SOD1,0.108813785586587,1.40817150551088e-05
EOAD,AGRN,-0.0008353090019372,0.971371790180589
EOAD,SPOCK3,0.0183963882842753,0.464358148734382
EOAD,COL1A1,0.0456326099210156,0.214923166478801
EOAD,COL6A3,0.0224153942501269,0.288674644417963
EOAD,DDR1,-0.0582537335659554,0.129279206543115
EOAD,PTPRD,-0.0032459895208649,0.923931104103002
EOAD,GASK1B,-0.0359598517728487,0.144167408107428
EOAD,TPP1,-0.0324993869637923,0.55491211433342
EOAD,VSTM2A,0.0111622170636725,0.881085139927798
EOAD,CLIC4,0.0722742846826301,0.0429810278531917
EOAD,AEBP1,0.0556942170012282,0.0615250948207742
EOAD,FGA,0.0361069356845883,0.707134162845637
EOAD,HBB,-0.286660554163933,0.20596214214901
EOAD,SCG5,-0.0427066404565395,0.294398763543217
EOAD,ZP2,-0.215751003145944,8.10602681563605e-05
EOAD,SLITRK1,-0.0599347586693124,0.253494192926221
EOAD,CAMK2A,0.22689522776839,1.93968615653464e-05
EOAD,CTSL,-0.0125621533715912,0.662288837410617
EOAD,KLK6,0.0081619758646528,0.779914262238651
EOAD,PCOLCE,0.0112482110961411,0.625505687887276
EOAD,C16orf89,0.0086329619883878,0.740531553398838
EOAD,NRCAM,-0.0640286101321402,0.0982820450805513
EOAD,PLXDC2,0.0953908571099654,0.0002714789693354
EOAD,CACNA2D1,-0.103484607013042,0.0118167481916964
EOAD,TAGLN,0.10431161878883,0.126406989494249
EOAD,PRNP,0.0030811233267477,0.935500877275726
EOAD,C1RL,-0.0839184474217979,0.0295157525228992
EOAD,SERPINA7,-0.0934789856399242,0.139197837810531
EOAD,C1QTNF3,-0.0702536828325394,0.221120199726326
EOAD,CNTN2,-0.0384801435220278,0.276988134681636
EOAD,SERPINA1,-0.0368233330955056,0.585011005950603
EOAD,F5,-0.104546318806613,0.0309178463068863
EOAD,SLC5A5,-0.0125802937136281,0.892888722612631
EOAD,NCAM1,-0.0033204166818778,0.933024766101897
EOAD,AJAP1,-0.0200939908189787,0.653742277350534
EOAD,PTPRS,-0.0124107952503535,0.594186199763017
EOAD,RARRES2,0.0086942891334106,0.816906755881327
EOAD,LAMC1,-0.0105793354637602,0.624642256210498
EOAD,APOA2,-0.162435389662908,0.0423148110592085
EOAD,A1BG,-0.0842719111657217,0.180262808248654
EOAD,MASP1,-0.0236392364926648,0.555296449958703
EOAD,OAF,-0.0275530167152893,0.356755363280091
EOAD,DPP6,0.0370059071916982,0.171334043107599
EOAD,NID2,-0.0274457733282905,0.36554527652922
EOAD,CPVL,0.0301750147716502,0.660381021891799
EOAD,SERPINC1,-0.0621442754258965,0.365372448060804
EOAD,CHL1,-0.0688690174900547,0.0861808964144484
EOAD,CELSR2,-0.0228889429213716,0.592900705696571
EOAD,FGB,0.0463656355530563,0.617646160730005
EOAD,BTD,-0.0549902607767102,0.0051490402005217
EOAD,PI16,-0.0227121635500014,0.648859537197478
EOAD,CPQ,-0.0243319551176073,0.448079338176382
EOAD,GFRA2,-0.106326366967639,0.0383959867894712
EOAD,SHISA5,0.0442383212496342,0.245987886402579
EOAD,PGK1,0.240378488556217,4.19482798838637e-26
EOAD,SPP1,0.133527725760604,0.0001270015708088
EOAD,VCAN,-0.0077578370234071,0.770445020034048
EOAD,ITM2B,-0.0234313248474633,0.630957243284335
EOAD,PCDH8,-0.039985970538954,0.398859058317867
EOAD,ENO2,0.150907616654537,4.49495090159123e-11
EOAD,CTSA,-0.0515349993579748,0.328627920647126
EOAD,SEZ6L,-0.0407739469236234,0.367799425475868
EOAD,POMGNT1,-0.0070161793760959,0.862673578089489
EOAD,CTSF,0.0196695720142447,0.559928221570859
EOAD,AZGP1,-0.0251935612903435,0.694519395847888
EOAD,ECRG4,-0.0434774031322387,0.584531621989212
EOAD,SELENOP,-0.013430786487136,0.58471294664597
EOAD,SIAE,-0.0741199718468298,0.147618754280404
EOAD,GSN,-0.0159616684597306,0.468348430790458
EOAD,RNASE4,0.0364267514394615,0.209290538561232
EOAD,C2,-0.0631607552569173,0.120841604085124
EOAD,RNASE1,0.0410243098796642,0.193089915096956
EOAD,CDH13,-0.0223133030995872,0.643919708251192
EOAD,A2M,-0.0354348656932598,0.160017112556738
EOAD,PODXL2,-0.0297947528104329,0.337997413413866
EOAD,COL1A2,0.0388689100187707,0.200037508084303
EOAD,GOT1,0.209872133586138,1.31157362756438e-10
EOAD,SCG3,-0.116951004103471,0.0120517281865707
EOAD,PEBP1,0.190742569313283,5.1872692894058795e-18
EOAD,MAN1B1,-0.0228693171838561,0.43249334175776
EOAD,RELN,-0.0941059192485498,0.0423772068397915
EOAD,PPIC,0.0541595759202261,0.0491732041909598
EOAD,CDH6,-0.0660087445557271,0.0027071812425994
EOAD,SEZ6,-0.0218170784765567,0.391301373811813
EOAD,GOLM1,0.0068291335726597,0.818625623928391
EOAD,APP,-0.0801171726186158,0.0230451006880221
EOAD,ACTB,0.077068958749553,0.0498464847376943
EOAD,LDHB,0.216224918668607,3.47956618809816e-18
EOAD,EFEMP1,0.0318420034316778,0.086119883552892
EOAD,PLD3,0.0511598130447083,0.0948968460491436
EOAD,C8B,-0.118094827201303,0.0948968460491436
EOAD,GPX3,-0.0075315504964152,0.851062525890981
EOAD,CBLN3,-0.0792659633560644,0.170074946521886
EOAD,LTBP2,0.0682575801856574,0.0424367367966179
EOAD,IGFBP5,0.0746453851373429,0.0031593484220338
EOAD,OPCML,-0.0600951169373787,0.148821053151858
EOAD,FSTL1,0.0237694888169547,0.50630580034942
EOAD,EPHA4,-0.0319363045484958,0.480018579105243
EOAD,IGLON5,-0.0436485231791219,0.0276206252841002
EOAD,ROBO1,-0.0395642643185509,0.0541674350710208
EOAD,CA1,-0.281943617682941,0.115905353093266
EOAD,GAPDH,0.328511813682181,8.5028172256784e-09
EOAD,BASP1,0.270209230830736,3.3972749476593794e-11
EOAD,THY1,-0.118335468694263,1.07027947937966e-05
EOAD,LTBP1,0.0523858715487906,0.0651876761863226
EOAD,HSPA5,-0.0102024463420962,0.524448103084138
EOAD,TGOLN2,0.0278137520942314,0.456258611615834
EOAD,PRRT3,-0.0672081293460139,0.0135476242059319
EOAD,ANG,-0.0028478102635281,0.958322855085163
EOAD,PLG,-0.0729887569612959,0.333106476162739
EOAD,BPNT2,-0.0606070390617921,0.0246693637446888
EOAD,MAN1A1,-0.0624973629625511,0.0025184422747346
EOAD,ISLR,-0.0429095765685897,0.0424367367966179
EOAD,SERPINA6,-0.129112900511557,0.0541674350710208
EOAD,HRG,-0.101113651361488,0.194236607230933
EOAD,F2,-0.0687405020183654,0.307462983679667
EOAD,APOC1,-0.142337519113151,0.112355970856962
EOAD,PAM,-0.126091579191927,9.78382063515041e-05
EOAD,SIRPA,-0.0053085136035959,0.920871928564948
EOAD,PFN1,0.078734159955812,0.0061511269039092
EOAD,SEMA4B,0.0171308990305493,0.447285273496632
EOAD,PTPRN2,-0.133006031227136,0.0013267062965468
EOAD,SHISA6,-0.0050073254531069,0.888837224965207
EOAD,AGT,-0.0302646502485355,0.275720341588924
EOAD,CLSTN1,-0.0250499115485678,0.485570002001783
EOAD,QDPR,0.0911392429002598,0.0081706269313667
EOAD,FRZB,0.112078377778188,0.0006606051126294
EOAD,CALM1,0.233450110382173,3.70281217932533e-14
EOAD,SEMA7A,-0.0770792079436174,0.0630033985617658
EOAD,IGF2,0.0118685231696774,0.742741163114254
EOAD,MMRN2,-0.0646377373287624,0.0007703000700086
EOAD,FUCA2,-0.0469595366467116,0.604981124665874
EOAD,HTRA1,0.0418417229582361,0.0101138979720699
EOAD,TMEM132A,0.0397769583830261,0.211374317900337
EOAD,LYZ,0.0025267097434264,0.971036755905678
EOAD,KNG1,-0.104630709933962,0.112693389648615
EOAD,MCFD2,-0.0150500827256479,0.593975994799111
EOAD,PPIA,0.217450704555517,4.71959422500006e-18
EOAD,CALB1,0.0221348252209634,0.606359807563747
EOAD,GPR37,-0.0052528271816363,0.888837224965207
EOAD,SHISA7,-0.0557742980729953,0.243642507131843
EOAD,MAPT,0.674898589957115,5.4339525288698695e-28
EOAD,ATP6AP2,0.150709762378023,1.82364151893643e-08
EOAD,C7,0.0025743368725221,0.964290091260314
EOAD,CANX,-0.0030221073084642,0.907125865916387
EOAD,VGF,-0.277310059460721,8.46932292105677e-07
EOAD,ENPP2,-0.0232721249497368,0.645130806720344
EOAD,MGP,0.0799850837983631,0.110798652714121
EOAD,MRC1,0.0015630555730432,0.971371790180589
EOAD,SERPINA5,-0.0343935220631924,0.581518727303744
EOAD,IGKV4-1,-0.125257471491764,0.124075268168284
EOAD,LDHA,0.36120071667891,5.95366942540076e-26
EOAD,PRCP,-0.0078775334641521,0.875385454024656
EOAD,FRRS1L,-0.0419202222299831,0.328123518758748
EOAD,F12,-0.130618564347997,0.120374861815937
EOAD,TPI1,0.113913721212311,1.80166948284859e-05
EOAD,FGG,0.0783020843366379,0.389836475216385
EOAD,OGN,0.0286067602274074,0.369387681071002
EOAD,LCAT,-0.0724188655605929,0.0968799057542433
EOAD,LINGO1,-0.14424370245457,2.69146933382951e-05
EOAD,MEGF9,-0.0225137224307834,0.43249334175776
EOAD,CSF1,0.0004768400461829,0.985227192086125
EOAD,SEMA3G,-0.0390252919032733,0.12227789632523
EOAD,DKK3,-0.0375220122462765,0.152432625384443
EOAD,NCAM2,0.0034564739513014,0.933024766101897
EOAD,NPTX2,-0.374143884127088,4.7034204719513e-14
EOAD,SPOCK1,0.0034786332255587,0.896419231802649
EOAD,TF,-0.104331041948316,6.91050526808894e-05
EOAD,QSOX2,-0.0325546192651204,0.324034412975334
EOAD,PIK3IP1,-0.0551928693870889,0.0330322194639574
EOAD,SMOC1,0.406426160043588,1.0709630372136e-25
EOAD,LMAN2,-0.0008877388630992,0.975415052314702
EOAD,CLSTN3,-0.0717820213430613,0.0039008813373407
EOAD,NEO1,-0.0254602286057971,0.359155575739594
EOAD,IGFBP4,0.0145049031685754,0.654866992208556
EOAD,PRKCSH,-0.02960673312004,0.19654311826565
EOAD,BCHE,-0.0811789900240983,0.0034273699648791
EOAD,SPINT2,-0.0326250522212905,0.281638126053099
EOAD,TWSG1,-0.0148099894984472,0.484405653601816
EOAD,HEXB,-0.0448509646952076,0.239527849547115
EOAD,SULF2,-0.0634205529983661,0.0175336766134726
EOAD,FETUB,-0.0588805570975709,0.387055614327907
EOAD,MMP2,-0.0353375534727826,0.193367099337385
EOAD,MFGE8,0.041056181253751,0.232739103996993
EOAD,SLC39A10,-0.0547191065435834,0.227059480927982
EOAD,KLKB1,-0.0893563318066255,0.190774797499275
EOAD,FGFR2,-0.0183310074331396,0.541611949759808
EOAD,PTPRZ1,-0.0036361884786735,0.903045671915034
EOAD,GNPTG,-0.0217573877657435,0.25284341825497
EOAD,DYNLL2,0.156456583055623,5.91593115847597e-10
EOAD,SDF4,-0.0096520846384111,0.623912383795217
EOAD,PTPRN,-0.162153860870791,0.000571064887628
EOAD,VSTM2B,-0.119060618070165,0.0016959421724055
EOAD,PRDX1,0.0932616498924035,0.0176532127190398
EOAD,APOA4,-0.0714649893273341,0.307796983159451
EOAD,FBLN1,0.0136076185845951,0.633890873641865
EOAD,CADM3,-0.0056226927414972,0.870309589707541
EOAD,SERPING1,-0.0220997995655178,0.447285273496632
EOAD,APOE,0.102014961045208,0.426340976089616
EOAD,SOD2,0.134737572260101,1.07027947937966e-05
EOAD,PENK,-0.0736143717220046,0.0079275477688975
EOAD,CST3,0.0228941082914171,0.607284724805618
EOAD,CFD,-0.0037390451758546,0.94434845235082
EOAD,CADM4,-0.0193024660840939,0.433382329693987
EOAD,FN1,0.0488349419265787,0.0208157234539666
EOAD,COLEC12,0.0479817955605872,0.0822620862196459
EOAD,CFH,-0.0046708764678112,0.902392099877997
EOAD,CNTN1,-0.026049971780885,0.199721661637526
EOAD,ORM1,-0.0437615510961243,0.568021797733365
EOAD,NPY,-0.27693427726924,1.58399125685714e-08
EOAD,ECM2,-0.002846547625313,0.939495365684598
EOAD,CD14,0.0219014988804049,0.527304579994444
EOAD,ENDOD1,-0.007559407066504,0.801432268365857
EOAD,APOA1,-0.132288095622438,0.0892281815426897
EOAD,OLFM1,-0.0391186116047104,0.148821053151858
EOAD,FGFR1,-0.0449720949135351,0.0872179710595747
EOAD,HABP2,-0.125101652404594,0.0528339162134679
EOAD,PTGDS,0.0472923818473437,0.0793165667114995
EOAD,GLDN,0.0040212955246732,0.943384116963131
EOAD,GOLIM4,-0.0104740146795883,0.703869755426777
EOAD,SOD3,-0.0209099078613919,0.655889628984488
EOAD,SERPINF1,-0.0592320854825404,0.0689387768581703
EOAD,C8A,-0.125173592595871,0.0612542355467934
EOAD,RNASE2,-0.0540012103847483,0.17423214295016
EOAD,ITIH1,-0.116306008433394,0.150491890733416
EOAD,TIMP2,0.0059883528333636,0.862763243489828
EOAD,SORCS2,0.0482897944155261,0.316439797363645
EOAD,ORM2,-0.13492689746612,0.023742360698119
EOAD,CD163,-0.0053466838161433,0.888837224965207
EOAD,CADM2,-0.0074335604142436,0.843735239336488
EOAD,SORCS3,-0.0642029038706262,0.0004155686014065
EOAD,TALDO1,0.102594583681202,0.0009904582976712
EOAD,OMD,0.0115310171512408,0.747651566770122
EOAD,ENO1,0.249935155675021,2.8907370893010798e-22
EOAD,NRXN1,-0.0153109106829338,0.71257931455362
EOAD,SERPINA3,0.0449391986156393,0.361229998252797
EOAD,FCGBP,-0.0828582829805038,0.342348544659876
EOAD,MAN2A2,-0.0171753781080315,0.615254828562077
EOAD,RNASE6,0.0171484492040256,0.536763157555667
EOAD,MARCKS,0.139421162100748,5.972895811063529e-11
EOAD,ST6GAL2,-0.0434007310630069,0.249761852748496
EOAD,NID1,0.0086667715984505,0.776232047832178
EOAD,COTL1,0.116645649300012,9.97800526176454e-06
EOAD,TXN,0.160036076137241,6.31173705789777e-06
EOAD,CUTA,-0.048183774142193,0.0356266502781994
EOAD,NPTXR,-0.225980605046779,3.18216047993483e-07
EOAD,MDH1,0.313122449978274,5.87673605788565e-22
EOAD,C8G,-0.13363109104361,0.0538007033981148
EOAD,PRG4,-0.0779766915358543,0.331359120968387
EOAD,ARMH4,-0.0535172080503365,0.163349092123469
EOAD,GOT2,0.138509497147761,1.14533755987841e-10
EOAD,PPIB,0.0096886930819993,0.752042550209243
EOAD,QSOX1,0.007898216913242,0.64934724183026
EOAD,APOM,-0.185321708381233,0.0350585348373988
EOAD,FBLN2,-0.0153003667192344,0.59698526864742
EOAD,LY6H,-0.0888496041509688,0.061852651677482
EOAD,WFDC2,-0.0343912845635094,0.281208188659558
EOAD,GPR37L1,-0.0309099121420728,0.463944049651451
EOAD,TNXB,-0.02628267899891,0.377996286625861
EOAD,APOH,-0.0505520228294664,0.491810467638008
EOAD,SERPINA4,-0.0652357317785407,0.374722992407711
EOAD,NPC2,0.0641724549729594,0.0017074806256876
EOAD,ADGRB1,-0.0994604142862626,0.0259413570647939
EOAD,IGKV3-20,-0.0821945446145703,0.391301373811813
EOAD,ITIH4,-0.103209502656463,0.117247456796233
EOAD,BGLAP,0.102418959000769,0.13931331129452
EOAD,RTN4RL2,-0.131890727489365,0.0011421270020766
EOAD,DAG1,-0.024061262222198,0.110247311595408
EOAD,CGREF1,-0.0735015990471702,0.0724836202103627
EOAD,DIPK1C,-0.0034432316161925,0.935500877275726
EOAD,CFHR1,-0.006423480892549,0.94098523494471
EOAD,CLU,-0.0365178860793728,0.0743635145546124
EOAD,FSTL4,-0.118388298827059,0.0013806196706781
EOAD,NTRK2,-0.03655435732875,0.170074946521886
EOAD,NXPH4,0.021535929323439,0.645130806720344
EOAD,ADAM22,-0.0180668946092231,0.630488688491806
EOAD,CCN3,0.0794418836460498,0.008432156040351
EOAD,CNTN4,-0.0132870679122823,0.625201386694103
EOAD,SPOCK2,0.0610229910784299,0.0429810278531917
EOAD,KRT9,0.149298852472643,0.526645093099361
EOAD,TNR,-0.0632060711538708,0.0039008813373407
EOAD,LRRC4B,-0.0078052697187965,0.84084281088965
EOAD,CTSD,-0.0079512105096001,0.890379415555709
EOAD,CTSZ,-0.0706413368623691,0.0455214486602933
EOAD,CANT1,-0.0911932068998719,0.0001606740166091
EOAD,PCSK1N,-0.0676225908201473,0.0263407261207033
EOAD,GM2A,0.0371885400796032,0.245987886402579
EOAD,C9,-0.0799071625691049,0.262175559051414
EOAD,CALR,0.0225102909717207,0.408783859637187
EOAD,COL6A1,-0.0305153849888262,0.325606693024821
EOAD,CAMK2B,0.138583738288497,2.52771978281131e-08
EOAD,SPINK6,0.0122261877481656,0.862763243489828
EOAD,APOB,-0.0746291198996268,0.373950665073302
EOAD,AFM,-0.145495736406752,0.0544912429425627
EOAD,PTPRF,-0.0142183585814339,0.630488688491806
EOAD,LGALS3BP,-0.0422502803346682,0.107198805028732
EOAD,ECM1,-0.0904643281665716,0.0006126433504386
EOAD,SLITRK4,-0.118294027371083,0.0051307504106084
EOAD,PCSK2,-0.248447510021632,1.74792597258529e-10
EOAD,VSIG4,0.124759515490823,0.0015446253700559
EOAD,SUSD5,-0.0179678427360076,0.606359807563747
EOAD,B4GAT1,-0.0653521070989357,0.0018435970602165
EOAD,NEGR1,-0.071717102220366,0.0099700617994609
EOAD,PEBP4,-0.0873087783807541,0.0387953564799353
EOAD,GMFB,0.227740490066139,9.230906481328821e-09
EOAD,SCRG1,0.0494356840062399,0.0910124034183306
EOAD,NUCB1,-0.0394177192429228,0.0616022351330758
EOAD,A4GALT,-0.0307171031112626,0.339169641702484
EOAD,ABCA2,0.0257108995484459,0.424580176545115
EOAD,ABHD14B,0.0227523185801313,0.654220074690103
EOAD,ABI3BP,-0.008763376900141,0.830812733460793
EOAD,ACE,-0.0566005419138709,0.0039388459409386
EOAD,ACP2,-0.0516501073802045,0.133583601016186
EOAD,ACYP1,0.0705862027880032,0.0222033154648175
EOAD,ADA2,0.026087249533996,0.571018531179527
EOAD,ADAM10,-0.0492244860480327,0.0118446483841686
EOAD,ADAM11,-0.0128148194316722,0.750058126089153
EOAD,ADAM15,-0.087235986206773,0.003080722252311
EOAD,ADAM23,-0.0229655206443158,0.407623509988883
EOAD,ADAM28,0.0125491716939591,0.831332091815959
EOAD,ADAM9,-0.0390528099246913,0.074982704712645
EOAD,ADAMTS8,-0.0542771985975214,0.16136863612938
EOAD,ADGRB3,-0.0710783960344546,0.0131104623030399
EOAD,ADGRL1,-0.0710088111780537,4.36668398948911e-05
EOAD,ADGRL3,-0.0379624601953685,0.0901056244158306
EOAD,ADM,-0.0141034274046888,0.633890873641865
EOAD,AHNAK,-0.0499002712277358,0.275720341588924
EOAD,AKR1B1,0.0971399416106068,0.000844587062198
EOAD,ALB,-0.0935543295159363,0.147618754280404
EOAD,ALDH1A1,-0.029616032814617,0.568021797733365
EOAD,ANGPTL7,-0.136101896442968,0.0677646619995906
EOAD,ANPEP,-0.0576970460294407,0.0691742366850958
EOAD,ANXA5,0.0311652185228922,0.572903919451029
EOAD,AP2B1,0.0993653158184649,2.48688280653022e-05
EOAD,APMAP,-0.122789460883305,0.0089225018255743
EOAD,APOC2,-0.209831396511073,0.0053241073048293
EOAD,APOF,-0.129718882899603,0.0559661485030382
EOAD,APOL1,-0.17501778868854,0.047009771364918
EOAD,ASAH1,-0.0597642393637888,0.238036076632577
EOAD,ASPH,-0.0042024698488811,0.830189530873605
EOAD,ATP1B1,0.0076359066191394,0.70185749430526
EOAD,ATP1B2,0.0136816820244919,0.715467240378738
EOAD,ATRNL1,0.0338950658813154,0.423331212341988
EOAD,B3GALNT1,-0.0171117698100747,0.478658942562527
EOAD,B3GNT9,-0.0204558842313657,0.524804815126201
EOAD,B4GALT1,-0.0086996249732701,0.740340291564033
EOAD,BCAM,0.0046685640501575,0.853815216290169
EOAD,BGN,-0.0238386138247163,0.660644506791087
EOAD,BLMH,0.106954790029094,0.0027494783426157
EOAD,BMP1,-0.0571376766220406,0.304185082245604
EOAD,BMP6,0.0794000070164544,0.0108131502337837
EOAD,BSG,0.006751449296577,0.843735239336488
EOAD,BST1,-0.025101996588279,0.567538013077946
EOAD,C11orf87,-0.0252966741202532,0.637411294388561
EOAD,SPRING1,-0.0432460305029653,0.209290538561232
EOAD,C1QL3,0.0757707774680006,0.212820280084128
EOAD,C1QTNF4,-0.0384422944078149,0.157603048895731
EOAD,C1QTNF5,-0.0100091336361097,0.811223569219174
EOAD,C4BPB,-0.173942744018749,0.0948968460491436
EOAD,CA10,-0.0423777933347644,0.282069923987775
EOAD,CA11,-0.112391764348962,0.0059181770888183
EOAD,CA2,-0.25263184945138,0.0939406951961137
EOAD,CA4,-0.0439963773498729,0.230575284388615
EOAD,CACHD1,-0.0556795767009621,0.102596164378512
EOAD,CACNA2D2,-0.0346876114081613,0.209636650067143
EOAD,CACNA2D3,-0.0525184752861245,0.179120790368755
EOAD,CALY,-0.0143962543462458,0.78304525634731
EOAD,CAMK2D,0.127078068361686,6.67765296272363e-08
EOAD,GOLM2,0.0148004814834079,0.536763157555667
EOAD,CAT,-0.137015237553918,0.323363893617972
EOAD,CBR1,0.0484138567493904,0.165903395566677
EOAD,CCER2,-0.0695133412538581,0.0814015227466774
EOAD,CCK,-0.07102169649055,0.132908200723795
EOAD,CD109,0.059808460902338,0.0563928542857252
EOAD,CD200,-0.120242212424376,4.13025597147154e-05
EOAD,CD248,-0.0444363321690328,0.0377183232049635
EOAD,CD5L,-0.112459172632,0.205680994981937
EOAD,CD81,-0.129618132883084,0.0363438810198752
EOAD,CD9,-0.135017560057839,0.0561275403834858
EOAD,CDH10,-0.0477082804643381,0.1538740808259
EOAD,CDH11,-0.0344378858591068,0.117773995247184
EOAD,CDH15,-0.026590094352833,0.555296449958703
EOAD,CDH18,-0.0759642486552438,0.119626071614765
EOAD,CDH20,0.003725016073864,0.903533319978466
EOAD,CDH22,-0.0533548890088344,0.2021035760966
EOAD,CDH4,0.0160061846688022,0.686030228071252
EOAD,CDH5,-0.0613696163644463,0.0317380626088843
EOAD,CDH7,-0.0477241284404606,0.0429810278531917
EOAD,CDH8,-0.107753840876885,0.0053529824617473
EOAD,CDH9,-0.0852309383839575,0.0622703769092173
EOAD,CEL,-0.141268064559895,0.0677987821452495
EOAD,CEMIP,0.017025555185577,0.465970973908643
EOAD,CFB,-0.165545387379439,0.0057931563033527
EOAD,CFHR3,-0.0191429226570018,0.830253433854433
EOAD,CFL1,0.209792369965315,5.91593115847597e-10
EOAD,CFP,-0.0887932440754035,0.170074946521886
EOAD,CHAD,0.0124277800292468,0.743990066022617
EOAD,CHI3L2,0.111326911778736,0.0438586203728952
EOAD,CHID1,0.010910866828075,0.78176187588772
EOAD,CHIT1,0.526754189343959,6.26979531398825e-06
EOAD,CHRD,0.0035814626811243,0.903045671915034
EOAD,CHRDL1,0.0108802122768651,0.718232395897905
EOAD,CHST10,-0.0569523510454063,0.0123131546952272
EOAD,CHST15,-0.023670886646439,0.233673861956918
EOAD,CKB,0.152672074010592,5.29282417451539e-07
EOAD,CKMT1A,0.25029330211391,6.643318826078081e-09
EOAD,CLEC11A,-0.0375660442980835,0.232739103996993
EOAD,CLMP,-0.0081219925469565,0.84229355000393
EOAD,CLN5,-0.0423729568979141,0.381451165167229
EOAD,CLUL1,-0.0322320385774674,0.555265683874954
EOAD,CNPY3,-0.0001083284174721,0.997903212885349
EOAD,CNTFR,-0.0507255616841967,0.0506501422166218
EOAD,CNTN3,-0.0239524308202469,0.426389680618368
EOAD,CNTN6,-0.0300490365866921,0.291219428817903
EOAD,CNTNAP2,-0.023921939152526,0.578749659867271
EOAD,CNTNAP5,-0.0056931152143854,0.882052629671259
EOAD,COL12A1,0.0073918883295621,0.831381835784506
EOAD,COL14A1,-0.0426076721527199,0.162334078106405
EOAD,COL15A1,0.0081228060411821,0.875385454024656
EOAD,COL21A1,0.0132638189904017,0.748215050873726
EOAD,COL28A1,-0.0537294053832632,0.388284480013033
EOAD,COL4A1,-0.0367307025671862,0.329629724505068
EOAD,COL4A2,0.0175649484213427,0.545148628965485
EOAD,COL5A1,-0.0221668677182125,0.572903919451029
EOAD,COL6A2,0.053555608565625,0.074180940161111
EOAD,COMP,-0.0526311513295821,0.356311052054128
EOAD,CPD,0.0057602046559442,0.830345839633477
EOAD,CPN1,-0.139687326434592,0.11371613786361
EOAD,CPXM2,0.0049952739477032,0.924346009212145
EOAD,CRABP1,0.0144886113663785,0.831332091815959
EOAD,CREG1,-0.0459195383891211,0.476969123211957
EOAD,CRELD1,-0.0319277215539937,0.359512164815779
EOAD,CRISP3,-0.0906584433571523,0.117773995247184
EOAD,CRYM,0.355370427310435,3.7628815577917296e-18
EOAD,CSPG4,-0.0193871224615431,0.345622503604515
EOAD,CST6,0.0286706658496125,0.619380551337099
EOAD,CSTB,0.0732861896169125,0.0892281815426897
EOAD,CTBS,-0.0388852689220931,0.211195134478424
EOAD,CCN2,0.0861416826053168,0.0424600529664446
EOAD,CTSC,-0.102269321724861,0.0208157234539666
EOAD,CTSO,0.0167491541188644,0.607307853819587
EOAD,CTSS,0.0718011248059119,0.0446513597390907
EOAD,CXADR,0.0219935887762986,0.495266538384372
EOAD,CXCL12,0.0385791811384558,0.377225456872092
EOAD,CYTL1,0.0333580198862113,0.568021797733365
EOAD,DBH,-0.133641508857566,0.0856843699707193
EOAD,DCC,-0.0875059890635184,0.0009714589156069
EOAD,DCD,-0.0727118154862198,0.499705773541066
EOAD,DDAH1,0.231633064191263,7.69438518300184e-20
EOAD,DDB1,0.0522918581065329,0.0526639352587308
EOAD,DIPK2B,-0.0538466034356692,0.181013271725886
EOAD,DLD,0.235247484318008,4.6252377397024e-18
EOAD,DMKN,0.137499142332667,0.154980656169936
EOAD,DNAJC3,0.0179184655842141,0.369387681071002
EOAD,DNASE2,-0.0216127879474501,0.668215957063196
EOAD,DPP10,0.0259318979816585,0.413030656046294
EOAD,DPP3,0.0614029665866523,0.0727294043416941
EOAD,DPYSL2,0.116668766822357,0.0003966813868566
EOAD,DSC1,0.0284485405942119,0.808413442014909
EOAD,DSC2,0.0165568685147915,0.603299302396371
EOAD,DSC3,0.0558545566478957,0.256150893137818
EOAD,DSG2,0.002758751625623,0.930511797808565
EOAD,EDN3,-0.0620310857624562,0.0544912429425627
EOAD,EFCAB14,-0.0254910143453885,0.377225456872092
EOAD,EFNA1,0.0063276591993386,0.887219057010443
EOAD,EFNA3,-0.0797783758633195,0.0349721102412782
EOAD,EFNB1,-0.0154561430357151,0.370292318260974
EOAD,EGFR,-0.0504376284758208,0.0438586203728952
EOAD,EMC10,-0.0259645872430648,0.400788754339031
EOAD,EMILIN2,0.0663402213077535,0.108615260866997
EOAD,ENPP4,0.0462220204520095,0.316439797363645
EOAD,ENPP5,0.0368406773428627,0.365372448060804
EOAD,ENPP6,-0.0490344946763805,0.279150872915343
EOAD,ENTPD6,-0.0661186715418284,0.0088700235846076
EOAD,EPDR1,-0.0719956455221207,0.157603048895731
EOAD,EPHA10,-0.0446438140248979,0.379908456398561
EOAD,EPHA5,-0.116191600127467,0.0006966204254907
EOAD,EPHA7,-0.0092573098023586,0.74474929629561
EOAD,EPHB6,0.0071511102469455,0.906630214904682
EOAD,ERAP1,-0.0237135848818619,0.635353729631635
EOAD,ERBB3,0.0003773699227502,0.993644151656942
EOAD,ERP44,-0.0240076079983282,0.154533950039516
EOAD,ESAM,-0.0318143340117416,0.205323565004456
EOAD,EXTL2,-0.062888294089362,0.0023017325113549
EOAD,EZR,0.051263119683005,0.122572481117421
EOAD,F11,-0.0520337881887529,0.488563488680265
EOAD,F13A1,-0.0265085658032519,0.64363251936554
EOAD,F13B,-0.0888190732986494,0.14309427199168
EOAD,F7,-0.142744686623784,0.0490879121851271
EOAD,F9,-0.067324484037906,0.24948828632155
EOAD,FABP3,0.476796588690803,4.4735603266263697e-29
EOAD,FABP5,0.0947400093857858,0.0987257205917316
EOAD,FAIM2,0.0291678085572701,0.4535415307159
EOAD,FAM171A1,0.0030901760747965,0.933024766101897
EOAD,FAM174A,-0.0350013580460794,0.42662841861855
EOAD,FAM20B,-0.0509215481049363,0.0084061346976821
EOAD,FAM20C,-0.037906271534136,0.0159859552861912
EOAD,FBLN7,-0.0379302179286721,0.294398763543217
EOAD,FBN1,0.0061778635633509,0.843735239336488
EOAD,FCGR3A,0.0533207286849329,0.211383534794399
EOAD,FCN3,-0.12687162041163,0.138702160975858
EOAD,FGFR3,-0.0062437829055661,0.884424551434736
EOAD,FGL2,-0.016466342163442,0.606359807563747
EOAD,FKBP1A,0.191477669384158,8.12714357928234e-10
EOAD,FLNA,0.0503062666836838,0.369233903795457
EOAD,FMOD,-0.0035118633767158,0.948124796112257
EOAD,FOLR1,-0.108805260555552,0.0605322190593352
EOAD,FSCN1,0.131926665891145,8.77789771651797e-08
EOAD,FSTL5,-0.0477982961003559,0.205680994981937
EOAD,FTH1,-0.105067660025629,0.0003053566724429
EOAD,FUCA1,0.0070122623901199,0.908218565314973
EOAD,FXYD6,-0.0312476075006273,0.42662841861855
EOAD,FZD1,-0.0203440789959528,0.653641210490828
EOAD,GAA,-0.0722414151153054,0.0462358884646885
EOAD,GALC,-0.138424411443591,0.0082551750181828
EOAD,GALNS,-0.0056331345234824,0.905362211364725
EOAD,GALNT1,-0.0264046960710393,0.131582407351884
EOAD,GALNT10,-0.0193996390773487,0.21102227774181
EOAD,GALNT13,-0.047932448847372,0.123996020194227
EOAD,GALNT15,0.0299441577263614,0.537072795475422
EOAD,GALNT16,-0.0335915042199561,0.193089915096956
EOAD,GALNT17,-0.0384670461648585,0.215002930224529
EOAD,GALNT18,-0.0574853622145535,0.007263793344761
EOAD,GALNT6,-0.0610811377271643,0.109410015158634
EOAD,GALNT7,0.0026519547741652,0.936007948642464
EOAD,GANAB,-0.0953042367020074,5.14647709183341e-05
EOAD,GAS6,-0.0241764800946607,0.255047757454609
EOAD,GBA1,-0.0355891614345396,0.3343384950609
EOAD,GDF11,-0.019774716132142,0.406898100187912
EOAD,GDI1,0.238394548393985,3.06656475110546e-25
EOAD,GDI2,0.077787720826347,0.0052604166429259
EOAD,GFRA3,-0.0297391519039832,0.558568072377598
EOAD,GGCT,0.225938176089432,1.79667628827755e-10
EOAD,GGT7,0.0043783408734749,0.903045671915034
EOAD,GLG1,-0.020710748288884,0.372352325195937
EOAD,GLO1,0.239527631929039,9.171306792950909e-11
EOAD,GLOD4,0.206437124467939,2.60190172813679e-14
EOAD,GLRX,0.104323117990033,9.5198030546614e-05
EOAD,GNAS,0.0109889013335389,0.804738740772262
EOAD,GNS,-0.0346420548877595,0.541035694593467
EOAD,GPC1,-0.0138208839719,0.674659566720918
EOAD,GPLD1,-0.130356978115138,0.0134064695915206
EOAD,GPNMB,0.0719918284753697,0.16092379143189
EOAD,GRB2,0.024626616317067,0.278730977275711
EOAD,GRIA2,-0.0237466409241109,0.551609744555087
EOAD,GRN,0.0485672753155069,0.157603048895731
EOAD,GRP,-0.0777874297986048,0.276988134681636
EOAD,GSR,0.159491954566849,5.313796509150309e-11
EOAD,GSS,0.183550560561152,1.82364151893643e-08
EOAD,GSTO1,0.183565972653491,2.21317554707411e-05
EOAD,GSTP1,0.075573161039162,0.0024569756547727
EOAD,GYG1,-0.0457670771662906,0.390357422334343
EOAD,HAVCR2,0.0167802399606534,0.545148628965485
EOAD,HEG1,-0.044393895084188,0.174466401739131
EOAD,HGFAC,-0.0338305344688453,0.644894507585738
EOAD,HK1,0.125814670577051,3.20983917268152e-09
EOAD,HLA-A,0.0730241336630322,0.342348544659876
EOAD,HLA-C,0.115955043517312,0.465970973908643
EOAD,HLA-DRA,-0.0057314733674697,0.943384116963131
EOAD,HLA-DRB1,0.1477221173891,0.135269854307138
EOAD,HMCN1,0.0071832956806007,0.853815216290169
EOAD,HPR,-9.9603413563687e-05,0.999120526966235
EOAD,HPRT1,0.266352716157072,1.1258325665869301e-14
EOAD,HS6ST1,0.0469550375730187,0.0471150543791814
EOAD,HS6ST3,-0.0738523774238751,0.0971629468644887
EOAD,HSP90B1,0.0416013650988382,0.272861750886127
EOAD,HSPA13,-0.0095367897067386,0.721712621035247
EOAD,HSPA1A,0.0269982753691962,0.495266538384372
EOAD,HSPE1,0.117969363107265,0.0001893851825542
EOAD,HYAL1,-0.0134962599821799,0.775144489911706
EOAD,ICAM1,0.0016645462746412,0.969044778421137
EOAD,ICAM2,-0.0496115706024897,0.0525031998888748
EOAD,IDH1,0.0684444766641602,0.0020338012106539
EOAD,IFNAR2,-0.0437628165858727,0.157603048895731
EOAD,IGF2R,0.0151714842040189,0.278730977275711
EOAD,IGFALS,-0.134351702564849,0.0630093035385084
EOAD,IGFBP3,0.0069030306599564,0.903045671915034
EOAD,IGHV1-69,-0.0271537620341076,0.801998146878825
EOAD,IGHV2-26,-0.0092300452958794,0.947337822524146
EOAD,IGHV2-70,-0.0274675030364068,0.853095633883196
EOAD,IGHV2-70D,-0.0667156493577272,0.755881158666452
EOAD,IGHV3-49,-0.151256689733863,0.0819103060425527
EOAD,IGHV3-64D,-0.0953237364216263,0.269543828546781
EOAD,IGHV3-7,-0.114511644307402,0.170488752788775
EOAD,IGHV4-28,-0.0219791310340207,0.862673578089489
EOAD,IGHV4-34,-0.0495205412816785,0.653742277350534
EOAD,IGHV4-4,-0.0825675615013354,0.556836023407028
EOAD,IGHV5-10-1,-0.502040737382627,0.0012741289077402
EOAD,IGHV5-51,-0.142469954595248,0.0839580050449019
EOAD,IGHV6-1,-0.110708746320552,0.356755363280091
EOAD,IGKJ1,-0.109115153468718,0.34370080716151
EOAD,IGKV1-6,-0.0894070985818894,0.312966332621988
EOAD,IGKV2-29,-0.148064675609874,0.28291556556417
EOAD,IGKV2-30,-0.112462224830244,0.20416146272858
EOAD,IGKV3-11,-0.0812507267981559,0.42662841861855
EOAD,IGKV3-15,-0.098839197524407,0.311724762390451
EOAD,IGKV3D-15,-0.0436034878072231,0.785769787245843
EOAD,IGKV3D-20,-0.123276957065961,0.21922141047325
EOAD,IGLC7,-0.063482341680252,0.531572576955355
EOAD,IGLV1-51,-0.0814142102727087,0.383361787204064
EOAD,IGLV2-11,-0.163682303335723,0.212820280084128
EOAD,IGLV2-18,-0.0058382823458578,0.971371790180589
EOAD,IGLV2-23,-0.0941008066607672,0.492614660571991
EOAD,IGLV2-8,-0.0526550032438502,0.684567839213933
EOAD,IGLV3-27,-0.0868019349875769,0.337029140692672
EOAD,IGLV4-60,-0.39657379897684,0.0042776347600855
EOAD,IGLV6-57,-0.0238409390954539,0.830812733460793
EOAD,IGLV7-46,-0.162757366531759,0.0691742366850958
EOAD,IGLV8-61,-0.172398111680053,0.212287377608856
EOAD,IGLV9-49,-0.0325244801870059,0.858265181345213
EOAD,IGSF1,-0.079325369792101,0.0015355939599603
EOAD,IGSF21,-0.0529258037214754,0.0408706909876527
EOAD,IL18BP,-0.0090198455596918,0.843735239336488
EOAD,IL1RAP,-0.0288379797242005,0.630427522607869
EOAD,IMPA1,0.107596012855739,4.24938058312742e-05
EOAD,ITGA7,-0.0125140057612275,0.850006030169838
EOAD,ITGAM,0.242907471418943,2.49590168740233e-09
EOAD,ITGBL1,0.0264209671541293,0.555265683874954
EOAD,ITIH3,-0.0314272164109491,0.677259929801749
EOAD,ITM2A,-0.0295649004127684,0.425738219980511
EOAD,JAG1,-0.112723481896514,8.10602681563605e-05
EOAD,JAM2,-0.0565849756560285,0.0190060292362475
EOAD,JAM3,-0.0132411361931486,0.696211368663344
EOAD,JAML,0.0079229134667061,0.928325152807169
EOAD,JCHAIN,0.0485376946753875,0.729075434494683
EOAD,KIAA0319L,-0.0017063650731295,0.951220038210263
EOAD,KIAA1549L,-0.059551729043116,0.208618073879954
EOAD,KLK10,-0.0318333140936485,0.630427522607869
EOAD,KLK11,-0.079031961757304,0.152174692564527
EOAD,KRT5,0.0701162832963944,0.765043477483615
EOAD,LAMA4,-0.0363684297712598,0.323363893617972
EOAD,LAMA5,-0.023115886684892,0.174484010624385
EOAD,LAMB2,-0.0175705637333369,0.328759364458961
EOAD,LAMC3,0.0359458627859885,0.555265683874954
EOAD,LAMP5,0.114189287633473,6.91533114493294e-06
EOAD,LBP,-0.157828994165154,0.0097817565020374
EOAD,LCN2,-0.0690115087204425,0.157470409953135
EOAD,LCP1,-0.0448434922248685,0.196531120642431
EOAD,LDLR,-0.109251828930508,0.0008639671135128
EOAD,LECT2,-0.160729925341677,0.0245627474499478
EOAD,LFNG,0.0127248212018211,0.644894507585738
EOAD,LGALS3,-0.0106440402443724,0.778688771897578
EOAD,LGI1,-0.0322256040264755,0.349052540011617
EOAD,LGMN,-0.0613272686775367,0.278650673104232
EOAD,LILRA2,0.0922328482868937,0.157603048895731
EOAD,LIPA,0.0064124124485753,0.924346009212145
EOAD,LRP11,-0.0343234562368581,0.262175559051414
EOAD,LRP1B,-0.0179343340329582,0.705353730679567
EOAD,LRP8,-0.0477816626516489,0.074315502648484
EOAD,LRRC4,-0.0462228164444244,0.0861808964144484
EOAD,LRTM2,-0.100040852787183,0.014586159690962
EOAD,LSR,-0.0376096469263079,0.152318586045166
EOAD,LTF,-0.0044443535220803,0.969044778421137
EOAD,MAG,-0.0031449574855479,0.935500877275726
EOAD,MAN1A2,-0.0315114387395548,0.281806705970891
EOAD,MAN1C1,-0.0186379208969783,0.42662841861855
EOAD,MAN2A1,-0.0130175236759522,0.540871686729453
EOAD,MAN2B1,0.0349139296013039,0.337997413413866
EOAD,MAN2B2,-0.0366470396051647,0.387055614327907
EOAD,MANBA,-0.0132143353288106,0.64363251936554
EOAD,MANSC1,-0.0035647020153843,0.89187126264723
EOAD,MARCO,0.049841864887267,0.343745967911546
EOAD,MATN2,-0.0078489170943102,0.799091959033614
EOAD,MB,-0.194282540448457,0.214058049397455
EOAD,MDGA1,-0.0154583610651765,0.702296212629704
EOAD,MDH2,0.0827637368407158,0.0001851238191682
EOAD,MDK,-0.0078007906568894,0.859069644878388
EOAD,MELTF,-0.0490304394860034,0.0643739543004126
EOAD,METRNL,-0.0378192360716439,0.191957049908127
EOAD,MFAP4,0.0205978197364934,0.425312508975599
EOAD,MGAT5,0.0043858196126586,0.830189530873605
EOAD,MIA,-0.0010055602009662,0.991358153111447
EOAD,MIA3,-0.0350997326973282,0.0870315521459054
EOAD,MIF,0.304666459865114,3.58278123833072e-21
EOAD,MINPP1,-0.0414049105084794,0.0361312475011329
EOAD,MLEC,0.0037450794464305,0.881454119953812
EOAD,MMP14,0.0427676858989139,0.0689387768581703
EOAD,MOXD1,-0.117314513242196,0.0011370637406493
EOAD,MPZ,0.0489338613548747,0.526030548299616
EOAD,MRC2,-0.059751288981961,0.0025676123505022
EOAD,MSLN,0.0140540744692808,0.864371887610743
EOAD,MSN,0.0609158148933354,0.0874582430990607
EOAD,MSTN,-0.0082616261041435,0.776155607961957
EOAD,MXRA7,0.0136776869772832,0.766366837551454
EOAD,MYDGF,0.0483311552797632,0.147695851168363
EOAD,MYLK,0.100129044961657,0.062323163151664
EOAD,MYOC,-0.0293899787268941,0.788491737013725
EOAD,NAGA,-0.0729771751521467,0.0631128852642166
EOAD,NAGLU,0.004657370211268,0.941131880062957
EOAD,NAXE,0.123388466848711,9.75286767095533e-08
EOAD,NCMAP,0.0414009266528024,0.58471294664597
EOAD,NDRG2,0.0196908259579045,0.368814624989993
EOAD,NDRG4,-0.0365954424844418,0.16210257727891
EOAD,NDST1,-0.0928948387521449,0.0089225018255743
EOAD,NECTIN2,-0.0012082822790552,0.969044778421137
EOAD,NENF,0.001074687988092,0.962923442498256
EOAD,NLGN1,-0.0498567255652238,0.0436020550626869
EOAD,NLGN2,-0.0545842762180621,0.0341346432121719
EOAD,NLGN4X,-0.0300562843254873,0.262175559051414
EOAD,NOTCH1,-0.0654736513792644,0.0019841526309326
EOAD,NOTCH2,-0.0381687274665217,0.0864077303229026
EOAD,NOTCH3,-0.019647881855303,0.388284480013033
EOAD,NPDC1,-0.0171517919831149,0.703869755426777
EOAD,NPEPPS,0.125126910356223,1.04946318561079e-12
EOAD,NRN1,-0.0683275061005553,0.0283864651205005
EOAD,NRP1,-0.0441766429395759,0.0087668903348023
EOAD,NRP2,-0.0373159377779421,0.0211769001755635
EOAD,NSF,0.0949791460142841,0.0002628569902932
EOAD,NSG1,0.0411086671900354,0.170488752788775
EOAD,NTRK3,-0.0285152934753129,0.339128409612859
EOAD,NUTF2,0.10936588650593,0.0001098178258613
EOAD,NXPH1,-0.0356619871803052,0.365372448060804
EOAD,NXPH3,-0.146152156557084,2.31405872083615e-05
EOAD,OLFM2,-0.0132967662829822,0.669634590118738
EOAD,OLFML3,0.0589864796312472,0.0063860900230675
EOAD,OSMR,-0.0119135088517912,0.70197331182231
EOAD,OXT,0.0461392747196988,0.217544869435511
EOAD,P4HB,-0.0116644045555395,0.421757608440931
EOAD,PAMR1,0.0234365844134036,0.356311052054128
EOAD,PBXIP1,0.0925822710055136,1.6026639812374e-06
EOAD,PCDH1,-0.0625735512002442,0.0604139762947982
EOAD,PCDH10,-0.0212344758935206,0.643350354254352
EOAD,PCDH17,-0.0573525174671088,0.0257440837462943
EOAD,PCDH7,-0.0549255437436781,0.0822620862196459
EOAD,PCDH9,-0.0410966912763462,0.205765066601073
EOAD,PCDHAC2,-0.0268867836205165,0.337997413413866
EOAD,PCDHGC3,0.0034121108317424,0.890597385961313
EOAD,PCDHGC5,-0.115414740241222,0.0020823958049484
EOAD,PCMT1,0.038138509732887,0.274739664707287
EOAD,PCP4,0.110516283828689,2.42792451313612e-05
EOAD,PCSK9,-0.0388791798973903,0.298115045746382
EOAD,PCYOX1,-0.0418798939671736,0.420130100313561
EOAD,PDGFRB,-0.0367887684168095,0.274739664707287
EOAD,PDIA3,0.0070608451456636,0.625606028216826
EOAD,PDIA4,-0.0084187542758838,0.645130806720344
EOAD,PDIA6,0.0136298311403806,0.501518460409898
EOAD,PDYN,-0.0981481667772538,0.0121483555806104
EOAD,PEA15,0.316029696072989,1.76107049073803e-31
EOAD,PGAM1,0.274301707158221,2.31969121301702e-32
EOAD,PGM1,0.0688363907422555,0.0237178062613082
EOAD,PGRMC1,0.0117040264350609,0.59344256330211
EOAD,PIANP,-0.0485020652781977,0.406898100187912
EOAD,PIGR,0.107777892933419,0.0424600529664446
EOAD,PILRA,0.0265529880710435,0.590136231069466
EOAD,PITHD1,0.140903863299597,2.15294796677224e-06
EOAD,PLA2G15,-0.0321695563985128,0.337997413413866
EOAD,PLBD2,-0.0237442212169177,0.674659566720918
EOAD,PLD4,-0.0353429103952621,0.398965386147135
EOAD,PLEKHB1,-0.0012265511841594,0.981157124485203
EOAD,PLOD1,0.0016048035993487,0.967296378283998
EOAD,PLXDC1,-0.0545872038482193,0.0215654141408586
EOAD,PLXNA1,-0.0645815326307003,0.0424600529664446
EOAD,PLXNB2,0.0078184874194784,0.752042550209243
EOAD,PON3,-0.0255981247990345,0.816379969293997
EOAD,PPP5C,0.162045784317988,9.34834728034757e-11
EOAD,PRAP1,-0.0769622787530928,0.220839328157527
EOAD,PRDX2,0.0368563317031738,0.702654309311144
EOAD,PRDX5,-0.0086669087823273,0.892888722612631
EOAD,PRDX6,0.0458791001748193,0.5062697955824
EOAD,PRKAR1A,0.159584974253035,1.6944161153017602e-09
EOAD,PRL,-0.0172883796347592,0.800428984814675
EOAD,PRND,0.0620092736045026,0.584531621989212
EOAD,PROC,0.0202871208513884,0.559928221570859
EOAD,PROZ,-0.0707470755525109,0.447285273496632
EOAD,PRRG1,0.0326945779286952,0.684173411644771
EOAD,PRSS23,-0.0300636810784402,0.350433417101542
EOAD,PSAT1,0.123688616686301,6.14035258164942e-05
EOAD,PTPRK,-0.0553075888730939,0.0059829040728311
EOAD,PTPRM,-0.0699747291952359,0.0019414134369069
EOAD,PTPRT,-0.0739677513430319,0.0141935042546654
EOAD,PVALB,0.0300737265505316,0.518970796652443
EOAD,PVR,-0.0280392053808378,0.325169268484504
EOAD,PXDN,0.0496879584472921,0.179802342882303
EOAD,PZP,-0.0790165658581242,0.429827149189213
EOAD,QPCT,-0.0870696443612883,0.0031593484220338
EOAD,RAD23B,0.194491709256005,2.8985111047395197e-11
EOAD,RCN1,-0.0097890363435243,0.690490177724147
EOAD,RCN2,-0.0864780974791905,0.0045093966361881
EOAD,RECK,-0.0297086763526899,0.3343384950609
EOAD,RGMA,0.0079374641795825,0.858265181345213
EOAD,RGMB,-0.0577372297938526,0.0444989554373049
EOAD,RIDA,0.090325271172551,0.000229735946205
EOAD,RNF13,0.0338985645137058,0.353809787559843
EOAD,ROBO2,-0.024398737437408,0.323363893617972
EOAD,ROBO4,-0.0773325034253824,0.0108131502337837
EOAD,RTBDN,-0.057343716467627,0.0888476485892307
EOAD,RTN4RL1,-0.143313116973827,0.0004694307119553
EOAD,S100A6,-0.0688786341027929,0.502539987623064
EOAD,SAA1,-0.146331794147592,0.3476435755186
EOAD,SAA4,-0.0383361392370231,0.755309186269861
EOAD,SCGB1A1,-0.0422186226322387,0.667514320606976
EOAD,SCN3B,-0.104429194371905,0.0341346432121719
EOAD,SCN4B,-0.0361117249439203,0.300323418669585
EOAD,SCPEP1,0.0265407551101759,0.750058126089153
EOAD,SCUBE1,0.0665888703878618,0.148775629682687
EOAD,SELENOM,-0.0087835417410651,0.823177463295827
EOAD,SEMA3B,-0.0668951233155108,0.063011621969195
EOAD,SEMA3C,-0.0534390361624452,0.1156003982922
EOAD,SEMA3F,-0.0420610263811521,0.0968799057542433
EOAD,SEMA6B,-0.122673633660774,0.0006866167462371
EOAD,SERPINA10,-0.0808761103186544,0.159612363730673
EOAD,SERPINB1,-0.0041151754365254,0.888837224965207
EOAD,SERPINE2,0.146725786705916,5.27055044412758e-05
EOAD,SF3A1,-0.0996359539462774,0.0082551750181828
EOAD,SFRP1,0.0746172244163149,0.0245627474499478
EOAD,SFRP4,-0.0851370896590485,0.0892281815426897
EOAD,SGCE,-0.0143978024611229,0.488594881884351
EOAD,SH3BGRL,0.113277423050321,0.000100986407496
EOAD,SH3BGRL3,0.172595445851744,2.5488396181654e-08
EOAD,SHBG,-0.0876602220379351,0.365372448060804
EOAD,SIGLEC14,-0.0147022280845407,0.897697536117892
EOAD,SIL1,-0.0107142668514071,0.778688771897578
EOAD,SLC24A2,-0.0423287074179883,0.157924949493795
EOAD,SLC38A10,-0.0410868909790402,0.0498464847376943
EOAD,SLC39A12,-0.0747254465879442,0.31498073451487
EOAD,SLC3A2,-0.0234525340907052,0.153753851121937
EOAD,SLITRK5,-0.0585521178002993,0.116607356733725
EOAD,SLPI,-0.0021098786158029,0.97342634779396
EOAD,SMPD1,-0.0039512993633922,0.943384116963131
EOAD,SMPDL3A,-0.0442500000595903,0.331359120968387
EOAD,SMPDL3B,-0.0547997002431817,0.331359120968387
EOAD,SNCG,0.209252891770442,1.76546402390365e-08
EOAD,SNED1,-0.0035588409494181,0.903533319978466
EOAD,SORCS1,-0.131530556429068,0.0001147916341327
EOAD,SORL1,-0.0480326780836884,0.153753851121937
EOAD,SORT1,-0.0083653041410084,0.815372171216648
EOAD,SPINK5,-0.0208099401265999,0.787254527712483
EOAD,SPINT1,-0.0288842489911434,0.256150893137818
EOAD,SPON2,-0.0900403718988797,0.0005015643410519
EOAD,SRGN,-0.0598872933067634,0.126039648683495
EOAD,SSC5D,0.019428087261176,0.542721944029827
EOAD,SST,-0.227965620843837,5.26330735799401e-05
EOAD,ST3GAL6,-0.0603006953744979,0.369523311053028
EOAD,ST6GALNAC1,-0.0312968748415196,0.351493197042351
EOAD,ST8SIA3,-0.0630850066857635,0.0167649555552701
EOAD,ST8SIA5,-0.0511303664332544,0.253713572236035
EOAD,STMN3,-0.0241660258962033,0.45791810661475
EOAD,SYT1,0.0969785928879915,0.0006156482899887
EOAD,TAC1,-0.147959948604129,5.46696216940485e-06
EOAD,TAC3,-0.114352698238611,0.0599094332496909
EOAD,TAGLN3,0.180944249866423,5.65002759704346e-09
EOAD,TBCA,0.180518008964786,7.531992197382329e-12
EOAD,TCN2,-0.0038387236461558,0.941340352051577
EOAD,TFRC,-0.01931191969069,0.555265683874954
EOAD,THBS1,0.0825307443558531,0.0173663601660869
EOAD,THBS2,0.0249456968094399,0.4769021293685
EOAD,THBS4,0.0692989282488893,0.0057193455860623
EOAD,THSD4,0.0376535025463744,0.297268151969749
EOAD,TIE1,-0.0557491674740173,0.0554336521947406
EOAD,TMED4,0.0279480237378933,0.351356165708709
EOAD,TMEFF1,0.054551363054921,0.132039461027664
EOAD,TMEM132C,-0.037248750060646,0.20386056587913
EOAD,TMEM132D,-0.0602853854735155,0.216547787672862
EOAD,TMEM132E,-0.0452478438889232,0.165630564515751
EOAD,TMEM25,-0.037416533651068,0.408711727470271
EOAD,TMSB4X,0.260344401298358,3.06108815993822e-13
EOAD,TNC,0.0189522628760992,0.57981139891121
EOAD,TNFRSF12A,0.125875387194902,0.0005337359559634
EOAD,TPBG,-0.110834656298516,0.0019226914456218
EOAD,TPPP3,0.0904696738222109,0.0020263222467624
EOAD,TTR,-0.0064963522259039,0.911735265999843
EOAD,TXNDC17,0.04658058433138,0.101742616915448
EOAD,TYRO3,-0.0429254845879245,0.174770048121577
EOAD,UCHL1,0.454533470969588,1.67715397372191e-28
EOAD,UNC5A,-0.0624840004953929,0.275874424682151
EOAD,UNC5B,0.0067177336858729,0.848974801480008
EOAD,UNC5C,0.0216042310161958,0.285259951073588
EOAD,VAPA,0.0889804141130674,7.47711157280131e-07
EOAD,VASN,0.0882804648623252,8.43982221222662e-05
EOAD,VCAM1,0.0391850287539485,0.209290538561232
EOAD,VCL,0.0422627755240106,0.3343384950609
EOAD,VIM,0.0881651737233369,0.331405220693716
EOAD,VLDLR,-0.0525111592342851,0.114625356523109
EOAD,VWA1,-0.0389467752720563,0.0607875467446726
EOAD,VWC2,-0.0294759172899713,0.435273155084255
EOAD,VWF,-0.045001662658448,0.0982820450805513
EOAD,WBP2,0.033389186302394,0.372331478505444
EOAD,WDR1,0.138827949235608,0.0020338012106539
EOAD,WSCD1,-0.031273909062753,0.2939136644145
EOAD,XXYLT1,-0.0329474590957958,0.226090650536224
EOAD,XYLT1,-0.0432275084395195,0.147618754280404
EOAD,YWHAB,0.293513170400463,1.2862242942561099e-18
EOAD,YWHAE,0.386470007764997,3.2924499201983804e-35
EOAD,YWHAG,0.438317062605756,1.10280249844345e-29
EOAD,YWHAH,0.215114877458738,1.81695071147779e-08
LOAD,MT3,0.0551467767991201,0.064583484379969
LOAD,NFASC,-0.031629845328393,0.0452123621096023
LOAD,ALDOA,0.25130510622958,1.5233579354864401e-35
LOAD,LSAMP,0.0136453512354928,0.555530915790706
LOAD,PARK7,0.192693840433642,2.7908764057366297e-22
LOAD,YWHAZ,0.406751307095472,1.0109574003015499e-56
LOAD,CXCL16,0.0305981494067054,0.211213271317073
LOAD,SELENBP1,-0.113711160554578,9.90516714004218e-06
LOAD,PROCR,-0.0103313655302979,0.769304189188547
LOAD,NCAN,0.048365401914967,0.120360079446067
LOAD,NICOL1,-0.0007973659692995,0.981504581257748
LOAD,DPP7,-0.0624895822447155,0.146961223931576
LOAD,ICOSLG,-0.0132819071856956,0.681724032362184
LOAD,PAPLN,0.0105409105884902,0.747160680248342
LOAD,FOLR2,-0.0198505152184469,0.443786300992993
LOAD,GC,-0.158485323633683,0.0001481312279705
LOAD,HBA1,-0.251426975269384,0.151813310111782
LOAD,IGLV3-19,-0.0875936671210886,0.220641894075486
LOAD,FBLN5,-0.0130499824620464,0.442043205022986
LOAD,LAMP2,0.0057443825461637,0.87155716025409
LOAD,NUCB2,-0.0580338017701556,0.0232279242659397
LOAD,PDGFB,-0.0440222243811691,0.0164580959351128
LOAD,ITIH2,-0.128815987489891,0.0211367377258224
LOAD,CSF1R,0.0004580019637148,0.986021543037544
LOAD,PGLYRP2,-0.135827469071437,0.0028110238413587
LOAD,IGHM,-0.106847388733276,0.395346163896652
LOAD,LAMA2,-0.032194113781137,0.0146218696209472
LOAD,APLP2,0.0093392349067411,0.743213681272996
LOAD,AGA,0.0013794678603905,0.966969448075319
LOAD,CFI,-0.116296445474888,0.0029784058865725
LOAD,CD44,0.0277278574447039,0.212908881607334
LOAD,IGSF8,-0.000795055116403,0.967902802728077
LOAD,CNTNAP4,-0.0331296195927496,0.249152515492815
LOAD,C1QC,-0.001180827323062,0.964607502796482
LOAD,C1R,-0.0303874021042067,0.125444559169909
LOAD,CPN2,-0.117747673437438,0.0337827462492667
LOAD,AMBP,-0.134574771015274,0.0017470857878255
LOAD,C5,-0.0783339436947675,0.167313209369822
LOAD,HEXA,-0.0575442081140864,0.0148719325017062
LOAD,DBI,0.0393237707508461,0.0610563203970234
LOAD,C1QA,0.0129728220272007,0.602589060136232
LOAD,NRXN3,-0.0210843025751299,0.299813877229853
LOAD,IGHV3-30,-0.0901240536975164,0.12157019829247
LOAD,C6,-0.123412786332057,0.0172332390373076
LOAD,CLEC3B,0.0166996714087381,0.323865623201854
LOAD,SPARCL1,0.0185330890574557,0.549483907652431
LOAD,GAP43,0.286623366336186,6.61878650151199e-32
LOAD,MCAM,-0.0343942618568965,0.138323250409055
LOAD,SCG2,-0.0925435519208915,0.0001787792217539
LOAD,LMAN1,0.0237367578433142,0.213211488271274
LOAD,ADGRB2,-0.0298701689015092,0.313969175019459
LOAD,LTBP4,-0.0328241777128567,0.107617652687626
LOAD,IGHG3,-0.180478070909468,0.0113446780547921
LOAD,PON1,-0.108067472123746,0.118627769377223
LOAD,AXL,0.0047578618928834,0.80341806519453
LOAD,CADM1,-0.0313758891274825,0.0513812647128767
LOAD,APOD,-0.0361850714254943,0.279782651347227
LOAD,SPON1,0.147222975870132,7.5101964497886e-20
LOAD,MGAT1,0.0128821205115724,0.455238119615429
LOAD,SERPINF2,-0.141930931688863,0.0008540790050405
LOAD,CP,-0.113720645039466,0.0040032190443246
LOAD,PCSK1,-0.0883782180395451,0.0161965403378674
LOAD,CPB2,-0.115576559567951,0.00530083236329
LOAD,SPARC,-0.0596569606533196,0.0006714735924021
LOAD,LYVE1,-0.0679057007280567,0.0083692941684447
LOAD,IGKC,-0.0729919492804458,0.240865582454602
LOAD,IGHG4,-0.0991343522234361,0.327701973291731
LOAD,CNDP1,0.008295751157063,0.808161971648968
LOAD,EFNB2,-0.0025763973029024,0.903570947155235
LOAD,PRRT2,0.086477815355112,0.0003524182736377
LOAD,RNASET2,-0.0312415360720963,0.172784026119997
LOAD,PNOC,-0.09172443402927,0.0010263352056421
LOAD,PLTP,-0.0239070356161446,0.145648801315164
LOAD,ATRN,-0.0616136001034893,0.000476173722858
LOAD,LGALS1,0.0155100372116254,0.481709994919333
LOAD,OMG,-0.0047853837963613,0.872696167088197
LOAD,FAT2,-0.0522009004655252,0.111478590067016
LOAD,AHSG,-0.163753562157189,0.0003509089725297
LOAD,IGFBP6,-0.0761983025252498,0.0026687451442817
LOAD,CFHR2,-0.0821872231934946,0.174035876823757
LOAD,IGHV3-72,-0.0948214389377159,0.106408651445798
LOAD,NPPC,-0.0235043725719106,0.350220721855846
LOAD,CPE,0.0097439321621062,0.738493728505705
LOAD,HSPA8,0.123782664177492,3.0650904582759403e-09
LOAD,C4BPA,-0.135253163945873,0.1250424328739
LOAD,VTN,-0.135956348053274,0.0019616812460747
LOAD,SEMA6A,-0.0406946732917865,0.0467078589515958
LOAD,WFDC1,-0.0354626283487028,0.474946014627322
LOAD,NPTX1,-0.0435978657149788,0.178966118279294
LOAD,PTN,0.040502441608711,0.225128222974614
LOAD,DCN,-0.0397633607335011,0.230272120055255
LOAD,MEGF10,0.0175322170415058,0.377308134099833
LOAD,PSAP,0.0049614703670851,0.839738553902447
LOAD,GGH,-0.0453756593921142,0.0472658469158419
LOAD,F10,-0.0374665308301895,0.135212534587837
LOAD,KRT2,-0.0271021108199175,0.81764139392367
LOAD,GALNT2,-0.00711652705155,0.582660105501051
LOAD,NTNG1,-0.0521571597950478,0.025027409216791
LOAD,CD55,-0.0121545572186646,0.579220038952233
LOAD,CD99L2,0.0384755604265213,0.1158546488856
LOAD,IGHA1,-0.112148616066609,0.175613889684768
LOAD,ACYP2,0.119388388553891,3.83719027019061e-10
LOAD,EFEMP2,-0.0078331730777147,0.601614918787983
LOAD,CHI3L1,0.249797758445431,1.0708647763218101e-14
LOAD,FAM3C,0.0065757311678639,0.82016060122
LOAD,CRTAC1,0.0284018261657846,0.166823672642384
LOAD,IL6ST,-0.0037332481106009,0.870740188014147
LOAD,CTSH,-0.0047551081552303,0.919592949267151
LOAD,SEMA6D,-0.0187042362085715,0.299698119768696
LOAD,TIMP1,-0.0148375617559216,0.597438331217125
LOAD,IDS,0.0127671424528446,0.567910441789063
LOAD,SELL,-0.0373277355588894,0.272530640497041
LOAD,PROS1,-0.0933258775657225,4.71125122823435e-06
LOAD,CYCS,0.0676789830159273,0.0005098383887283
LOAD,ADAMTS4,-0.0146064279703213,0.453774430288091
LOAD,NELL2,-0.0104589542722083,0.752734852781301
LOAD,TAFA5,0.0208346968558573,0.350923225591892
LOAD,TNFRSF21,0.0076584445846904,0.789578171035356
LOAD,CTSB,0.0288608095086589,0.236821611569147
LOAD,LAMP1,0.0383677771204874,0.0488381672629869
LOAD,IGFBP7,-0.0564365559478526,0.0996311245747342
LOAD,COL3A1,-0.0809157749241629,0.0002267227848501
LOAD,KIT,-0.0386633208189558,0.110817848773558
LOAD,HSPG2,0.007178605009411,0.708750675187404
LOAD,IGFBP2,0.0010285171816848,0.96513308184875
LOAD,PRELP,-0.0067006408293999,0.819108844136381
LOAD,C1QB,0.0059615251378401,0.809863083894246
LOAD,GDA,0.337176762040583,7.99108591805621e-34
LOAD,NTM,-0.0008539072623159,0.972825033024343
LOAD,NECTIN1,0.017858795184101,0.419462696846448
LOAD,ALCAM,0.0092480049241675,0.55507610876915
LOAD,APOC3,-0.297971212890195,4.71832912758897e-09
LOAD,WFIKKN2,-0.0244914583473716,0.514000651037007
LOAD,TGFBI,-0.0330135293819025,0.0760422672638976
LOAD,DNER,0.0133768617245361,0.502220616017648
LOAD,CDH2,0.0182750960173965,0.319613423366575
LOAD,C1S,-0.0342303762514763,0.0370773637773592
LOAD,CHGB,-0.0819150361157608,0.0008211846344213
LOAD,ALDOC,0.119983614898267,1.2046448826714601e-10
LOAD,LYNX1,-0.0256552830334714,0.301435454545653
LOAD,ICAM5,0.0071149349366098,0.842727418709759
LOAD,HPX,-0.0975072673846508,0.0197268563663071
LOAD,LAMB1,-0.0444981739379693,0.0002520338903348
LOAD,MOG,0.0020118688384162,0.948496225605171
LOAD,STC2,-0.0467816555429211,0.0006064335306443
LOAD,CHGA,0.0199931996952856,0.676313039477489
LOAD,HYOU1,-0.012498164391844,0.360618658805253
LOAD,IGHG2,-0.0760670951691222,0.284397675366416
LOAD,ITIH5,-0.0176267234847697,0.453575882530407
LOAD,GPI,0.224768272253195,2.4420720167547997e-19
LOAD,APCS,-0.180542831525966,0.016408429273553
LOAD,MST1,-0.121503070725711,0.0357100491672694
LOAD,GPR158,-0.0303165133816879,0.250542243110138
LOAD,HP,0.0730106178281674,0.554710873913712
LOAD,COL18A1,-0.0207209722126751,0.26604588730611
LOAD,RTN4R,-0.0735957474566795,0.0011390335610173
LOAD,GRIA4,-0.0189743441173725,0.571894574201034
LOAD,MEGF8,-0.0086444624884163,0.760254108106252
LOAD,SERPIND1,-0.103149013277488,0.0006317204307297
LOAD,COCH,0.0067070702830089,0.841303510977985
LOAD,CBLN1,-0.0373636772872888,0.207077615999793
LOAD,CD59,-0.0056856027734142,0.796836470927467
LOAD,KRT10,7.7567437538173e-05,0.99930988156376
LOAD,ATP6AP1,0.0053263748931057,0.82016060122
LOAD,SERPINI1,0.0067722589123773,0.829692632202618
LOAD,TGFBR3,0.0224345427262006,0.0642084337349353
LOAD,PTPRG,-0.0337071227004843,0.062209150713857
LOAD,CLSTN2,0.0003402690217732,0.986387872829659
LOAD,ART3,0.0046064832113778,0.901243742342648
LOAD,KRT1,0.0283054017540275,0.837905105555216
LOAD,L1CAM,0.0532813533386226,0.0113446780547921
LOAD,NRXN2,-0.0369885276804494,0.0650445469953367
LOAD,B2M,0.0495654759021166,0.0110261191754566
LOAD,C3,-0.0534819461297263,0.130182061159486
LOAD,APLP1,0.0016680302581465,0.95655401701621
LOAD,LUM,-0.129267100584352,5.7217721481857e-06
LOAD,BCAN,0.0153847859419229,0.547088909285788
LOAD,CARTPT,-0.0096348572703045,0.789313317606411
LOAD,B3GNT2,-0.0272462716821773,0.0301732614787858
LOAD,NBL1,-0.0006370884690083,0.979939636350844
LOAD,PKM,0.271708875694447,8.045003777172479e-36
LOAD,RBP4,-0.155118839873787,3.24068969595396e-06
LOAD,LRG1,-0.11868183608777,0.0197268563663071
LOAD,SOD1,0.129904661957564,5.75521721377825e-15
LOAD,AGRN,0.0043103295205836,0.800633226627542
LOAD,SPOCK3,0.0007358682346089,0.970601070937023
LOAD,COL1A1,-0.0818718139243814,0.0004432419313918
LOAD,COL6A3,-0.0213125927138393,0.186167297636341
LOAD,DDR1,-0.0396177195438843,0.136531174938612
LOAD,PTPRD,0.0252088155408705,0.182378415379792
LOAD,GASK1B,-0.0265319571870644,0.141451678814726
LOAD,TPP1,-0.047871737472939,0.127219804186483
LOAD,VSTM2A,0.0795773762186062,0.0452429314533497
LOAD,CLIC4,0.0533647137761255,0.0262991854283895
LOAD,AEBP1,-0.0078903311734776,0.743405117341111
LOAD,FGA,-0.0896355939533314,0.154738785157632
LOAD,HBB,-0.258205432496391,0.176321585193771
LOAD,SCG5,-0.0025153929586609,0.934222670375673
LOAD,ZP2,-0.171990284488525,1.73928013827806e-05
LOAD,SLITRK1,0.0021857812845774,0.957323461466213
LOAD,CAMK2A,0.296923437076211,7.37331487520469e-17
LOAD,CTSL,-0.0338546263956372,0.0725742166691749
LOAD,KLK6,0.0185913239236573,0.307127613194762
LOAD,PCOLCE,-0.0462456423183999,0.001314507865128
LOAD,C16orf89,-0.0099756791533086,0.651128364093979
LOAD,NRCAM,0.0012618533677188,0.968047934999964
LOAD,PLXDC2,0.0855657411342325,0.000146688371853
LOAD,CACNA2D1,-0.0452337532664404,0.136778228561279
LOAD,TAGLN,0.0859539473126638,0.0442595290524745
LOAD,PRNP,0.0053633053652006,0.819985630763427
LOAD,C1RL,-0.10860987141123,0.0008077525109356
LOAD,SERPINA7,-0.0499338594375401,0.278220782369486
LOAD,C1QTNF3,-0.0788239784731412,0.0703769277422195
LOAD,CNTN2,-0.0025021209906477,0.932043196412669
LOAD,SERPINA1,-0.0697994806244566,0.152597783652988
LOAD,F5,-0.0324922235683396,0.343894860109291
LOAD,SLC5A5,-0.0726212838584044,0.1250424328739
LOAD,NCAM1,0.0240646565310389,0.241743018292624
LOAD,AJAP1,-0.0061257870555808,0.840781934676745
LOAD,PTPRS,0.002350158523858,0.884776598080448
LOAD,RARRES2,-0.0538417683585137,0.015891277588839
LOAD,LAMC1,-0.021111627091241,0.112087698173255
LOAD,APOA2,-0.159007188790206,0.0034408654102019
LOAD,A1BG,-0.0766618740386226,0.101619288372853
LOAD,MASP1,-0.061513680627807,0.0165865773573998
LOAD,OAF,-0.0642644463907407,0.0011846874448766
LOAD,DPP6,0.076384961166969,0.0001928842525774
LOAD,NID2,-0.0527869573020596,0.0025129562149094
LOAD,CPVL,-0.0208919392963783,0.569454775649029
LOAD,SERPINC1,-0.0955231653519159,0.025027409216791
LOAD,CHL1,0.0126592340210346,0.675204928760643
LOAD,CELSR2,0.031601578899664,0.202155626668767
LOAD,FGB,-0.0805129110218089,0.183268930844968
LOAD,BTD,-0.015768144512258,0.351775575345832
LOAD,PI16,-0.066549498004862,0.0315628905956067
LOAD,CPQ,-0.0532441704595728,0.0144723232636894
LOAD,GFRA2,-0.0197679162165678,0.62613916105972
LOAD,SHISA5,0.0765044087770446,2.31285952602342e-05
LOAD,PGK1,0.169254444679427,9.10590357126856e-16
LOAD,SPP1,0.166806330588345,2.41102409074949e-16
LOAD,VCAN,0.0318054759545321,0.0736941061946932
LOAD,ITM2B,-0.0265690502992471,0.443786300992993
LOAD,PCDH8,0.0793276592829206,0.0061030395670446
LOAD,ENO2,0.157520909889992,2.69987238808286e-18
LOAD,CTSA,-0.0975100733886238,0.0004850951172708
LOAD,SEZ6L,0.0170610722510039,0.575441330119259
LOAD,POMGNT1,0.0088640715059436,0.743188148055956
LOAD,CTSF,-0.0231043125376904,0.289104551579077
LOAD,AZGP1,-0.0973574966127055,0.015579538692089
LOAD,ECRG4,-0.0700336848074925,0.182668507348225
LOAD,SELENOP,-0.0498192073205003,0.0021455517272903
LOAD,SIAE,-0.0681358568983773,0.038427128406236
LOAD,GSN,-0.0259879784892494,0.116448870689395
LOAD,RNASE4,0.0136667077325276,0.521302258248921
LOAD,C2,-0.0717561984502418,0.0321131145847747
LOAD,RNASE1,0.0117876444621479,0.601248267376886
LOAD,CDH13,0.0248749983040107,0.432909279902871
LOAD,A2M,-0.048063714406312,0.0005089971450446
LOAD,PODXL2,-0.0277839082059983,0.19950208742361
LOAD,COL1A2,-0.0506387174775741,0.0227217802516086
LOAD,GOT1,0.213610001202386,4.21694067279808e-25
LOAD,SCG3,-0.0191615803512483,0.544444300535652
LOAD,PEBP1,0.126571646123705,3.9366574782392996e-17
LOAD,MAN1B1,-0.01941239117465,0.350984085289584
LOAD,RELN,-0.065443765634378,0.0403422766981912
LOAD,PPIC,0.0182831319920331,0.516173040392109
LOAD,CDH6,-0.0300718440474396,0.070576646639641
LOAD,SEZ6,0.0086789812656854,0.698601879276835
LOAD,GOLM1,0.0059714700390954,0.747851726669237
LOAD,APP,0.0189403747347817,0.504238889915464
LOAD,ACTB,0.0219594186061208,0.53575607396826
LOAD,LDHB,0.191286569145724,1.14409900953365e-26
LOAD,EFEMP1,0.0027946545026446,0.871029339974179
LOAD,PLD3,0.0686140647131126,0.0007767048541449
LOAD,C8B,-0.191767148910603,9.0998279185423e-05
LOAD,GPX3,-0.0318405216016342,0.0976866268540886
LOAD,CBLN3,-0.064514340538448,0.0908231146209164
LOAD,LTBP2,0.0246544301156497,0.411619058255091
LOAD,IGFBP5,0.0234273567433368,0.240202234606181
LOAD,OPCML,-0.0146520681988539,0.631000459077085
LOAD,FSTL1,-0.0198921833473275,0.395432770215997
LOAD,EPHA4,-0.0279101418055631,0.307127613194762
LOAD,IGLON5,-0.0293725448247869,0.111478590067016
LOAD,ROBO1,-0.0027105228772258,0.888046635431787
LOAD,CA1,-0.315503439623257,0.0350310920269558
LOAD,GAPDH,0.326677407765303,1.59485289713327e-14
LOAD,BASP1,0.244960143515132,6.12852173117502e-23
LOAD,THY1,-0.0499908163479501,0.0183675742245515
LOAD,LTBP1,0.0105205483920601,0.648215382033065
LOAD,HSPA5,0.0005443778564704,0.967902802728077
LOAD,TGOLN2,0.0596158820898197,0.0330566247383619
LOAD,PRRT3,-0.036440172846482,0.0868015797610905
LOAD,ANG,-0.0920381862434812,0.0031757155136636
LOAD,PLG,-0.136747228948472,0.0019616812460747
LOAD,BPNT2,-0.0125291598035301,0.605845180155192
LOAD,MAN1A1,-0.0438214701898879,0.0010223922943809
LOAD,ISLR,-0.0441744143619121,0.0017196584191967
LOAD,SERPINA6,-0.137814158290032,0.0010703001773934
LOAD,HRG,-0.165182119858179,0.0010263352056421
LOAD,F2,-0.0955529529911586,0.0235373015891959
LOAD,APOC1,-0.226355022392485,0.0002645051170177
LOAD,PAM,-0.0551222616592504,0.0152339047193061
LOAD,SIRPA,0.0240274420340034,0.51029076960944
LOAD,PFN1,0.0130390600446988,0.659586544815091
LOAD,SEMA4B,0.0052161921076665,0.76414860893662
LOAD,PTPRN2,-0.0702602603888661,0.0090415379515352
LOAD,SHISA6,-0.0195623367197427,0.386735332410409
LOAD,AGT,0.0010200867403255,0.957973611146355
LOAD,CLSTN1,0.0017614120222353,0.948496225605171
LOAD,QDPR,0.0565952880771374,0.0180343199035781
LOAD,FRZB,0.0545866359390938,0.0113688902871823
LOAD,CALM1,0.207315966545006,1.03181827421326e-28
LOAD,SEMA7A,-0.029376771738315,0.316605481784964
LOAD,IGF2,-0.0357303357034432,0.132126964657143
LOAD,MMRN2,-0.0299766389169346,0.0703769277422195
LOAD,FUCA2,-0.0262061049422571,0.706407719664751
LOAD,HTRA1,0.0403387092393031,0.0011402061906963
LOAD,TMEM132A,0.0476460235463317,0.0249878698909154
LOAD,LYZ,-0.0324913372504832,0.449360631572113
LOAD,KNG1,-0.151079574930392,0.0011151898273034
LOAD,MCFD2,-0.0036727848407116,0.8506821798231
LOAD,PPIA,0.133409450726394,8.27403118226734e-10
LOAD,CALB1,0.0138744900151435,0.598833888779541
LOAD,GPR37,0.0340246961832212,0.116448870689395
LOAD,SHISA7,-0.0101398739506145,0.756101463890829
LOAD,MAPT,0.580174266658966,2.53629012464374e-49
LOAD,ATP6AP2,0.133176076209029,4.921294577276211e-09
LOAD,C7,0.067013566483047,0.0310707443963848
LOAD,CANX,0.0111546160641757,0.53104134577529
LOAD,VGF,-0.145451525615678,5.0582452039983e-05
LOAD,ENPP2,-0.0480665424473107,0.107036355640362
LOAD,MGP,0.0156933589020414,0.719164084667012
LOAD,MRC1,0.0288995506586277,0.277748454280125
LOAD,SERPINA5,-0.118971906955103,0.0007923308946395
LOAD,IGKV4-1,-0.0935104074167109,0.11722881357824
LOAD,LDHA,0.316770683657563,2.14367172204897e-51
LOAD,PRCP,-0.0302537467214409,0.232261298458185
LOAD,FRRS1L,-0.0055015520121085,0.869439409756184
LOAD,F12,-0.173408569399808,0.0015506962794196
LOAD,TPI1,0.0728755974935019,0.0006568523307282
LOAD,FGG,-0.0580527725794556,0.369876502973317
LOAD,OGN,-0.0134846997228158,0.543979602177704
LOAD,LCAT,-0.0279798687916996,0.421310949955679
LOAD,LINGO1,-0.10014918415104,7.63990443276215e-05
LOAD,MEGF9,0.0082662316382949,0.685961123718905
LOAD,CSF1,0.0069430862146047,0.62613916105972
LOAD,SEMA3G,-0.0132833130369583,0.521302258248921
LOAD,DKK3,0.0143298033490999,0.454118360447243
LOAD,NCAM2,0.0515087304530758,0.0147359425053158
LOAD,NPTX2,-0.263269144829949,1.22027373472966e-15
LOAD,SPOCK1,0.0064660949007259,0.746926247476974
LOAD,TF,-0.0795992359919738,0.0003176055895214
LOAD,QSOX2,-0.0163200367831976,0.509116484376282
LOAD,PIK3IP1,-0.015401076602956,0.436193957591558
LOAD,SMOC1,0.440420526367037,8.425562863688051e-67
LOAD,LMAN2,0.0140319522698829,0.351775575345832
LOAD,CLSTN3,-0.0372757586564852,0.0357100491672694
LOAD,NEO1,0.0070348891573058,0.73811159023404
LOAD,IGFBP4,-0.0396329821347679,0.009888816594372
LOAD,PRKCSH,0.0110132027768704,0.520855822080269
LOAD,BCHE,-0.0201551028110216,0.408770844867158
LOAD,SPINT2,0.016918567287961,0.377308134099833
LOAD,TWSG1,-0.0379146659335656,0.001692716141162
LOAD,HEXB,-0.0409384876570023,0.0854904910069726
LOAD,SULF2,-0.0184815080806007,0.219153916118154
LOAD,FETUB,-0.0984004477041925,0.0527517123067862
LOAD,MMP2,-0.0562424628107568,0.0033060815733852
LOAD,MFGE8,0.0265363415515066,0.305076093480737
LOAD,SLC39A10,-0.0201528119699493,0.485051389828933
LOAD,KLKB1,-0.132712380835775,0.0061342154128781
LOAD,FGFR2,-0.0065504222483111,0.762345275637565
LOAD,PTPRZ1,0.0343841039722272,0.0403422766981912
LOAD,GNPTG,-0.0209066344413838,0.0976866268540886
LOAD,DYNLL2,0.151005042059884,3.6908589476468e-20
LOAD,SDF4,-0.0077177913370799,0.608155922133326
LOAD,PTPRN,-0.0520600482247145,0.114267105125846
LOAD,VSTM2B,-0.0388620679949162,0.132836225689683
LOAD,PRDX1,0.0557121428332486,0.0510091045451366
LOAD,APOA4,-0.252126321869916,5.71320622492388e-07
LOAD,FBLN1,-0.0194197144879388,0.25952064257015
LOAD,CADM3,0.0008599441224175,0.969007498163479
LOAD,SERPING1,-0.0331776407981862,0.1250424328739
LOAD,APOE,0.401626932694401,1.85906712305873e-07
LOAD,SOD2,0.179946628170295,9.6580508495293e-17
LOAD,PENK,-0.0721744195570251,0.0017065223072908
LOAD,CST3,0.0449220753705752,0.116448870689395
LOAD,CFD,-0.0509420114206561,0.116836460745191
LOAD,CADM4,0.0097617899818693,0.558108637664844
LOAD,FN1,0.0055735310294232,0.81392525033233
LOAD,COLEC12,0.0166019622714257,0.344518990694611
LOAD,CFH,-0.0462979626630649,0.0658462631973063
LOAD,CNTN1,-0.0060031677638254,0.744971746105193
LOAD,ORM1,-0.0707072082450743,0.234413521694602
LOAD,NPY,-0.188378628022396,3.5411499321046703e-09
LOAD,ECM2,-0.0181059213459052,0.442632533681834
LOAD,CD14,0.0053719153899656,0.849658064849534
LOAD,ENDOD1,0.0097092593718878,0.586454967896395
LOAD,APOA1,-0.155514146545937,0.0050094166827303
LOAD,OLFM1,-0.020596159260415,0.228043742906283
LOAD,FGFR1,-0.0349564415446313,0.0791600387802958
LOAD,HABP2,-0.11961033446653,0.009299779211976
LOAD,PTGDS,0.0425613230182151,0.0086532294204376
LOAD,GLDN,-0.0389581871824182,0.290912424194252
LOAD,GOLIM4,-0.001861737707405,0.928521118595007
LOAD,SOD3,-0.029870804371644,0.370774978266823
LOAD,SERPINF1,-0.0281482779281632,0.188664963909406
LOAD,C8A,-0.166210118128506,0.0002628656046255
LOAD,RNASE2,-0.0493594445305722,0.0557229940871477
LOAD,ITIH1,-0.153319123362278,0.005761749720825
LOAD,TIMP2,-0.0331543147306946,0.0993566621907675
LOAD,SORCS2,0.0825210312733603,0.0016231612018286
LOAD,ORM2,-0.145056427831792,0.0057709992317499
LOAD,CD163,0.0700188813932416,0.0021069451819966
LOAD,CADM2,0.0133370133646579,0.554710873913712
LOAD,SORCS3,-0.0346038540047822,0.0389739481588465
LOAD,TALDO1,0.0546755264224105,0.0403422766981912
LOAD,OMD,0.0009448140530343,0.970492754331662
LOAD,ENO1,0.198922094336275,1.60906662228357e-25
LOAD,NRXN1,-0.0171869230508569,0.521920726440047
LOAD,SERPINA3,0.0205580643996311,0.607774148725378
LOAD,FCGBP,-0.0925725750588078,0.145648801315164
LOAD,MAN2A2,-0.0023735864267931,0.934222670375673
LOAD,RNASE6,-0.0174348693468451,0.351775575345832
LOAD,MARCKS,0.0701652513631688,3.63589949501726e-08
LOAD,ST6GAL2,-0.0129657964681429,0.651554416500581
LOAD,NID1,-0.0093562333519143,0.578368992662238
LOAD,COTL1,0.0785278121223687,4.11120289736152e-05
LOAD,TXN,0.12034423524181,1.93570329497602e-07
LOAD,CUTA,0.0053621226875959,0.800633226627542
LOAD,NPTXR,-0.169488975951252,6.7214673325279804e-09
LOAD,MDH1,0.282494288594332,1.1893010687564e-35
LOAD,C8G,-0.200131920437137,5.29134348327489e-05
LOAD,PRG4,-0.0610032784777872,0.305076093480737
LOAD,ARMH4,-0.0307661270216173,0.290912424194252
LOAD,GOT2,0.121772926336988,2.3872592636061497e-13
LOAD,PPIB,-0.0252006643728442,0.203805106381156
LOAD,QSOX1,-0.0265156448524725,0.0398993455195145
LOAD,APOM,-0.199875212064995,0.0010983704468063
LOAD,FBLN2,-0.0120684552745173,0.568857422624906
LOAD,LY6H,-0.0574521087381882,0.0712308127060583
LOAD,WFDC2,-0.0274607682148653,0.152746075109178
LOAD,GPR37L1,0.0020011813660036,0.95655401701621
LOAD,TNXB,-0.0262573959148699,0.199443326193111
LOAD,APOH,-0.153940843598849,0.0005140498458305
LOAD,SERPINA4,-0.0839704908921182,0.0647245270012709
LOAD,NPC2,0.0395328261909225,0.0151200761326302
LOAD,ADGRB1,-0.0596972068134439,0.0404346381200999
LOAD,IGKV3-20,-0.0668746671039838,0.305234654864799
LOAD,ITIH4,-0.135715240929996,0.0056362337277374
LOAD,BGLAP,-0.0323074870264182,0.558108637664844
LOAD,RTN4RL2,-0.0557204642215142,0.0541012175026985
LOAD,DAG1,-0.0033096825761654,0.753626463560026
LOAD,CGREF1,-0.0051048901146339,0.878073283950427
LOAD,DIPK1C,-0.0318963283746364,0.272687502989527
LOAD,CFHR1,-0.117284364655072,0.0298234618283662
LOAD,CLU,-0.0329200271746628,0.0404346381200999
LOAD,FSTL4,-0.0656864890981079,0.0235373015891959
LOAD,NTRK2,-0.0280095702082085,0.203999183060993
LOAD,NXPH4,-0.0235565581579454,0.446902888960937
LOAD,ADAM22,-0.0186021037226774,0.425550707149261
LOAD,CCN3,0.0257625367021706,0.236821611569147
LOAD,CNTN4,0.0015185413582916,0.939339003806094
LOAD,SPOCK2,0.0707040909920592,0.0016231612018286
LOAD,KRT9,-0.0123418951655291,0.934930474604688
LOAD,TNR,-0.0070914688997421,0.747851726669237
LOAD,LRRC4B,0.0049950410055643,0.837674612050372
LOAD,CTSD,-0.0777953582719687,0.009888816594372
LOAD,CTSZ,-0.0453188263779659,0.0702060715594046
LOAD,CANT1,-0.0494662338076708,0.000427247103037
LOAD,PCSK1N,-0.0050980519459381,0.837674612050372
LOAD,GM2A,0.0236545787818008,0.239818824394181
LOAD,C9,-0.0931348081499049,0.0814900303197094
LOAD,CALR,0.0223678889170364,0.256648277123626
LOAD,COL6A1,-0.0205264119429579,0.377308134099833
LOAD,CAMK2B,0.115606914800996,3.38343328529135e-08
LOAD,SPINK6,-0.0497473944490492,0.247922857119285
LOAD,APOB,-0.0679560931167737,0.317255642263298
LOAD,AFM,-0.151830918281105,0.0021838398402875
LOAD,PTPRF,0.0317016537825716,0.0714338259688544
LOAD,LGALS3BP,-0.0069848268472029,0.730549381962095
LOAD,ECM1,-0.0626195034310491,0.0026364908980629
LOAD,SLITRK4,-0.0401063428595062,0.149230427948328
LOAD,PCSK2,-0.183287988989664,1.78992999111238e-11
LOAD,VSIG4,0.114230106530344,2.17510241623137e-06
LOAD,SUSD5,0.0091776699922064,0.710568065160273
LOAD,B4GAT1,-0.0171298776402562,0.331928445492218
LOAD,NEGR1,-0.0293051551681945,0.183268930844968
LOAD,PEBP4,-0.0033316903281433,0.939339003806094
LOAD,GMFB,0.155739468652514,3.6150077571110004e-25
LOAD,SCRG1,0.0383313794904345,0.0462340336703744
LOAD,NUCB1,-0.0338242256186697,0.0232279242659397
LOAD,A4GALT,-0.0748366328437193,0.0008044325413683
LOAD,ABCA2,0.0077477929154551,0.746926247476974
LOAD,ABHD14B,0.0254531532932818,0.543139969925539
LOAD,ABI3BP,-0.0536444002232704,0.0413649675806234
LOAD,ACE,-0.0260900506686658,0.19521116705379
LOAD,ACP2,-0.0668723427676382,0.0119433306752588
LOAD,ACYP1,0.0263914518001078,0.303896101679696
LOAD,ADA2,0.0283905602898517,0.358551400841829
LOAD,ADAM10,-0.0455531513670387,0.0101609933409726
LOAD,ADAM11,-0.0360185536151429,0.118227341181655
LOAD,ADAM15,-0.031152250628952,0.221073414296699
LOAD,ADAM23,0.0278935422123055,0.109406578210915
LOAD,ADAM28,-0.0035643654193254,0.943822426798574
LOAD,ADAM9,-0.0267279140881754,0.101322078838898
LOAD,ADAMTS8,-0.0033432836990525,0.916080145943811
LOAD,ADGRB3,-0.0463893110835401,0.0357100491672694
LOAD,ADGRL1,-0.0297432230702464,0.0357100491672694
LOAD,ADGRL3,-0.040962050354312,0.009299779211976
LOAD,ADM,-0.0220749697098672,0.254855193195826
LOAD,AHNAK,-0.064407276037171,0.0413649675806234
LOAD,AKR1B1,0.0955981649300324,1.16432082132582e-06
LOAD,ALB,-0.140926942063773,0.0009070202169853
LOAD,ALDH1A1,-0.100650854957026,0.0188938627242806
LOAD,ANGPTL7,-0.112698102502115,0.0273241356519181
LOAD,ANPEP,-0.0452355221836581,0.0599320854598385
LOAD,ANXA5,-0.0271142558266264,0.428093390195731
LOAD,AP2B1,0.106510272640422,7.034884616756629e-12
LOAD,APMAP,-0.137687799171537,0.0002645051170177
LOAD,APOC2,-0.264970114917297,1.44275704229478e-06
LOAD,APOF,-0.12037796516567,0.0182133869349841
LOAD,APOL1,-0.0950854013125492,0.154738785157632
LOAD,ASAH1,-0.0599888178329369,0.0399259391908638
LOAD,ASPH,-0.0186768362575733,0.174018788127499
LOAD,ATP1B1,0.048279914002717,5.44002210119536e-05
LOAD,ATP1B2,0.040438369523159,0.0599936933655307
LOAD,ATRNL1,0.0726599019021034,0.0236342291848286
LOAD,B3GALNT1,-0.0041466799196544,0.814549145524615
LOAD,B3GNT9,-0.0141199711103902,0.544742424638331
LOAD,B4GALT1,0.0137865942529484,0.444467192472373
LOAD,BCAM,0.0034196949864447,0.825993983117084
LOAD,BGN,-0.003832933600784,0.917769587186656
LOAD,BLMH,0.0726121712749954,6.01936730606106e-06
LOAD,BMP1,-0.0392460378245132,0.244172958870345
LOAD,BMP6,0.0544671328368148,0.0067337430871026
LOAD,BSG,0.0282798641038852,0.145984616114225
LOAD,BST1,-0.0526242744784895,0.0684131859742762
LOAD,C11orf87,-0.0165044550020683,0.682870469388571
LOAD,SPRING1,-0.0145956245333663,0.488395355523414
LOAD,C1QL3,0.0539792691651693,0.12969792610439
LOAD,C1QTNF4,-0.0232779188875301,0.127105598088334
LOAD,C1QTNF5,0.0056494282479674,0.84645636226897
LOAD,C4BPB,-0.160988597014566,0.0665730060837847
LOAD,CA10,-0.0096047838951211,0.76806077833335
LOAD,CA11,-0.0457705821446257,0.152746075109178
LOAD,CA2,-0.236628426219288,0.0760422672638976
LOAD,CA4,-0.0652028741637775,0.0089560751398626
LOAD,CACHD1,-0.0352955299280635,0.136531174938612
LOAD,CACNA2D2,-0.022683734662659,0.23092726758259
LOAD,CACNA2D3,0.0167534895177331,0.544914863617241
LOAD,CALY,0.04811507588158,0.13700778781128
LOAD,CAMK2D,0.131151444020581,1.16803289269526e-10
LOAD,GOLM2,0.0065244045488214,0.697778321239833
LOAD,CAT,-0.234822558295867,0.0262991854283895
LOAD,CBR1,0.0447324090256793,0.0315628905956067
LOAD,CCER2,-0.0406592090347789,0.154483166923305
LOAD,CCK,-0.0288598857205556,0.350984085289584
LOAD,CD109,0.0240500681377479,0.392373079215758
LOAD,CD200,-0.071377157777223,0.0030439793702773
LOAD,CD248,-0.0410776513638752,0.0102948612216226
LOAD,CD5L,-0.156203200258166,0.0235373015891959
LOAD,CD81,-0.143482013317948,0.000525924376071
LOAD,CD9,-0.0762278209148975,0.114267105125846
LOAD,CDH10,-0.0365618760952328,0.116448870689395
LOAD,CDH11,-0.0338413251882653,0.0107917603425905
LOAD,CDH15,-0.0418053339279338,0.154982357395309
LOAD,CDH18,-0.0700521596758558,0.0296807071195155
LOAD,CDH20,0.0148131326339324,0.53848949901733
LOAD,CDH22,-0.0930185884377253,0.0009875225399435
LOAD,CDH4,0.0056942642419072,0.826162240949234
LOAD,CDH5,-0.0676686453520454,0.0016686265332385
LOAD,CDH7,-0.0880734858693291,1.70338647621194e-07
LOAD,CDH8,-0.0694082013004806,0.0091317968631918
LOAD,CDH9,-0.0240655250190044,0.432909279902871
LOAD,CEL,-0.138669098422838,0.0089570464950155
LOAD,CEMIP,0.0150757085916075,0.372596744020046
LOAD,CFB,-0.134287883222457,0.0056589252832854
LOAD,CFHR3,-0.162636990130913,0.0119917191562479
LOAD,CFL1,0.129105871369383,4.04820297840764e-05
LOAD,CFP,-0.117391148568554,0.0212212458447014
LOAD,CHAD,-0.0650759828600987,0.0083692941684447
LOAD,CHI3L2,0.0294197970073397,0.485051389828933
LOAD,CHID1,-0.0649408747191601,0.0128616389019983
LOAD,CHIT1,0.567577273075315,3.3900812944305998e-12
LOAD,CHRD,-0.0382633914527764,0.0023226492019193
LOAD,CHRDL1,-0.0415638517276972,0.0320359606860046
LOAD,CHST10,-0.0330006147522622,0.0877551585721261
LOAD,CHST15,-0.0168355671643629,0.19848107972717
LOAD,CKB,0.131164200630889,2.15571778742404e-12
LOAD,CKMT1A,0.151578465045553,6.52416188933093e-06
LOAD,CLEC11A,-0.0535250712545843,0.0165865773573998
LOAD,CLMP,-0.0255478092541755,0.323865623201854
LOAD,CLN5,-0.0460470318375307,0.157480304561575
LOAD,CLUL1,-0.0777515573847076,0.0467130971594394
LOAD,CNPY3,0.0259019288212301,0.205984377343172
LOAD,CNTFR,-0.0330204676228787,0.0519151023747432
LOAD,CNTN3,0.0096223203117692,0.616042475036956
LOAD,CNTN6,-0.0266173910642305,0.11540531537598
LOAD,CNTNAP2,0.0453772728480794,0.104664491975425
LOAD,CNTNAP5,0.0086525359025431,0.687596350788908
LOAD,COL12A1,-0.0264327676424863,0.15842749750159
LOAD,COL14A1,-0.0648599946162272,0.0006339200629948
LOAD,COL15A1,-0.0365705329830704,0.127219804186483
LOAD,COL21A1,-0.0579570522496705,0.0385116940383918
LOAD,COL28A1,-0.122111730300422,0.0047677870884108
LOAD,COL4A1,-0.0211441798631505,0.327874252519464
LOAD,COL4A2,-0.0065597300026512,0.750717184702229
LOAD,COL5A1,-0.0913911499232754,4.339877298454e-05
LOAD,COL6A2,0.0370144757539129,0.133764953660606
LOAD,COMP,-0.0616562895574848,0.15842749750159
LOAD,CPD,0.0171536097920828,0.296899904782013
LOAD,CPN1,-0.126229588789307,0.0389739481588465
LOAD,CPXM2,-0.0095412868645129,0.743213681272996
LOAD,CRABP1,-0.047544794648346,0.320325118050473
LOAD,CREG1,-0.0705727046468485,0.0428130823857398
LOAD,CRELD1,3.42764955727493e-05,0.999241297095001
LOAD,CRISP3,-0.0815864722383725,0.107036355640362
LOAD,CRYM,0.331439572350241,6.49944313819377e-36
LOAD,CSPG4,0.0171780807996987,0.238293514965339
LOAD,CST6,-0.0202138604609359,0.542458964630244
LOAD,CSTB,0.111554393195443,0.0001548609631442
LOAD,CTBS,-0.0456975656925603,0.0147365399368909
LOAD,CCN2,0.0696025365955811,0.0062934555925605
LOAD,CTSC,-0.0710557101412406,0.0187816161380407
LOAD,CTSO,-0.0070458549247509,0.783530598099612
LOAD,CTSS,0.03788565681482,0.168021790186022
LOAD,CXADR,-0.025496204233675,0.262643390684508
LOAD,CXCL12,-0.0710935308449181,0.0272164376402301
LOAD,CYTL1,0.0192140084685719,0.689514039089233
LOAD,DBH,-0.142745423049756,0.0153679424549171
LOAD,DCC,-0.0538250517032472,0.0110299562240669
LOAD,DCD,-0.0675948831905367,0.319902373164116
LOAD,DDAH1,0.188047471072287,4.77189509245938e-29
LOAD,DDB1,0.0605925103030439,0.0006712849837964
LOAD,DIPK2B,-0.0603054471192491,0.025027409216791
LOAD,DLD,0.195988794564435,1.62061663920825e-23
LOAD,DMKN,-0.0498761918152567,0.331430151331281
LOAD,DNAJC3,0.0028030736423269,0.870740188014147
LOAD,DNASE2,-0.0351682303712066,0.260254581065576
LOAD,DPP10,0.0696897297703316,0.0010263352056421
LOAD,DPP3,0.0146865731617486,0.601248267376886
LOAD,DPYSL2,0.125427201341824,1.05941724370573e-07
LOAD,DSC1,-0.06528181439998,0.182668507348225
LOAD,DSC2,0.0099960787986589,0.589231800581328
LOAD,DSC3,-0.0182068076470395,0.559130336757189
LOAD,DSG2,-0.0587469526428647,0.0019951809275186
LOAD,EDN3,-0.047015386973047,0.0493496256609846
LOAD,EFCAB14,0.0255891164790242,0.225065154349159
LOAD,EFNA1,-0.0019746030051726,0.94820156207903
LOAD,EFNA3,-0.0720204366967358,0.0104243594286266
LOAD,EFNB1,-0.0164590490761806,0.205379936433494
LOAD,EGFR,-0.0031112648627276,0.894808926974481
LOAD,EMC10,-0.0439473219741815,0.0527517123067862
LOAD,EMILIN2,0.033441992357539,0.267903484657511
LOAD,ENPP4,0.0845044339482576,0.0048572377017278
LOAD,ENPP5,0.127396984229913,2.80747427799682e-07
LOAD,ENPP6,-0.0743957911275374,0.0010263352056421
LOAD,ENTPD6,-0.0667203367672583,0.0014604131135095
LOAD,EPDR1,-0.0141079053679389,0.721210432534061
LOAD,EPHA10,-0.0346922017050302,0.255037600504559
LOAD,EPHA5,-0.0716432217902748,0.0030553635504959
LOAD,EPHA7,-0.0312169414701886,0.036402131649629
LOAD,EPHB6,0.0578577282387925,0.0668941812095512
LOAD,ERAP1,-0.0121775622323679,0.747160680248342
LOAD,ERBB3,0.0183949066669191,0.4599547039681
LOAD,ERP44,-0.0358913054838057,0.0194494097492153
LOAD,ESAM,-0.0320450043536273,0.0714108810185691
LOAD,EXTL2,-0.0153179146702547,0.392373079215758
LOAD,EZR,0.0268456212960773,0.319613423366575
LOAD,F11,-0.120646408990002,0.0110299562240669
LOAD,F13A1,-0.0642284521814563,0.120999061631611
LOAD,F13B,-0.153505864346195,0.0003774235939033
LOAD,F7,-0.141094230189289,0.0022555961313906
LOAD,F9,-0.107106692356276,0.0133053259321421
LOAD,FABP3,0.408195530437734,6.15683159209536e-46
LOAD,FABP5,0.0826541934956937,0.0169917067157628
LOAD,FAIM2,0.0561559990978173,0.0314475767681704
LOAD,FAM171A1,0.0234179690023852,0.289104551579077
LOAD,FAM174A,0.024846111694001,0.409252725564684
LOAD,FAM20B,-0.0315737150693414,0.0450988146201041
LOAD,FAM20C,0.0160952124136485,0.236527793736315
LOAD,FBLN7,-0.021167417087326,0.471964677572163
LOAD,FBN1,-0.0474007908344748,0.008095830523121
LOAD,FCGR3A,0.0919880496883827,0.0011368056651073
LOAD,FCN3,-0.188199337188224,0.0031718855261958
LOAD,FGFR3,0.0344891198145979,0.0946396652161555
LOAD,FGL2,-0.0506971293928743,0.0135985141781815
LOAD,FKBP1A,0.212116275279535,2.37451054247103e-16
LOAD,FLNA,0.0224184521478189,0.544914863617241
LOAD,FMOD,-0.0439326853483946,0.181283233043464
LOAD,FOLR1,-0.135088936659611,0.0001397363701834
LOAD,FSCN1,0.0586536460331947,0.0083953295837657
LOAD,FSTL5,-0.0358005650948346,0.153293450246373
LOAD,FTH1,-0.0206093317754854,0.423798999161927
LOAD,FUCA1,0.0049718985425354,0.906204137951711
LOAD,FXYD6,-0.053301906207134,0.0348577891176065
LOAD,FZD1,-0.0092896818168131,0.762345275637565
LOAD,GAA,-0.048788175508927,0.0129570553258036
LOAD,GALC,-0.0370762539919817,0.444770372236517
LOAD,GALNS,-0.0132657707538666,0.662462423090494
LOAD,GALNT1,-0.0081010710649059,0.522007092400823
LOAD,GALNT10,-0.0163733748316502,0.175150154728231
LOAD,GALNT13,-0.0213364959903822,0.380878566380439
LOAD,GALNT15,-0.0236614293007271,0.499638423519268
LOAD,GALNT16,-0.0222175254769204,0.270545413490441
LOAD,GALNT17,-0.0460823708333781,0.0472658469158419
LOAD,GALNT18,-0.0467271173828548,0.0009005175190228
LOAD,GALNT6,-0.0306857708545226,0.372596744020046
LOAD,GALNT7,-0.0233373453632879,0.186167297636341
LOAD,GANAB,-0.0426455665203151,0.0304316273113219
LOAD,GAS6,-0.0181066172593766,0.12672958957218
LOAD,GBA1,-0.060524186486397,0.0186648770952205
LOAD,GDF11,-0.0099649741604335,0.621928965206214
LOAD,GDI1,0.188988087944411,4.61051252143614e-29
LOAD,GDI2,0.0026512963390523,0.943822426798574
LOAD,GFRA3,-0.0582088357632612,0.0321131145847747
LOAD,GGCT,0.178084374308396,2.5158390942506198e-22
LOAD,GGT7,0.0671166662314693,0.0011095551875111
LOAD,GLG1,-0.0050739719783601,0.750812137972337
LOAD,GLO1,0.161464696422299,1.35439676737069e-07
LOAD,GLOD4,0.127186808166188,1.30991653564448e-08
LOAD,GLRX,0.0597006051056906,0.0163954341296202
LOAD,GNAS,-0.0555363808809578,0.030057462340357
LOAD,GNS,-0.069311291048393,0.0133053259321421
LOAD,GPC1,0.0162720140190417,0.412349572377411
LOAD,GPLD1,-0.158115320122186,1.34141035509218e-05
LOAD,GPNMB,0.0648557788742233,0.0590527164226777
LOAD,GRB2,0.0242310747045219,0.0972075795871424
LOAD,GRIA2,-0.0114739279642019,0.700115225014429
LOAD,GRN,-0.0243466634668195,0.316738611545628
LOAD,GRP,-0.0687477939126886,0.15744649838038
LOAD,GSR,0.141909497309501,1.72462020005859e-15
LOAD,GSS,0.140908156234403,2.95605117082278e-14
LOAD,GSTO1,0.0501371112918148,0.243217012714904
LOAD,GSTP1,0.0138058456222543,0.559653963924099
LOAD,GYG1,-0.0072700947430744,0.872696167088197
LOAD,HAVCR2,0.002779482422572,0.910210977476246
LOAD,HEG1,0.0020893357944187,0.935557058335953
LOAD,HGFAC,-0.123976005405673,0.0079408803353306
LOAD,HK1,0.0808482009210965,2.21145815418163e-05
LOAD,HLA-A,0.0015990689403788,0.980592531666944
LOAD,HLA-C,0.166214854364441,0.112558644538396
LOAD,HLA-DRA,0.0424349793334241,0.443084945794636
LOAD,HLA-DRB1,0.0963447016103101,0.17121623403914
LOAD,HMCN1,-0.0613275502470409,0.0083692941684447
LOAD,HPR,-0.040498973052805,0.657810243554866
LOAD,HPRT1,0.220106260713625,7.289639903041791e-21
LOAD,HS6ST1,0.0327028954668664,0.0373213371599009
LOAD,HS6ST3,-0.0090130123320248,0.788837139817498
LOAD,HSP90B1,0.0249306599491526,0.352835301467191
LOAD,HSPA13,-0.0304292019669783,0.0360222339555272
LOAD,HSPA1A,0.0503825685444954,0.0452123621096023
LOAD,HSPE1,0.114959336419452,2.53532468414274e-07
LOAD,HYAL1,-0.0746136475254176,0.00072507210302
LOAD,ICAM1,-0.0047583186702502,0.879439131262365
LOAD,ICAM2,-0.0192020586801036,0.377308134099833
LOAD,IDH1,0.0325404671091911,0.0867290399862835
LOAD,IFNAR2,-0.018398767045538,0.485051389828933
LOAD,IGF2R,0.0286094124460715,0.0053729009552273
LOAD,IGFALS,-0.134490393619848,0.0067564221100385
LOAD,IGFBP3,0.0032926633024179,0.943822426798574
LOAD,IGHV1-69,-0.0525218726265557,0.449988680827805
LOAD,IGHV2-26,-0.128588448989892,0.0697992349494676
LOAD,IGHV2-70,0.0052672470973522,0.959428875635689
LOAD,IGHV2-70D,0.138229036372875,0.273244534032049
LOAD,IGHV3-49,-0.122295498196879,0.0620370278704545
LOAD,IGHV3-64D,-0.0556604693758046,0.406305669066344
LOAD,IGHV3-7,-0.102533718118658,0.105125895874995
LOAD,IGHV4-28,-0.0550066873396196,0.439979427920326
LOAD,IGHV4-34,-0.0979180249906401,0.133244580045985
LOAD,IGHV4-4,-0.205362709172615,0.0351755816913231
LOAD,IGHV5-10-1,-0.127107680285835,0.316605481784964
LOAD,IGHV5-51,-0.110181442140848,0.0578896492973874
LOAD,IGHV6-1,-0.0733805079399712,0.320187294899236
LOAD,IGKJ1,-0.0915436338032845,0.207377881986591
LOAD,IGKV1-6,-0.0978904310750263,0.156500280090359
LOAD,IGKV2-29,-0.0644689849345226,0.485051389828933
LOAD,IGKV2-30,-0.0493163741195992,0.446860583962218
LOAD,IGKV3-11,-0.0776797262523068,0.23930611238906
LOAD,IGKV3-15,-0.0592872805695984,0.380878566380439
LOAD,IGKV3D-15,-0.0207297895938293,0.829753031011056
LOAD,IGKV3D-20,-0.0253484809327406,0.762345275637565
LOAD,IGLC7,-0.0142924989347113,0.855583932379886
LOAD,IGLV1-51,-0.0040395274647082,0.957480571383611
LOAD,IGLV2-11,-0.0280898599536009,0.783530598099612
LOAD,IGLV2-18,0.0034066651335021,0.974847379967082
LOAD,IGLV2-23,-0.0669893610505294,0.521302258248921
LOAD,IGLV2-8,-0.0837384177083191,0.205803988629545
LOAD,IGLV3-27,-0.11961047996918,0.0943870866482903
LOAD,IGLV4-60,-0.221746255822488,0.0703769277422195
LOAD,IGLV6-57,-0.0515380313201944,0.445771509761941
LOAD,IGLV7-46,-0.15381840640634,0.0232279242659397
LOAD,IGLV8-61,-0.145609677735845,0.145648801315164
LOAD,IGLV9-49,-0.0317822125324793,0.757757001094546
LOAD,IGSF1,-0.0364507153216847,0.0778177061619538
LOAD,IGSF21,-0.033765857317081,0.0793889081771581
LOAD,IL18BP,0.073281571829416,0.0021069451819966
LOAD,IL1RAP,-0.0627012266549305,0.0838188484515265
LOAD,IMPA1,0.0671867775711751,0.0003316449678253
LOAD,ITGA7,-0.0148325180269872,0.744971746105193
LOAD,ITGAM,0.191194623362749,2.00470473795307e-10
LOAD,ITGBL1,-0.0239638196339846,0.454572263235266
LOAD,ITIH3,-0.0325803183144964,0.559647008307253
LOAD,ITM2A,-0.0433535422520882,0.0546454267869161
LOAD,JAG1,-0.0596222270043323,0.0003524182736377
LOAD,JAM2,-0.0332869784392661,0.0190783389983736
LOAD,JAM3,0.0393113692442872,0.0558370632499728
LOAD,JAML,0.0168572504557885,0.776082814948824
LOAD,JCHAIN,-0.128194038651619,0.18936558919079
LOAD,KIAA0319L,0.0272032273380338,0.117812421323395
LOAD,KIAA1549L,-0.0056187461152057,0.878982130882339
LOAD,KLK10,-0.0624311945590674,0.0836559185329335
LOAD,KLK11,-0.0421370633285884,0.279782651347227
LOAD,KRT5,0.0302564952427216,0.825993983117084
LOAD,LAMA4,0.0013167775216492,0.957973611146355
LOAD,LAMA5,-0.0179724550312748,0.569454775649029
LOAD,LAMB2,-0.0042983214822277,0.733120332388021
LOAD,LAMC3,-0.0342252015695695,0.17121623403914
LOAD,LAMP5,0.102529700877399,1.5328774943389e-08
LOAD,LBP,-0.11887259200283,0.0139198334029897
LOAD,LCN2,-0.0866622115075486,0.0286580845486031
LOAD,LCP1,-0.0420271966424569,0.155671240257967
LOAD,LDLR,-0.0649027200724892,0.0100730890459952
LOAD,LECT2,-0.177324549434536,0.0002542251950326
LOAD,LFNG,0.0177054597596924,0.313969175019459
LOAD,LGALS3,-0.057780208271694,0.0050303217184408
LOAD,LGI1,-0.0426177905512986,0.0576132645912697
LOAD,LGMN,-0.0841731229278322,0.0083692941684447
LOAD,LILRA2,0.127956964176683,0.0003856563198462
LOAD,LIPA,-0.0365833018794731,0.334198236713799
LOAD,LRP11,-0.0222826740668169,0.279339395999059
LOAD,LRP1B,-0.004658512117778,0.833518549594384
LOAD,LRP8,-0.064567702164926,0.0001301381144343
LOAD,LRRC4,-0.0143196200957571,0.514000651037007
LOAD,LRTM2,-0.0455047727958171,0.123302531508771
LOAD,LSR,-0.0343018248187137,0.0720591203416916
LOAD,LTF,-0.0223486686873759,0.73811159023404
LOAD,MAG,-0.0106007881423504,0.67445793316226
LOAD,MAN1A2,-0.0423905381996844,0.004609750907405
LOAD,MAN1C1,-0.0163612474373456,0.266330868520196
LOAD,MAN2A1,-0.0076837606581615,0.479194684207257
LOAD,MAN2B1,-0.0647510931979755,0.0067564221100385
LOAD,MAN2B2,-0.0805153323586142,0.007781234484106
LOAD,MANBA,-0.0186935653242543,0.295231453770142
LOAD,MANSC1,-0.0284679906080893,0.030506510426242
LOAD,MARCO,-0.035086150437721,0.415561187567355
LOAD,MATN2,-0.0399767368385857,0.0235373015891959
LOAD,MB,-0.158898493384804,0.110222623096035
LOAD,MDGA1,0.0035198139001628,0.913362839233496
LOAD,MDH2,0.0541303131185218,0.0013055745451151
LOAD,MDK,-0.0068837811418266,0.831012665130177
LOAD,MELTF,-0.0689151492242829,0.0003054302477535
LOAD,METRNL,-0.0473634229038223,0.0191262841043016
LOAD,MFAP4,-0.0031852426347271,0.880718813108024
LOAD,MGAT5,-0.0151195033495294,0.281596074565701
LOAD,MIA,-0.131984604672146,0.0022858031973875
LOAD,MIA3,0.0116959808030831,0.501352591787111
LOAD,MIF,0.271547522479101,2.0031218189820897e-34
LOAD,MINPP1,-0.0311844968718759,0.0030778981023955
LOAD,MLEC,0.0038214325435604,0.82128374320853
LOAD,MMP14,-0.0033227756027508,0.884776598080448
LOAD,MOXD1,-0.0865995511409835,0.0002276294525909
LOAD,MPZ,-0.0957636243496578,0.0477998528793374
LOAD,MRC2,-0.0663258828447617,1.4704629985148e-05
LOAD,MSLN,-0.0053285941779307,0.932043196412669
LOAD,MSN,0.0193109462552622,0.495600635502502
LOAD,MSTN,-0.0124845296800762,0.532275318820193
LOAD,MXRA7,-0.0234834426997026,0.372303163939672
LOAD,MYDGF,0.0241685088337669,0.298056943140863
LOAD,MYLK,0.0327540925528491,0.39563959129415
LOAD,MYOC,-0.0409796176675125,0.556403673810393
LOAD,NAGA,-0.0749687648448691,0.0012876408499507
LOAD,NAGLU,-0.0593495249464739,0.0725732321884797
LOAD,NAXE,0.0847727719058343,2.85932300936928e-07
LOAD,NCMAP,-0.123858579498641,0.0025848876234595
LOAD,NDRG2,0.0233196759955996,0.127105598088334
LOAD,NDRG4,-0.0088702218742935,0.699423873881757
LOAD,NDST1,-0.073127002314416,0.0017739432099367
LOAD,NECTIN2,0.0199346579724867,0.159105280339633
LOAD,NENF,0.0071771312456749,0.610366185070832
LOAD,NLGN1,-0.0349080755981664,0.0175614609073417
LOAD,NLGN2,-0.0162489436697184,0.395677269174881
LOAD,NLGN4X,0.0032408977258191,0.879121881714967
LOAD,NOTCH1,-0.0059480215781709,0.790536004759248
LOAD,NOTCH2,-0.0339165700010408,0.0218422387884155
LOAD,NOTCH3,-0.0541251657879142,0.0001723244931895
LOAD,NPDC1,-0.0161272236919502,0.52359118328491
LOAD,NPEPPS,0.104606430657921,2.7903530205834204e-17
LOAD,NRN1,-0.0243474166450338,0.305234654864799
LOAD,NRP1,-0.0200924413403244,0.130978930406668
LOAD,NRP2,-0.0312533866097046,0.0018055756282061
LOAD,NSF,0.0971152165727479,4.01632491882755e-08
LOAD,NSG1,0.0073152235289301,0.789313317606411
LOAD,NTRK3,0.0086682782871877,0.66781548359734
LOAD,NUTF2,0.0808793866336966,0.0006200630229667
LOAD,NXPH1,0.0248305611688165,0.33575416199314
LOAD,NXPH3,-0.049450577065952,0.1250424328739
LOAD,OLFM2,-0.0201869656688423,0.288685060714894
LOAD,OLFML3,0.0136245612991092,0.408770844867158
LOAD,OSMR,-0.017071602717274,0.366848023509593
LOAD,OXT,0.0080538674792103,0.808018663154891
LOAD,P4HB,-0.0144376355029827,0.239818824394181
LOAD,PAMR1,-0.0277500813995621,0.159105280339633
LOAD,PBXIP1,0.052656990263615,0.000856375698011
LOAD,PCDH1,-0.0222864709516584,0.313969175019459
LOAD,PCDH10,0.023082218332708,0.378991402248162
LOAD,PCDH17,-0.0413293728637951,0.0161965403378674
LOAD,PCDH7,0.0075490852150519,0.750194140318209
LOAD,PCDH9,0.0171029573605195,0.444467192472373
LOAD,PCDHAC2,0.0077058559924664,0.724847102730666
LOAD,PCDHGC3,-0.0061288254747418,0.730549381962095
LOAD,PCDHGC5,-0.0487745422765094,0.0814900303197094
LOAD,PCMT1,0.0174870772077947,0.560081558758974
LOAD,PCP4,0.0905480093272108,5.7217721481857e-06
LOAD,PCSK9,-0.0741693302738032,0.0004066415728638
LOAD,PCYOX1,-0.0810342690810091,0.0193144779073596
LOAD,PDGFRB,-0.0086783473865677,0.752888884136938
LOAD,PDIA3,-0.0106903546087916,0.302645654271378
LOAD,PDIA4,0.0205616130881446,0.154437476494791
LOAD,PDIA6,0.007546424102545,0.588284732414586
LOAD,PDYN,-0.12280941509318,3.24854680305003e-07
LOAD,PEA15,0.273248063828029,8.06238050349897e-48
LOAD,PGAM1,0.203150750084002,1.3505861892003e-28
LOAD,PGM1,0.005030815119692,0.85098157245271
LOAD,PGRMC1,-0.0335611028408109,0.018547915456338
LOAD,PIANP,-0.0170362131603233,0.630026582963534
LOAD,PIGR,0.125912076855675,0.0016709672951972
LOAD,PILRA,-0.0243976267903689,0.54385666722049
LOAD,PITHD1,0.114950659453639,3.16397422612549e-08
LOAD,PLA2G15,-0.0294949661926222,0.213659533228995
LOAD,PLBD2,-0.0380746505081579,0.272445669112876
LOAD,PLD4,-0.0746207167674483,0.035026845038999
LOAD,PLEKHB1,0.0044073586063519,0.883156080859154
LOAD,PLOD1,-0.0413949208124388,0.0351755816913231
LOAD,PLXDC1,-0.0187021946723398,0.340948543400105
LOAD,PLXNA1,-0.0563157304852916,0.0058914508473952
LOAD,PLXNB2,-0.0160209738932075,0.37847024779506
LOAD,PON3,-0.0646830971333152,0.236821611569147
LOAD,PPP5C,0.153540831089211,5.779866995669791e-20
LOAD,PRAP1,-0.159302128383476,4.89264573381713e-05
LOAD,PRDX2,-0.0512970964190672,0.54643291868437
LOAD,PRDX5,-0.0961021939145581,0.0446629294520844
LOAD,PRDX6,-0.0488045685980668,0.439893295464119
LOAD,PRKAR1A,0.110798812372383,5.28775807153732e-09
LOAD,PRL,-0.009528996395466,0.830526765441513
LOAD,PRND,-0.0182392149747732,0.731117963726177
LOAD,PROC,-0.036625741835603,0.124609182418744
LOAD,PROZ,-0.0947855651710151,0.136778228561279
LOAD,PRRG1,0.0060215929089186,0.929325136377237
LOAD,PRSS23,-0.0283292870721905,0.242442386264655
LOAD,PSAT1,0.0681001586155664,0.0001891835079065
LOAD,PTPRK,-0.031618896300537,0.0488961020016517
LOAD,PTPRM,-0.0286734753332259,0.130339807501643
LOAD,PTPRT,-0.0259330175307035,0.276287040987408
LOAD,PVALB,0.0441867467741936,0.130978930406668
LOAD,PVR,-0.0084981851073588,0.762345275637565
LOAD,PXDN,-0.0428815795027996,0.0939145764318319
LOAD,PZP,-0.0359908233398453,0.669386073939499
LOAD,QPCT,-0.042401825649286,0.0373213371599009
LOAD,RAD23B,0.144295119266123,1.37893787391021e-16
LOAD,RCN1,-0.0227130442852199,0.188514058876015
LOAD,RCN2,-0.0176278114282821,0.501184873515066
LOAD,RECK,-0.0378328879814974,0.0360467075831934
LOAD,RGMA,0.0310001278309049,0.215324899089925
LOAD,RGMB,-0.0486811786046687,0.0175614609073417
LOAD,RIDA,0.0552502948037081,0.0035781154740361
LOAD,RNF13,0.0534187711219383,0.0182133869349841
LOAD,ROBO2,-0.006609949832486,0.706523528123571
LOAD,ROBO4,-0.0457844624337473,0.0225290011832606
LOAD,RTBDN,-0.0480567365741906,0.0242813878982501
LOAD,RTN4RL1,-0.0431135903641315,0.183528425599025
LOAD,S100A6,-0.102084531750677,0.20157075382623
LOAD,SAA1,0.0214777098080902,0.888046635431787
LOAD,SAA4,-0.203503793063489,0.0007029216605179
LOAD,SCGB1A1,-0.0717643071728034,0.233208174661472
LOAD,SCN3B,-0.0571508283331745,0.0647534679741108
LOAD,SCN4B,-0.0038302337825335,0.906046428624548
LOAD,SCPEP1,-0.0386633810327233,0.317255642263298
LOAD,SCUBE1,0.0227162712116034,0.378991402248162
LOAD,SELENOM,-0.0316766155985551,0.166366259926124
LOAD,SEMA3B,-0.0531919509848082,0.0240280601515556
LOAD,SEMA3C,-0.040643490953148,0.106408651445798
LOAD,SEMA3F,-0.0145185614961224,0.411015320635531
LOAD,SEMA6B,-0.0652342897711822,0.0144753943251043
LOAD,SERPINA10,-0.10654359776054,0.0086167858068741
LOAD,SERPINB1,-0.0125671745526311,0.544914863617241
LOAD,SERPINE2,0.103131224439007,0.0006808738936028
LOAD,SF3A1,-0.0879087047555034,0.0019038997809948
LOAD,SFRP1,0.0908326525244239,0.0016709672951972
LOAD,SFRP4,-0.102632625588471,0.0007804469537803
LOAD,SGCE,-0.0156992004011226,0.275387582907518
LOAD,SH3BGRL,0.071620986673991,0.0005140498458305
LOAD,SH3BGRL3,0.11389741867459,5.857420487062391e-09
LOAD,SHBG,-0.0584245679522809,0.378663511300801
LOAD,SIGLEC14,-0.0173546175167594,0.858403700849678
LOAD,SIL1,-0.0279178455882921,0.232261298458185
LOAD,SLC24A2,0.0083511657855883,0.731817656260998
LOAD,SLC38A10,-0.0284301498792518,0.0499855917484082
LOAD,SLC39A12,-0.0827841858962964,0.0812543556147957
LOAD,SLC3A2,-0.0030198005916088,0.796211032709458
LOAD,SLITRK5,-0.0344601834253886,0.152746075109178
LOAD,SLPI,-0.0415106630237494,0.317255642263298
LOAD,SMPD1,-0.0249578451378754,0.381051895233722
LOAD,SMPDL3A,-0.0078360704191098,0.825993983117084
LOAD,SMPDL3B,-0.0258971736116218,0.524501950553979
LOAD,SNCG,0.186804052632817,1.4047648434581e-08
LOAD,SNED1,-0.0741021658927897,6.12814776018911e-05
LOAD,SORCS1,-0.0466704993146945,0.0760422672638976
LOAD,SORL1,-0.0134952892772936,0.60434891046829
LOAD,SORT1,0.0073042798181817,0.747143494004428
LOAD,SPINK5,-0.160193952615889,1.06339871695641e-05
LOAD,SPINT1,-0.0531987248975103,0.0038326622577578
LOAD,SPON2,-0.0913970701616459,5.68684443051701e-06
LOAD,SRGN,0.0148174333001403,0.652212716359637
LOAD,SSC5D,0.007114229716249,0.748475219770747
LOAD,SST,-0.183749089701619,2.53569785171663e-09
LOAD,ST3GAL6,-0.0884072370466401,0.0403422766981912
LOAD,ST6GALNAC1,-0.0055038973128667,0.837674612050372
LOAD,ST8SIA3,-0.0187402902904062,0.375068049733022
LOAD,ST8SIA5,-0.008293187574487,0.81392525033233
LOAD,STMN3,-0.0285044857225802,0.242424958926015
LOAD,SYT1,0.147642607637782,7.18492913485987e-15
LOAD,TAC1,-0.0836394919197364,0.0012461653311039
LOAD,TAC3,-0.0573148325851046,0.100792949120239
LOAD,TAGLN3,0.165017101524605,1.4239454580857198e-11
LOAD,TBCA,0.124889624849833,1.20386866862894e-09
LOAD,TCN2,-0.0499900300717721,0.120165684261288
LOAD,TFRC,-0.0309568740840942,0.153124824013035
LOAD,THBS1,0.0304866391848493,0.347165362088856
LOAD,THBS2,-0.0173448903677192,0.401368412867958
LOAD,THBS4,0.0361229550516307,0.0571256731319157
LOAD,THSD4,0.0469963860502014,0.0403204205285649
LOAD,TIE1,-0.0433067509523973,0.0338786211933842
LOAD,TMED4,-0.0026548135096232,0.906046428624548
LOAD,TMEFF1,0.0473029881996285,0.0519151023747432
LOAD,TMEM132C,0.0129343309959423,0.526503063175322
LOAD,TMEM132D,-0.0238234657513295,0.496672856871125
LOAD,TMEM132E,-0.0329144973184968,0.107646919833927
LOAD,TMEM25,0.0198611585870372,0.501099970284714
LOAD,TMSB4X,0.190072798854591,6.19110033458375e-22
LOAD,TNC,0.0476713021517404,0.0436995583868351
LOAD,TNFRSF12A,0.0754651032155779,0.0015506962794196
LOAD,TPBG,-0.0172984583683581,0.574319459390019
LOAD,TPPP3,0.0520928069516688,0.0211891571093249
LOAD,TTR,-0.0155516134317185,0.686460485466397
LOAD,TXNDC17,0.0248028490579245,0.213011141648498
LOAD,TYRO3,0.0184865554127553,0.406305669066344
LOAD,UCHL1,0.386921532633862,6.42098667385885e-31
LOAD,UNC5A,0.0127139439571319,0.675647421148094
LOAD,UNC5B,0.0027147644435515,0.922572914473221
LOAD,UNC5C,-0.0100111685474389,0.520855822080269
LOAD,VAPA,0.0829232508035108,2.5007126062745303e-09
LOAD,VASN,0.0807340220953457,2.37074733247822e-08
LOAD,VCAM1,0.0268247119095636,0.206123617229126
LOAD,VCL,0.0265241917812227,0.372855267153631
LOAD,VIM,-0.0026133741793528,0.974122573783568
LOAD,VLDLR,-0.0523470032793559,0.0045258822171506
LOAD,VWA1,-0.0155280617824723,0.394957275191025
LOAD,VWC2,-0.0209450816450518,0.404993558897784
LOAD,VWF,-0.040667749811818,0.0677496919539055
LOAD,WBP2,0.0550151398012297,0.0193144779073596
LOAD,WDR1,0.0669189301622252,0.0363798421130757
LOAD,WSCD1,-0.0259358247778454,0.266114570330161
LOAD,XXYLT1,-0.0234857145867145,0.220641894075486
LOAD,XYLT1,-0.0181179695027165,0.331928445492218
LOAD,YWHAB,0.18965544270216,5.94542484393224e-13
LOAD,YWHAE,0.312281809530015,1.55002736793279e-37
LOAD,YWHAG,0.37246176398443,8.29375032936862e-50
LOAD,YWHAH,0.132469093989155,3.47568452076962e-05
