group,name,log2FC,FDR
EOAD,MT3,-0.100134973693285,0.530327069982999
EOAD,NFASC,-0.0833446116412998,0.259373713612477
EOAD,ALDOA,0.147356012381099,0.145649954432762
EOAD,LSAMP,-0.0595105418957586,0.558629974625873
EOAD,PARK7,0.094431193625616,0.534481456074998
EOAD,YWHAZ,0.381263561480627,9.69519124412308e-05
EOAD,CXCL16,0.0512322084667073,0.435495032948746
EOAD,SELENBP1,-0.119023391446628,0.1885289188243
EOAD,PROCR,-0.0685811305959843,0.614858545593406
EOAD,NCAN,-0.0694181986566986,0.655425701676896
EOAD,NICOL1,-0.186384812965853,0.146929615248434
EOAD,DPP7,0.0535293646923585,0.796641784247403
EOAD,ICOSLG,-0.133160876234281,0.273424972784547
EOAD,PAPLN,0.0278275165940615,0.816982073655068
EOAD,FOLR2,-0.0334452575815538,0.792874232601788
EOAD,GC,0.0294281284594116,0.909241121249695
EOAD,HBA1,-0.353683509826141,0.755099579431769
EOAD,IGLV3-19,-0.0119576220607361,0.962388372899407
EOAD,FBLN5,0.0111307137893564,0.916591306060938
EOAD,LAMP2,-0.0677647664850745,0.474069019596649
EOAD,NUCB2,0.0302264535927094,0.84561898628221
EOAD,PDGFB,-0.12449570347282,0.0516153004604669
EOAD,ITIH2,-0.0072034265655325,0.980619109836124
EOAD,CSF1R,0.0043293195579331,0.971677779483227
EOAD,PGLYRP2,0.0542591251649149,0.810152738904297
EOAD,IGHM,0.0528929027411662,0.945501353491768
EOAD,LAMA2,0.0087832775489836,0.931342433654293
EOAD,APLP2,-0.0473743633306902,0.74398558258997
EOAD,AGA,-0.0236172399983881,0.874465875351009
EOAD,CFI,-0.0009847263463943,0.992992105866995
EOAD,CD44,0.0954966333595683,0.353172986417992
EOAD,IGSF8,-0.025216850897459,0.65846457324183
EOAD,CNTNAP4,-0.0149143673773591,0.937911973558781
EOAD,C1QC,0.0615887221760524,0.557056137192737
EOAD,C1R,0.0257122823878916,0.810152738904297
EOAD,CPN2,0.0157980394599627,0.956951670536362
EOAD,AMBP,0.0626235372231932,0.826313330303016
EOAD,C5,0.0602474315675938,0.832852463164906
EOAD,HEXA,0.0029248096221251,0.986437967023354
EOAD,DBI,0.0305931425820436,0.764667386600575
EOAD,C1QA,0.0759554651554509,0.361746173514116
EOAD,NRXN3,-0.0088064664958151,0.953138706354856
EOAD,IGHV3-30,0.0315711744087124,0.903498153486583
EOAD,C6,0.0967757331764027,0.637056304614803
EOAD,CLEC3B,-0.0138990871715251,0.869496295859452
EOAD,SPARCL1,-0.0938586527136095,0.347534631516236
EOAD,GAP43,0.146275445329067,0.301045282781758
EOAD,MCAM,-0.0316155586751306,0.856623216896827
EOAD,SCG2,-0.185207719163163,0.163445996387337
EOAD,LMAN1,0.0091530193203139,0.935062676746163
EOAD,ADGRB2,-0.167229548605193,0.151306663256456
EOAD,LTBP4,-0.0010695564215159,0.98875809471073
EOAD,IGHG3,0.200632457677278,0.582206857440196
EOAD,PON1,-0.0915016441947626,0.792874232601788
EOAD,AXL,0.0591564786750881,0.3936679116339
EOAD,CADM1,-0.0058108681691364,0.962295276245956
EOAD,APOD,0.0519703119695626,0.704628240983191
EOAD,SPON1,0.0962133757095494,0.119698018292115
EOAD,MGAT1,0.0154237576984028,0.919518303798976
EOAD,SERPINF2,0.0118078908122618,0.962295276245956
EOAD,CP,0.0398916629167517,0.840655653360893
EOAD,PCSK1,-0.285740290816073,0.0360715116509913
EOAD,CPB2,0.0650165379962247,0.807841091495909
EOAD,SPARC,0.0565997019891873,0.372577730187277
EOAD,LYVE1,-0.169103443440876,0.0719111709438932
EOAD,IGKC,0.0314670270005265,0.903498153486583
EOAD,IGHG4,-0.381688383323542,0.195534129977253
EOAD,CNDP1,-0.0353444786931691,0.85579716170121
EOAD,EFNB2,-0.0578670229172694,0.522043131110112
EOAD,PRRT2,-0.0399747386271664,0.810152738904297
EOAD,RNASET2,0.102209752573922,0.119698018292115
EOAD,PNOC,-0.18392611029984,0.0539157539907368
EOAD,PLTP,0.0737531310404421,0.571436089047302
EOAD,ATRN,-0.0460442458017722,0.540725996085678
EOAD,LGALS1,0.0615295571520308,0.362008206666693
EOAD,OMG,-0.067352509207801,0.50487551290451
EOAD,FAT2,-0.0105326410078041,0.962295276245956
EOAD,AHSG,-0.102678442452347,0.589576013139084
EOAD,IGFBP6,0.0534730718140138,0.826529969266933
EOAD,CFHR2,0.173909461797713,0.423098887323491
EOAD,IGHV3-72,-0.0077810502702384,0.985766928710388
EOAD,NPPC,-0.0282913738011996,0.869496295859452
EOAD,CPE,0.124930378916713,0.106117129757895
EOAD,HSPA8,0.0871496734935657,0.478710868351166
EOAD,C4BPA,-0.0552508166652719,0.903498153486583
EOAD,VTN,0.0003172903869234,0.997411676584208
EOAD,SEMA6A,-0.0018821773483307,0.986437967023354
EOAD,WFDC1,-0.179027453811325,0.163445996387337
EOAD,NPTX1,-0.11652075053731,0.478710868351166
EOAD,PTN,0.125230671678081,0.119698018292115
EOAD,DCN,0.0533241092718846,0.810152738904297
EOAD,MEGF10,-0.0467695334564837,0.664301135230899
EOAD,PSAP,-0.0280353726916442,0.874260091066101
EOAD,GGH,-0.0174437293227164,0.860397936476489
EOAD,F10,0.0288995107399385,0.860397936476489
EOAD,KRT2,-0.0759709890014605,0.869601052991737
EOAD,GALNT2,-0.0005189105270249,0.990353961458667
EOAD,NTNG1,-0.123301877508958,0.235102275267595
EOAD,CD55,-0.0899902816373328,0.360925367295982
EOAD,CD99L2,-0.0933596655583845,0.344310068012265
EOAD,IGHA1,0.194819870271977,0.423098887323491
EOAD,ACYP2,0.0018315049412291,0.98875809471073
EOAD,EFEMP2,0.0093897339939802,0.939441152807546
EOAD,CHI3L1,0.24100715351665,0.0647255662963856
EOAD,FAM3C,-0.0745578934785338,0.673849065681049
EOAD,CRTAC1,-0.0913755017155843,0.152087504033186
EOAD,IL6ST,-0.0144300009746752,0.913956114640467
EOAD,CTSH,0.0477691654079358,0.887210850984517
EOAD,SEMA6D,-0.0538638989711244,0.457012790390723
EOAD,TIMP1,0.024470124490134,0.816571672329958
EOAD,IDS,0.0057798989062447,0.950738586780477
EOAD,SELL,0.0356718831433722,0.874260091066101
EOAD,PROS1,0.0411993614913548,0.663054715917896
EOAD,CYCS,0.0387738361512464,0.856623216896827
EOAD,ADAMTS4,-0.0085469261058203,0.937911973558781
EOAD,NELL2,-0.171075047394695,0.119698018292115
EOAD,TAFA5,-0.0454077512230839,0.777065947444536
EOAD,TNFRSF21,-0.118697021322152,0.133809309735518
EOAD,CTSB,0.012510074356356,0.927990474263451
EOAD,LAMP1,0.0081869510108423,0.960891652630716
EOAD,IGFBP7,0.0689312710678309,0.682887593691529
EOAD,COL3A1,-0.0146755802904351,0.886017107917283
EOAD,KIT,0.0433241076490559,0.815693257456945
EOAD,HSPG2,0.0156797283570727,0.892139412028936
EOAD,IGFBP2,-0.0087628894043943,0.952472859440904
EOAD,PRELP,0.0932508779204784,0.491463244514958
EOAD,C1QB,0.0398546415657685,0.709950850432188
EOAD,GDA,0.132039649674416,0.432885169610442
EOAD,NTM,-0.0318688572036853,0.847896652757284
EOAD,NECTIN1,-0.0714908271059907,0.21910902278805
EOAD,ALCAM,-0.0574546988387937,0.372577730187277
EOAD,APOC3,0.0011937969580671,0.996055463390651
EOAD,WFIKKN2,-0.0144586311611317,0.950738586780477
EOAD,TGFBI,0.0065294134309988,0.961421451947251
EOAD,DNER,-0.0488273987184955,0.603755859177648
EOAD,CDH2,-0.0402160607096171,0.75696531500427
EOAD,C1S,0.0280400149134632,0.767355284743501
EOAD,CHGB,-0.133081047857217,0.318679435582102
EOAD,ALDOC,0.0733464299862343,0.431802724215699
EOAD,LYNX1,-0.133282396306744,0.0269486703609802
EOAD,ICAM5,-0.0973873208338318,0.532475086526863
EOAD,HPX,0.0597581325319773,0.815306670907674
EOAD,LAMB1,-0.0341947405392599,0.605618988269304
EOAD,MOG,-0.0863419824257614,0.614858545593406
EOAD,STC2,-0.0269992673381493,0.772958708093611
EOAD,CHGA,-0.240764636267156,0.102133197535416
EOAD,HYOU1,-0.0208543624801901,0.837010134962638
EOAD,IGHG2,0.0974116304546245,0.753251227520894
EOAD,ITIH5,0.0177581568807813,0.686023558120614
EOAD,GPI,0.238128932227225,0.0061378509461827
EOAD,APCS,-0.133627793821267,0.728232450220274
EOAD,MST1,0.110823592712935,0.676797722259633
EOAD,GPR158,-0.0741052316192875,0.672785181603477
EOAD,HP,0.0914130172395955,0.844223419725829
EOAD,COL18A1,0.0179264692637815,0.860408351915256
EOAD,RTN4R,-0.0612658562519903,0.501920165956059
EOAD,GRIA4,0.0139245978804232,0.956947974723089
EOAD,MEGF8,-0.0336310681020985,0.807208224701585
EOAD,SERPIND1,-0.0393038730813249,0.787841246930905
EOAD,COCH,0.0087277361719393,0.962388372899407
EOAD,CBLN1,-0.028705419253576,0.899902514342173
EOAD,CD59,-0.0363459515638546,0.731482330790526
EOAD,KRT10,-0.034403696114191,0.945501353491768
EOAD,ATP6AP1,-0.0038586144154592,0.984886647659388
EOAD,SERPINI1,-0.0690219398869225,0.537403979787693
EOAD,TGFBR3,0.0246042447643391,0.693014589525319
EOAD,PTPRG,-0.0705484506352166,0.38336832397744
EOAD,CLSTN2,-0.0127557648997252,0.874260091066101
EOAD,ART3,0.0367496967929143,0.540725996085678
EOAD,KRT1,-0.104631369083169,0.841930606572199
EOAD,L1CAM,-0.0173396815231306,0.913956114640467
EOAD,NRXN2,-0.0682697291766416,0.571436089047302
EOAD,B2M,0.102918750955331,0.244506731440654
EOAD,C3,-0.0027023695530689,0.98875809471073
EOAD,APLP1,-0.112236754230936,0.254417362765949
EOAD,LUM,-0.0691174766160125,0.55037604622981
EOAD,BCAN,-0.0388284437124571,0.616302230204612
EOAD,CARTPT,-0.0923382682981879,0.471133265318516
EOAD,B3GNT2,-0.0488407045276755,0.188541949094696
EOAD,NBL1,-0.0999727396853818,0.22945346528818
EOAD,PKM,0.150963947844786,0.202428128963473
EOAD,RBP4,0.0022156878365113,0.98875809471073
EOAD,LRG1,0.26155007616412,0.207369960806259
EOAD,SOD1,-0.0317858778754951,0.844223419725829
EOAD,AGRN,-0.104478892416727,0.0332022096237741
EOAD,SPOCK3,-0.005766429665835,0.950738586780477
EOAD,COL1A1,-0.012387379296046,0.93378569784525
EOAD,COL6A3,-0.0142011917641977,0.886017107917283
EOAD,DDR1,-0.0513424812883958,0.45468269328023
EOAD,PTPRD,-0.0944249436871331,0.118335498403106
EOAD,GASK1B,-0.0890506233370587,0.355682558327977
EOAD,TPP1,0.0610578335888726,0.561561500007124
EOAD,VSTM2A,-0.160447500376551,0.361465759401385
EOAD,CLIC4,0.0437473446343456,0.658294777293181
EOAD,AEBP1,0.0514817826016259,0.582206857440196
EOAD,FGA,0.084723426751666,0.818120868974151
EOAD,HBB,-0.380402592193167,0.749455449334165
EOAD,SCG5,-0.086214619765692,0.423559094857182
EOAD,ZP2,-0.0478502845954877,0.869496295859452
EOAD,SLITRK1,-0.21940806118859,0.129747122082462
EOAD,CAMK2A,0.0427718606515354,0.874260091066101
EOAD,CTSL,0.0292661923445008,0.686023558120614
EOAD,KLK6,-0.0139060828658731,0.911077114170559
EOAD,PCOLCE,0.0142078466140078,0.895240948110283
EOAD,C16orf89,0.0244372394261267,0.81016338134132
EOAD,NRCAM,-0.122923278221473,0.310557758399918
EOAD,PLXDC2,-0.0273992768138318,0.889879428719869
EOAD,CACNA2D1,-0.185966658730135,0.141402002285184
EOAD,TAGLN,0.076163043310544,0.692927860226093
EOAD,PRNP,-0.0438472411959522,0.807841091495909
EOAD,C1RL,0.0279336808806253,0.85579716170121
EOAD,SERPINA7,0.0260933266328966,0.914611029272844
EOAD,C1QTNF3,0.0450786672784349,0.892139412028936
EOAD,CNTN2,-0.0395265748875501,0.755829928636136
EOAD,SERPINA1,0.102617822728844,0.547845869611087
EOAD,F5,0.0580793183780715,0.734870438740173
EOAD,SLC5A5,0.132869383426124,0.566959782000707
EOAD,NCAM1,-0.070019018486571,0.304072766424668
EOAD,AJAP1,-0.0784637610237674,0.634526508506334
EOAD,PTPRS,-0.0683807849940937,0.204721892840001
EOAD,RARRES2,0.0719102064232478,0.665289438576188
EOAD,LAMC1,-0.0111143791066097,0.887210850984517
EOAD,APOA2,0.0291737850889439,0.951716356847535
EOAD,A1BG,0.0788266975254429,0.755099579431769
EOAD,MASP1,0.0091276827451455,0.953138706354856
EOAD,OAF,-0.0388869734593713,0.695363257548687
EOAD,DPP6,0.0037933364003249,0.971677779483227
EOAD,NID2,-0.0048308530653483,0.962295276245956
EOAD,CPVL,0.0395239585870697,0.826468906343065
EOAD,SERPINC1,0.09359490061934,0.612310294034692
EOAD,CHL1,-0.117881205103095,0.348547779966164
EOAD,CELSR2,-0.138451469203226,0.344310068012265
EOAD,FGB,0.107608245835281,0.733058446674791
EOAD,BTD,-0.0617867833979742,0.387417217433588
EOAD,PI16,0.0210706739040619,0.919518303798976
EOAD,CPQ,-0.0032125027600736,0.981330494488705
EOAD,GFRA2,-0.162502438230707,0.118335498403106
EOAD,SHISA5,-0.0101937867374644,0.944398151566469
EOAD,PGK1,0.153104508683589,0.0072968866178875
EOAD,SPP1,0.111780789689488,0.235379340085277
EOAD,VCAN,-0.0053851506338174,0.958042182763171
EOAD,ITM2B,0.0511214164766984,0.483684495282435
EOAD,PCDH8,-0.112746275961062,0.185724449319703
EOAD,ENO2,0.159739006330304,0.102133197535416
EOAD,CTSA,0.0206760043182074,0.869496295859452
EOAD,SEZ6L,-0.117318979276579,0.397723822993941
EOAD,POMGNT1,-0.0407870330861536,0.663054715917896
EOAD,CTSF,0.0024512239445091,0.971677779483227
EOAD,AZGP1,0.020607683330317,0.939062217609893
EOAD,ECRG4,0.160959330961369,0.444176729623425
EOAD,SELENOP,0.0588717405772711,0.553349008208824
EOAD,SIAE,0.003099211183257,0.986437967023354
EOAD,GSN,0.0300709339413872,0.75671983673838
EOAD,RNASE4,0.0537277902175382,0.574084572806027
EOAD,C2,0.0151073630399442,0.948934440569319
EOAD,RNASE1,0.0160123814888722,0.895715022283225
EOAD,CDH13,-0.135660492918394,0.374536251439665
EOAD,A2M,-0.0270676520153404,0.703026346441907
EOAD,PODXL2,-0.0315237348581796,0.795616603168889
EOAD,COL1A2,0.0165923698156362,0.903498153486583
EOAD,GOT1,0.059253187635847,0.733058446674791
EOAD,SCG3,-0.146032367217195,0.301045282781758
EOAD,PEBP1,0.104496329897817,0.198775908272213
EOAD,MAN1B1,0.0226675780568441,0.734870438740173
EOAD,RELN,-0.0479011548875345,0.745417742763583
EOAD,PPIC,0.122972051098051,0.118335498403106
EOAD,CDH6,-0.097331264912374,0.0357959900471357
EOAD,SEZ6,0.0151033946884142,0.934477758990474
EOAD,GOLM1,-0.0247466752432384,0.75437608759639
EOAD,APP,-0.0266002394343021,0.892139412028936
EOAD,ACTB,0.107846904511541,0.301045282781758
EOAD,LDHB,0.0460072748396855,0.621236578612534
EOAD,EFEMP1,0.0274575527707813,0.691559647170065
EOAD,PLD3,0.0445262825886633,0.760259000579208
EOAD,C8B,0.0678888247699561,0.760382992712622
EOAD,GPX3,-0.0280397381090112,0.769238088876775
EOAD,CBLN3,-0.0269754066429941,0.899902514342173
EOAD,LTBP2,0.0414638101557608,0.75818497356157
EOAD,IGFBP5,0.0103062671188863,0.950738586780477
EOAD,OPCML,-0.122955105162451,0.259425800703464
EOAD,FSTL1,-0.0098892303316276,0.950738586780477
EOAD,EPHA4,-0.105152844028364,0.37586251687745
EOAD,IGLON5,-0.0484329041888071,0.423831247120929
EOAD,ROBO1,-0.0487380907389945,0.453316096460339
EOAD,CA1,-0.310640121089869,0.653277584230824
EOAD,GAPDH,0.105047162128358,0.693469640362682
EOAD,BASP1,0.0777375640710701,0.594451260479745
EOAD,THY1,-0.231664571502832,0.118335498403106
EOAD,LTBP1,0.0051417239994506,0.962388372899407
EOAD,HSPA5,-0.0063280896285407,0.943182763244111
EOAD,TGOLN2,-0.0356755881210183,0.785199523008921
EOAD,PRRT3,-0.12937951407939,0.163251413544451
EOAD,ANG,0.103670011058938,0.483684495282435
EOAD,PLG,0.0204605955498532,0.950738586780477
EOAD,BPNT2,-0.0437528933481761,0.736933222468031
EOAD,MAN1A1,-0.0400320559401635,0.530327069982999
EOAD,ISLR,-0.0523884816906637,0.120335063089976
EOAD,SERPINA6,-0.0025801852602375,0.98875809471073
EOAD,HRG,-0.0160823233263762,0.956951670536362
EOAD,F2,0.0247207691230425,0.931189393295502
EOAD,APOC1,-0.0604793692850497,0.901956584847963
EOAD,PAM,-0.152285253639561,0.118335498403106
EOAD,SIRPA,-0.0317166102402112,0.906921217093772
EOAD,PFN1,0.134600012923524,0.146929615248434
EOAD,SEMA4B,0.0091073469834567,0.913956114640467
EOAD,PTPRN2,-0.19951690879117,0.0191399143933106
EOAD,SHISA6,-0.0016836753605858,0.98875809471073
EOAD,AGT,0.0071289494556789,0.961597611131642
EOAD,CLSTN1,-0.0323658873689076,0.833568357909508
EOAD,QDPR,0.0340002064060147,0.815306670907674
EOAD,FRZB,0.111704462485349,0.384766307814147
EOAD,CALM1,0.126219857450592,0.235102275267595
EOAD,SEMA7A,-0.0509911674892383,0.696481208972954
EOAD,IGF2,-0.0061959029910504,0.971677779483227
EOAD,MMRN2,-0.140452716702627,0.029057934737916
EOAD,FUCA2,0.0893387830667568,0.810152738904297
EOAD,HTRA1,0.0603258374739183,0.355682558327977
EOAD,TMEM132A,-0.0351395187879719,0.810152738904297
EOAD,LYZ,0.139319698222426,0.489545239876069
EOAD,KNG1,0.0477742554806061,0.862669713504978
EOAD,MCFD2,0.0189911028301681,0.846104039211885
EOAD,PPIA,0.204375443801523,0.0052469708759727
EOAD,CALB1,0.0561359712224228,0.737281767262178
EOAD,GPR37,-0.124408572966934,0.104683973292885
EOAD,SHISA7,-0.0900261061368605,0.266916213440952
EOAD,MAPT,0.435477809017046,0.0108856164161231
EOAD,ATP6AP2,0.131928310422128,0.522043131110112
EOAD,C7,0.094088164753934,0.310557758399918
EOAD,CANX,-0.0213750814239036,0.85781946938827
EOAD,VGF,-0.349057203422931,0.0338824016914551
EOAD,ENPP2,0.0729813208143059,0.594451260479745
EOAD,MGP,0.0377479127972424,0.869496295859452
EOAD,MRC1,0.0120320035037089,0.924086343887505
EOAD,SERPINA5,0.0215607939252169,0.927990474263451
EOAD,IGKV4-1,0.0368704188277602,0.903498153486583
EOAD,LDHA,0.102682160051116,0.374536251439665
EOAD,PRCP,0.0363290889033702,0.663672683731466
EOAD,FRRS1L,-0.157250259915526,0.118335498403106
EOAD,F12,0.0152253729907688,0.962388372899407
EOAD,TPI1,0.0627893926011185,0.682197372682378
EOAD,FGG,0.114811571406381,0.701725746800613
EOAD,OGN,0.0339176301892546,0.85579716170121
EOAD,LCAT,0.0081188979386661,0.970603174847804
EOAD,LINGO1,-0.110781480693334,0.37586251687745
EOAD,MEGF9,-0.0679523312235217,0.244506731440654
EOAD,CSF1,0.0346536063353459,0.582017947117413
EOAD,SEMA3G,-0.0364481807598744,0.720546245582375
EOAD,DKK3,-0.082498519907665,0.416677417760279
EOAD,NCAM2,-0.0552293480182749,0.431802724215699
EOAD,NPTX2,-0.363281206742088,0.0714966675093033
EOAD,SPOCK1,0.047027735527887,0.663709939186088
EOAD,TF,-0.0744491750296663,0.422764149888305
EOAD,QSOX2,-0.0405500769947647,0.809873366191725
EOAD,PIK3IP1,-0.0621624856199851,0.362008206666693
EOAD,SMOC1,0.29403014310098,0.0025653786015081
EOAD,LMAN2,-0.0257664137935151,0.768246100697994
EOAD,CLSTN3,-0.0564687904930849,0.587066746723622
EOAD,NEO1,-0.0606765647698137,0.340875436037032
EOAD,IGFBP4,-0.0150799157644012,0.887210850984517
EOAD,PRKCSH,-0.0610749186575951,0.431802724215699
EOAD,BCHE,0.0453272038494021,0.565418082353509
EOAD,SPINT2,-0.0573166323868748,0.554558773642361
EOAD,TWSG1,0.0173019660895812,0.847896652757284
EOAD,HEXB,0.0092391446666493,0.936633999509366
EOAD,SULF2,-0.0150467056374982,0.904839131989376
EOAD,FETUB,0.0126436907561866,0.963814581891884
EOAD,MMP2,-0.0437951604170237,0.55037604622981
EOAD,MFGE8,-0.0619102214714797,0.638175895584543
EOAD,SLC39A10,-0.175455915314415,0.0298566655894067
EOAD,KLKB1,-0.0259041890558987,0.934928919459408
EOAD,FGFR2,-0.0695393587681497,0.235102275267595
EOAD,PTPRZ1,0.0176944021225735,0.860397936476489
EOAD,GNPTG,0.0034416879390532,0.962295276245956
EOAD,DYNLL2,0.0842418682230722,0.301045282781758
EOAD,SDF4,0.0084713019807172,0.911593708538667
EOAD,PTPRN,-0.186818520213521,0.188541949094696
EOAD,VSTM2B,-0.135673221203538,0.259373713612477
EOAD,PRDX1,0.0608954826753661,0.431802724215699
EOAD,APOA4,-0.008877326612469,0.973560124580091
EOAD,FBLN1,0.0479519037719345,0.431802724215699
EOAD,CADM3,0.0210695162497501,0.85579716170121
EOAD,SERPING1,0.0423962214152511,0.76122642213774
EOAD,APOE,0.0218636132597906,0.967186861211538
EOAD,SOD2,0.0547435314328953,0.688731603465783
EOAD,PENK,0.0482830648497941,0.776818832733597
EOAD,CST3,0.00299768291951,0.985766928710388
EOAD,CFD,0.0131052885114328,0.951345404345541
EOAD,CADM4,-0.0548202053741449,0.310557758399918
EOAD,FN1,-0.0041410188536072,0.956951670536362
EOAD,COLEC12,0.009407297506556,0.956951670536362
EOAD,CFH,0.0067080609331992,0.966416491775529
EOAD,CNTN1,-0.0116107767811992,0.906983205621088
EOAD,ORM1,0.242879401923769,0.244506731440654
EOAD,NPY,-0.136140767942837,0.301045282781758
EOAD,ECM2,0.0677869326056329,0.431802724215699
EOAD,CD14,0.0271319775077246,0.855454766943633
EOAD,ENDOD1,-0.0596112064364603,0.26918647395453
EOAD,APOA1,-0.0201958986141417,0.950738586780477
EOAD,OLFM1,-0.0421910008938066,0.386672515078846
EOAD,FGFR1,-0.0218420857598988,0.879264362213757
EOAD,HABP2,0.0136482103716916,0.962295276245956
EOAD,PTGDS,-0.020898071971,0.824346276735011
EOAD,GLDN,-0.0066888419727321,0.971677779483227
EOAD,GOLIM4,-0.0348083597491483,0.667025352230538
EOAD,SOD3,0.127882182477367,0.465731749344064
EOAD,SERPINF1,0.0217624484927497,0.865843448714377
EOAD,C8A,0.0501279116970703,0.837010134962638
EOAD,RNASE2,-0.0595550310376938,0.810152738904297
EOAD,ITIH1,-0.0251551913697498,0.938363747344024
EOAD,TIMP2,0.037498977125632,0.737281767262178
EOAD,SORCS2,-0.0298318481767641,0.846104039211885
EOAD,ORM2,0.066707902932501,0.869601052991737
EOAD,CD163,0.0190598708702571,0.907671099996176
EOAD,CADM2,-0.106346078479374,0.244506731440654
EOAD,SORCS3,-0.0700579124547782,0.309566504914443
EOAD,TALDO1,0.0017142461704906,0.98875809471073
EOAD,OMD,0.0272404258712609,0.816571672329958
EOAD,ENO1,0.226827524329008,0.0087309464450864
EOAD,NRXN1,-0.0177594349096029,0.92463670115763
EOAD,SERPINA3,0.0988399750871913,0.524996500858274
EOAD,FCGBP,0.12869414707742,0.621236578612534
EOAD,MAN2A2,-0.0975383754830024,0.254417362765949
EOAD,RNASE6,0.147869649862657,0.0332022096237741
EOAD,MARCKS,0.0502227763422401,0.344310068012265
EOAD,ST6GAL2,-0.0533135576965928,0.616845590606916
EOAD,NID1,0.0292234474366474,0.589576013139084
EOAD,COTL1,0.0943135972920772,0.137839385212555
EOAD,TXN,0.0365102473747821,0.761322234037755
EOAD,CUTA,-0.0356247155590184,0.705353215918361
EOAD,NPTXR,-0.265783077789433,0.134125949864646
EOAD,MDH1,0.187958125474037,0.0330395214508603
EOAD,C8G,0.025072243185264,0.926889346605033
EOAD,PRG4,-0.0066365490922134,0.986437967023354
EOAD,ARMH4,-0.0351188873374863,0.816571672329958
EOAD,GOT2,0.116741329259044,0.423098887323491
EOAD,PPIB,0.058725768224965,0.470514205943682
EOAD,QSOX1,-0.0366638979053283,0.483684495282435
EOAD,APOM,-0.102103745097115,0.701725746800613
EOAD,FBLN2,0.0100278738067476,0.938200858546874
EOAD,LY6H,-0.257059681155061,0.0801523236749012
EOAD,WFDC2,-0.11988201179136,0.0344888154525495
EOAD,GPR37L1,-0.0993925714174266,0.499945644717124
EOAD,TNXB,-0.0664039801279749,0.420884427525862
EOAD,APOH,-0.039595720565791,0.893951486415057
EOAD,SERPINA4,-0.036005250527533,0.901956584847963
EOAD,NPC2,0.10763635647284,0.21370618047772
EOAD,ADGRB1,-0.0770235496439417,0.576502836738382
EOAD,IGKV3-20,-0.0123834743463836,0.962388372899407
EOAD,ITIH4,0.045310651507982,0.874465875351009
EOAD,BGLAP,0.0844966340130608,0.530327069982999
EOAD,RTN4RL2,-0.198532998227899,0.203342507330514
EOAD,DAG1,0.005997633038356,0.93561625455688
EOAD,CGREF1,-0.104810619730956,0.254417362765949
EOAD,DIPK1C,-0.0476824639763505,0.665016844451297
EOAD,CFHR1,0.244370096894327,0.175981136514361
EOAD,CLU,0.0490700572406787,0.543678749760353
EOAD,FSTL4,-0.0414942466165346,0.795194295893352
EOAD,NTRK2,-0.0676090519261116,0.275389845412709
EOAD,NXPH4,-0.0403231019180629,0.858427129041415
EOAD,ADAM22,-0.0333191570448568,0.777065947444536
EOAD,CCN3,0.0882227568544875,0.309566504914443
EOAD,CNTN4,-0.0442580854483526,0.648987618168164
EOAD,SPOCK2,0.0755940890645254,0.454344181888928
EOAD,KRT9,-0.0222168531981691,0.967887738376426
EOAD,TNR,-0.0283076809597406,0.665284662066196
EOAD,LRRC4B,-0.0065372166036931,0.962295276245956
EOAD,CTSD,0.0970367608672906,0.458734955936942
EOAD,CTSZ,0.0524273035970892,0.491463244514958
EOAD,CANT1,-0.0475450355278557,0.301045282781758
EOAD,PCSK1N,-0.108780183832035,0.244506731440654
EOAD,GM2A,-0.0100113937473157,0.943182763244111
EOAD,C9,0.12172942327531,0.520767461652494
EOAD,CALR,-0.0203350437070026,0.85579716170121
EOAD,COL6A1,0.054352755809184,0.431802724215699
EOAD,CAMK2B,0.0623327732309211,0.545851900021433
EOAD,SPINK6,0.101561524326731,0.564626370616619
EOAD,APOB,-0.0475239894187568,0.892139412028936
EOAD,AFM,-0.152871680903779,0.474069019596649
EOAD,PTPRF,-0.103380176625504,0.139609684152296
EOAD,LGALS3BP,0.0344161425644152,0.833794138303783
EOAD,ECM1,-0.0871234288512678,0.306640816903246
EOAD,SLITRK4,-0.0446370512223078,0.756380345546443
EOAD,PCSK2,-0.202758317258692,0.0731936216905425
EOAD,VSIG4,0.110853239266508,0.21370618047772
EOAD,SUSD5,-0.0549094595980947,0.465731749344064
EOAD,B4GAT1,-0.0715182262641361,0.474069019596649
EOAD,NEGR1,-0.0812876580299679,0.435495032948746
EOAD,PEBP4,-0.160742718120203,0.423098887323491
EOAD,GMFB,0.0736628222229347,0.501837111567396
EOAD,SCRG1,0.0010410016071114,0.992992105866995
EOAD,NUCB1,0.0115397980754769,0.92160018623778
EOAD,A4GALT,-0.0179210763777817,0.92160018623778
EOAD,ABCA2,-0.0237951895956922,0.887210850984517
EOAD,ABHD14B,-0.0996980586000973,0.501920165956059
EOAD,ABI3BP,-0.0562947249482133,0.642443014742633
EOAD,ACE,-0.0038953364444938,0.976844193413718
EOAD,ACP2,0.0514505719814763,0.501920165956059
EOAD,ACYP1,0.0519613933395696,0.647185320451528
EOAD,ADA2,0.162479332775489,0.127418023791322
EOAD,ADAM10,0.0076636871019875,0.936548273129989
EOAD,ADAM11,-0.0059162923986371,0.962295276245956
EOAD,ADAM15,0.0188044316684993,0.903498153486583
EOAD,ADAM23,-0.0600599504091605,0.314064582413088
EOAD,ADAM28,0.0933886252134177,0.605618988269304
EOAD,ADAM9,-0.122229881092658,0.374536251439665
EOAD,ADAMTS8,-0.125556434314911,0.0188372014246375
EOAD,ADGRB3,0.0303173450900356,0.832159663388874
EOAD,ADGRL1,-0.0873843977092408,0.185724449319703
EOAD,ADGRL3,-0.0437079065720947,0.696481208972954
EOAD,ADM,-0.0630725610336424,0.344310068012265
EOAD,AHNAK,0.0346095010235836,0.869496295859452
EOAD,AKR1B1,0.0409908073142391,0.484161594866685
EOAD,ALB,-0.0191917278352392,0.936548273129989
EOAD,ALDH1A1,-0.0630376415246139,0.557850639664876
EOAD,ANGPTL7,-0.0076093117279838,0.976844193413718
EOAD,ANPEP,-0.0485129221632629,0.686023558120614
EOAD,ANXA5,0.0569306846950403,0.705546975662262
EOAD,AP2B1,0.0070487158583467,0.962295276245956
EOAD,APMAP,-0.107662784043415,0.353172986417992
EOAD,APOC2,-0.0585149458934807,0.896206315540355
EOAD,APOF,-0.0871312509083266,0.637056304614803
EOAD,APOL1,-0.0898392217394299,0.777065947444536
EOAD,ASAH1,0.0226761736381081,0.875556702656571
EOAD,ASPH,0.0236690050644181,0.532475086526863
EOAD,ATP1B1,-0.014407151277497,0.893951486415057
EOAD,ATP1B2,0.0033988512049399,0.980380242116446
EOAD,ATRNL1,-0.0112902996343139,0.927990474263451
EOAD,B3GALNT1,-0.0265165404553079,0.810152738904297
EOAD,B3GNT9,0.0457455318188251,0.558629974625873
EOAD,B4GALT1,-0.0015799314890701,0.98875809471073
EOAD,BCAM,-0.0159574615791039,0.837010134962638
EOAD,BGN,0.0826632342433723,0.614733939734035
EOAD,BLMH,0.0846738870972925,0.298233682834333
EOAD,BMP1,-0.0010580949949158,0.990652069148565
EOAD,BMP6,-0.0024028810161023,0.988545247945954
EOAD,BSG,-0.100076758073034,0.129747122082462
EOAD,BST1,-0.0437970196857407,0.646660899510387
EOAD,C11orf87,-0.119533169511444,0.353172986417992
EOAD,SPRING1,-0.0985047986034517,0.222969766591318
EOAD,C1QL3,-0.0415744180666337,0.605618988269304
EOAD,C1QTNF4,-0.0640121011133728,0.420588528294292
EOAD,C1QTNF5,0.0253905900856392,0.845066348053395
EOAD,C4BPB,-0.093659576979384,0.733058446674791
EOAD,CA10,-0.0431597612255848,0.794498118565265
EOAD,CA11,-0.0396303138869351,0.75818497356157
EOAD,CA2,-0.186417587535763,0.75696531500427
EOAD,CA4,-0.083000978024003,0.521379475761704
EOAD,CACHD1,0.0023380571419748,0.986437967023354
EOAD,CACNA2D2,-0.0602567919469912,0.54767738514407
EOAD,CACNA2D3,-0.12401729509544,0.0332022096237741
EOAD,CALY,-0.119216553597684,0.227687848251689
EOAD,CAMK2D,0.0614664157024376,0.571436089047302
EOAD,GOLM2,-0.0397824735902377,0.64974911769695
EOAD,CAT,-0.222826692936768,0.566135353399797
EOAD,CBR1,0.0937867070174693,0.231652780434844
EOAD,CCER2,-0.179297848331455,0.104683973292885
EOAD,CCK,-0.164131442022109,0.105512038645685
EOAD,CD109,0.0859057858507397,0.164028864230326
EOAD,CD200,-0.0792579376433258,0.431802724215699
EOAD,CD248,-0.0847971756799411,0.163445996387337
EOAD,CD5L,0.0994413468664914,0.75671983673838
EOAD,CD81,0.0550326736472072,0.867398532392344
EOAD,CD9,0.0631740961377061,0.785199523008921
EOAD,CDH10,-0.0226610584184851,0.908861966162677
EOAD,CDH11,-0.0262259928648158,0.710647753616148
EOAD,CDH15,0.0859889539238978,0.557056137192737
EOAD,CDH18,-0.0427551301659249,0.593177387764687
EOAD,CDH20,-0.0408095508760882,0.196413911953063
EOAD,CDH22,-0.0490932289366554,0.710647753616148
EOAD,CDH4,-0.110669793062811,0.188541949094696
EOAD,CDH5,-0.0651123412768381,0.478710868351166
EOAD,CDH7,-0.008695288712624,0.945501353491768
EOAD,CDH8,-0.207580380087789,0.0603051108795371
EOAD,CDH9,-0.0516811123835428,0.566206019814646
EOAD,CEL,0.124888023495096,0.577549574111478
EOAD,CEMIP,0.0215335831829882,0.766100669019085
EOAD,CFB,0.0378727518695466,0.893176519956394
EOAD,CFHR3,0.114932474582729,0.594451260479745
EOAD,CFL1,0.138667557334658,0.145649954432762
EOAD,CFP,-0.0148434910189948,0.950738586780477
EOAD,CHAD,-0.0081361837405374,0.950738586780477
EOAD,CHI3L2,0.279969506914266,0.0039943124082245
EOAD,CHID1,0.0326839505021195,0.777065947444536
EOAD,CHIT1,0.490331776253157,0.222969766591318
EOAD,CHRD,-0.0422342694035534,0.423559094857182
EOAD,CHRDL1,0.0179611561764979,0.897449054104587
EOAD,CHST10,-0.0738092766903832,0.483684495282435
EOAD,CHST15,-0.0100684692291204,0.899083315742845
EOAD,CKB,0.0839852110205327,0.362008206666693
EOAD,CKMT1A,0.135702671279632,0.340875436037032
EOAD,CLEC11A,0.0443816306954323,0.65527302156695
EOAD,CLMP,-0.0096722163736386,0.958042182763171
EOAD,CLN5,-0.0088070657896401,0.962295276245956
EOAD,CLUL1,-0.0177811532803096,0.905767373018928
EOAD,CNPY3,0.0084461791176024,0.960959060598235
EOAD,CNTFR,-0.0424720463296862,0.54054505627799
EOAD,CNTN3,-0.0521126458841968,0.244506731440654
EOAD,CNTN6,-0.02864588891737,0.771787674472951
EOAD,CNTNAP2,-0.0272767482520373,0.879264362213757
EOAD,CNTNAP5,-0.0985951986066577,0.046303782485486
EOAD,COL12A1,-0.0023610965889194,0.988545247945954
EOAD,COL14A1,0.000974504954811,0.990353961458667
EOAD,COL15A1,0.0489511641684802,0.763456723331494
EOAD,COL21A1,0.0358302998661063,0.824346276735011
EOAD,COL28A1,0.0006945621927757,0.995006972221088
EOAD,COL4A1,0.0148851284509978,0.911197758117584
EOAD,COL4A2,-0.007575842854513,0.952150284987279
EOAD,COL5A1,-0.0774183932069641,0.435495032948746
EOAD,COL6A2,-0.0218321192148348,0.903498153486583
EOAD,COMP,-0.0918649917808906,0.434358271415505
EOAD,CPD,0.0080669430971523,0.951345404345541
EOAD,CPN1,0.0218000168145598,0.938200858546874
EOAD,CPXM2,0.0327153365399253,0.860397936476489
EOAD,CRABP1,0.0468662752901842,0.903498153486583
EOAD,CREG1,0.0096942479869224,0.949022594985219
EOAD,CRELD1,-0.189173549460111,0.0103701644309051
EOAD,CRISP3,-0.0152408089307257,0.950738586780477
EOAD,CRYM,0.153300272872427,0.198777637490456
EOAD,CSPG4,0.0163244759981353,0.770914401698228
EOAD,CST6,0.0082885722721476,0.953138706354856
EOAD,CSTB,0.0753813205536471,0.384290903677495
EOAD,CTBS,0.0199342385465675,0.860408351915256
EOAD,CCN2,0.0242215217350019,0.869496295859452
EOAD,CTSC,0.119414715162949,0.319802253619447
EOAD,CTSO,0.0012422910641945,0.98875809471073
EOAD,CTSS,0.0964406992932859,0.431870099649482
EOAD,CXADR,-0.0889169083930296,0.431802724215699
EOAD,CXCL12,0.254455924807002,0.355455007959927
EOAD,CYTL1,0.0727493677540449,0.785199523008921
EOAD,DBH,-0.0125462641343687,0.962295276245956
EOAD,DCC,-0.127085728479025,0.0824515557066997
EOAD,DCD,0.0808125498680021,0.770914401698228
EOAD,DDAH1,0.0440631462140764,0.616845590606916
EOAD,DDB1,-0.066564448792248,0.344696136828097
EOAD,DIPK2B,-0.0357922604806144,0.745417742763583
EOAD,DLD,0.0457350049988018,0.65846457324183
EOAD,DMKN,0.0028566924684623,0.98875809471073
EOAD,DNAJC3,0.0165048706802334,0.926528571807642
EOAD,DNASE2,0.0131284443099975,0.936548273129989
EOAD,DPP10,-0.0021051853310467,0.988545247945954
EOAD,DPP3,-0.0180341582617957,0.869496295859452
EOAD,DPYSL2,0.150739945436644,0.119698018292115
EOAD,DSC1,-0.0689161431130696,0.686772914057998
EOAD,DSC2,-0.0019762494979789,0.985766928710388
EOAD,DSC3,-0.0396698296943403,0.814917995969238
EOAD,DSG2,-0.0095328706696204,0.937802205788614
EOAD,EDN3,-0.0886300780274163,0.273424972784547
EOAD,EFCAB14,-0.0740029803831591,0.530327069982999
EOAD,EFNA1,-0.0502031408259477,0.594451260479745
EOAD,EFNA3,-0.0652288345866515,0.566206019814646
EOAD,EFNB1,-0.0023619217154261,0.971677779483227
EOAD,EGFR,-0.0733030319279925,0.207408457878159
EOAD,EMC10,-0.0211027035677063,0.931189393295502
EOAD,EMILIN2,-0.0119776202570349,0.911197758117584
EOAD,ENPP4,0.0206198540686073,0.911197758117584
EOAD,ENPP5,-0.086345381655465,0.301045282781758
EOAD,ENPP6,-0.0042420472623448,0.962295276245956
EOAD,ENTPD6,-0.0013002440794276,0.98875809471073
EOAD,EPDR1,-0.0512159431546104,0.733693846333531
EOAD,EPHA10,-0.169703031763696,0.0502419896902064
EOAD,EPHA5,-0.0919430289696129,0.126883240882818
EOAD,EPHA7,-0.0723242659512022,0.164028864230326
EOAD,EPHB6,-0.125910935713813,0.204721892840001
EOAD,ERAP1,0.0959831066723901,0.423098887323491
EOAD,ERBB3,-0.0536714873125164,0.463493059535389
EOAD,ERP44,0.0116510054761649,0.892139412028936
EOAD,ESAM,-0.0670146670611372,0.31900925433267
EOAD,EXTL2,-0.0738594489280773,0.301045282781758
EOAD,EZR,0.0569741562133178,0.686772914057998
EOAD,F11,-0.0199429412035385,0.950738586780477
EOAD,F13A1,-0.027516505175366,0.891209313077393
EOAD,F13B,-0.0108589826213399,0.95823582475276
EOAD,F7,0.137470250278956,0.705546975662262
EOAD,F9,0.0565299052807977,0.792338952655479
EOAD,FABP3,0.312697542871192,0.0050426075519206
EOAD,FABP5,0.0076355164426087,0.949832234161646
EOAD,FAIM2,-0.0249889302680926,0.832159663388874
EOAD,FAM171A1,-0.016194287968282,0.869601052991737
EOAD,FAM174A,-0.0828516687396,0.423831247120929
EOAD,FAM20B,-0.001712099374135,0.988545247945954
EOAD,FAM20C,-0.002347434962683,0.962295276245956
EOAD,FBLN7,-0.0313079512006593,0.856623216896827
EOAD,FBN1,-0.0193810416842146,0.884535777363599
EOAD,FCGR3A,0.035777516425942,0.845132184649483
EOAD,FCN3,-0.013514108739344,0.962388372899407
EOAD,FGFR3,-0.0847639343437194,0.227687848251689
EOAD,FGL2,-0.0061890580777706,0.962388372899407
EOAD,FKBP1A,0.110783001647721,0.137629885753954
EOAD,FLNA,0.0197751428274573,0.874260091066101
EOAD,FMOD,0.0143298060390639,0.936548273129989
EOAD,FOLR1,0.0571339162375474,0.579042735687607
EOAD,FSCN1,0.0883947453481699,0.244506731440654
EOAD,FSTL5,0.0495894863081212,0.489545239876069
EOAD,FTH1,0.0726357536567392,0.311876780143421
EOAD,FUCA1,0.0172642009292962,0.945501353491768
EOAD,FXYD6,0.0252801689264547,0.869601052991737
EOAD,FZD1,-0.0101733168616494,0.956951670536362
EOAD,GAA,0.0267530195477496,0.837010134962638
EOAD,GALC,-0.174789510100147,0.141775995741106
EOAD,GALNS,-0.0266746437037204,0.759256813101399
EOAD,GALNT1,-0.0255857705963032,0.696097709899295
EOAD,GALNT10,0.0044478579723994,0.956951670536362
EOAD,GALNT13,0.0163408395432143,0.906237565566582
EOAD,GALNT15,0.0319031861159117,0.786185084084029
EOAD,GALNT16,-0.0232003011553791,0.750835957903154
EOAD,GALNT17,-0.0482190501538687,0.564626370616619
EOAD,GALNT18,-0.0215939506550919,0.816571672329958
EOAD,GALNT6,-0.134703110952618,0.185724449319703
EOAD,GALNT7,0.0151591056345795,0.795194295893352
EOAD,GANAB,-0.0762152630712656,0.207369960806259
EOAD,GAS6,-0.0327086730870468,0.492122294845436
EOAD,GBA1,-0.0209434826865481,0.85579716170121
EOAD,GDF11,-0.0436831521951105,0.517828286985488
EOAD,GDI1,0.176244083561692,0.00012722251725
EOAD,GDI2,0.0095005467639503,0.941957742064066
EOAD,GFRA3,0.0117999339829303,0.924691017046644
EOAD,GGCT,0.0637050943388166,0.643047815730122
EOAD,GGT7,-0.141505462382385,0.0877026301654101
EOAD,GLG1,-0.0284420949287216,0.547845869611087
EOAD,GLO1,0.115150327281176,0.129747122082462
EOAD,GLOD4,0.107759082690095,0.0877026301654101
EOAD,GLRX,0.0154435141420819,0.903498153486583
EOAD,GNAS,-0.0198910680402426,0.865271298151484
EOAD,GNS,0.0136764795863183,0.906983205621088
EOAD,GPC1,-0.0264113074805391,0.815306670907674
EOAD,GPLD1,-0.0439975640789456,0.837010134962638
EOAD,GPNMB,-0.0065887702595166,0.979159076578017
EOAD,GRB2,0.0144359949117747,0.901956584847963
EOAD,GRIA2,-0.0517460313639391,0.590308882180395
EOAD,GRN,0.0459613895387622,0.483684495282435
EOAD,GRP,-0.0307859157512137,0.901956584847963
EOAD,GSR,0.0122945276267583,0.951345404345541
EOAD,GSS,0.0049162267033497,0.970171113705005
EOAD,GSTO1,-0.0394064387633234,0.784966068180584
EOAD,GSTP1,0.0342658502522546,0.799839253474651
EOAD,GYG1,-0.0203170311113675,0.962295276245956
EOAD,HAVCR2,0.0062772041606182,0.971677779483227
EOAD,HEG1,-0.0813387991351659,0.188541949094696
EOAD,HGFAC,-0.120361924420395,0.558629974625873
EOAD,HK1,0.123143863084355,0.0692791138539081
EOAD,HLA-A,0.003093867269569,0.98875809471073
EOAD,HLA-C,-0.0597858733055738,0.867398532392344
EOAD,HLA-DRA,0.151558660572896,0.29174737995381
EOAD,HLA-DRB1,0.122849702085035,0.55037604622981
EOAD,HMCN1,-0.0365064201023199,0.686772914057998
EOAD,HPR,-0.143685338066452,0.483684495282435
EOAD,HPRT1,0.122877486813327,0.21370618047772
EOAD,HS6ST1,-0.0068208517250399,0.961421451947251
EOAD,HS6ST3,-0.182351454064095,0.0216951280970411
EOAD,HSP90B1,-0.0747386829150334,0.390332008031532
EOAD,HSPA13,0.0092698387306628,0.93378569784525
EOAD,HSPA1A,0.004476884656806,0.988545247945954
EOAD,HSPE1,0.0496356784505197,0.719892921213947
EOAD,HYAL1,0.03113793016831,0.810152738904297
EOAD,ICAM1,0.0102337914725348,0.951345404345541
EOAD,ICAM2,0.0102436704874067,0.93561625455688
EOAD,IDH1,0.0769356866668077,0.207408457878159
EOAD,IFNAR2,-0.0521603628725147,0.474069019596649
EOAD,IGF2R,0.0209536677430088,0.45079570393518
EOAD,IGFALS,-0.0367643678850507,0.892139412028936
EOAD,IGFBP3,-0.0309908115205338,0.867398532392344
EOAD,IGHV1-69,-0.0061408273183898,0.98875809471073
EOAD,IGHV2-26,0.0596910603056273,0.886475078260644
EOAD,IGHV2-70,0.0619397539396032,0.903498153486583
EOAD,IGHV2-70D,0.120587686196892,0.887210850984517
EOAD,IGHV3-49,0.156277623332791,0.532475086526863
EOAD,IGHV3-64D,-0.0112183173234091,0.962295276245956
EOAD,IGHV3-7,-0.0411132059100263,0.893471587503893
EOAD,IGHV4-28,-0.0480473596527478,0.897779655135217
EOAD,IGHV4-34,0.0339429834934828,0.926164315966033
EOAD,IGHV4-4,-0.0588447333169303,0.837010134962638
EOAD,IGHV5-10-1,-0.0272483366537934,0.966529317345508
EOAD,IGHV5-51,0.0164793903032591,0.962295276245956
EOAD,IGHV6-1,0.0834821232966642,0.857499274706213
EOAD,IGKJ1,0.0784770770018775,0.733058446674791
EOAD,IGKV1-6,-0.0167723731697158,0.962295276245956
EOAD,IGKV2-29,0.243354004509112,0.594451260479745
EOAD,IGKV2-30,-0.107360830301719,0.469627742895774
EOAD,IGKV3-11,0.0112498501235552,0.971236294857803
EOAD,IGKV3-15,-0.0140860443200626,0.966529317345508
EOAD,IGKV3D-15,-0.0609638566633038,0.886017107917283
EOAD,IGKV3D-20,-0.12315548264298,0.557850639664876
EOAD,IGLC7,-0.136459881353002,0.664301135230899
EOAD,IGLV1-51,0.0395345333759521,0.928937943964672
EOAD,IGLV2-11,0.0449163481587689,0.913956114640467
EOAD,IGLV2-18,-0.0288612870662943,0.937491192796346
EOAD,IGLV2-23,0.168218463195983,0.470514205943682
EOAD,IGLV2-8,0.116047977958764,0.621236578612534
EOAD,IGLV3-27,-0.0372182890625623,0.910829842928261
EOAD,IGLV4-60,-0.365643116895109,0.483684495282435
EOAD,IGLV6-57,-0.0026066290404664,0.990353961458667
EOAD,IGLV7-46,-0.0387607822602896,0.945501353491768
EOAD,IGLV8-61,-0.148161495239286,0.837010134962638
EOAD,IGLV9-49,-0.198261548593043,0.55037604622981
EOAD,IGSF1,-0.0336300778353893,0.663054715917896
EOAD,IGSF21,-0.0715437429150824,0.558629974625873
EOAD,IL18BP,0.0275821443330374,0.856623216896827
EOAD,IL1RAP,0.0905377811096326,0.540725996085678
EOAD,IMPA1,0.0774241721809665,0.382303818092672
EOAD,ITGA7,-0.0035517515496586,0.971677779483227
EOAD,ITGAM,0.149043432531591,0.605618988269304
EOAD,ITGBL1,-0.0732574636746609,0.532475086526863
EOAD,ITIH3,0.0729216566391228,0.743958144310991
EOAD,ITM2A,0.0152916902153317,0.938522627179362
EOAD,JAG1,-0.103917738954603,0.0018890290295762
EOAD,JAM2,-0.0778285008030316,0.141775995741106
EOAD,JAM3,-0.0283707105794846,0.777065947444536
EOAD,JAML,0.152083719183325,0.37586251687745
EOAD,JCHAIN,0.0327458977770771,0.951716356847535
EOAD,KIAA0319L,0.0044706044660933,0.971677779483227
EOAD,KIAA1549L,-0.154770957593995,0.163445996387337
EOAD,KLK10,-0.100588647841317,0.665016844451297
EOAD,KLK11,0.0232279478016575,0.919542276142049
EOAD,KRT5,0.056434761631499,0.910829842928261
EOAD,LAMA4,0.0286307680456188,0.777065947444536
EOAD,LAMA5,-0.0059948765167516,0.950738586780477
EOAD,LAMB2,0.0017740850992562,0.976844193413718
EOAD,LAMC3,0.0429607196403068,0.621236578612534
EOAD,LAMP5,-0.0024609718211976,0.98875809471073
EOAD,LBP,-0.0445063231992023,0.904839131989376
EOAD,LCN2,0.0867382647348888,0.554831493023555
EOAD,LCP1,0.0354569116186323,0.770914401698228
EOAD,LDLR,-0.068816193384127,0.435495032948746
EOAD,LECT2,-0.276588226708376,0.273424972784547
EOAD,LFNG,0.0458484907191251,0.463493059535389
EOAD,LGALS3,-0.10236550743034,0.369870124965553
EOAD,LGI1,0.0062132647541924,0.967952148236013
EOAD,LGMN,0.0470850587190585,0.818120868974151
EOAD,LILRA2,-0.0104999157255061,0.953138706354856
EOAD,LIPA,0.0129408421968018,0.959436446030666
EOAD,LRP11,-0.0708404571030309,0.296210164768713
EOAD,LRP1B,0.0056208943362466,0.940343517121679
EOAD,LRP8,-0.0794903376258442,0.127481108830081
EOAD,LRRC4,0.0371844235005306,0.766100669019085
EOAD,LRTM2,-0.0805853396980954,0.423098887323491
EOAD,LSR,-0.0663497361409211,0.141775995741106
EOAD,LTF,0.158824210749349,0.489545239876069
EOAD,MAG,-0.0023651947093739,0.979013393966648
EOAD,MAN1A2,-0.0676230369614123,0.12913993730098
EOAD,MAN1C1,0.053548347410091,0.380631484103709
EOAD,MAN2A1,-0.0585521754112711,0.113220936898839
EOAD,MAN2B1,-0.0182828008054017,0.895951638115654
EOAD,MAN2B2,0.0232150293101197,0.891209313077393
EOAD,MANBA,-0.0010046085180254,0.98875809471073
EOAD,MANSC1,-0.0620659020533133,0.489545239876069
EOAD,MARCO,0.11582836569466,0.489545239876069
EOAD,MATN2,-0.0233613549234974,0.837010134962638
EOAD,MB,-0.236838336678044,0.470514205943682
EOAD,MDGA1,0.007127876614112,0.953138706354856
EOAD,MDH2,0.109978033103339,0.361465759401385
EOAD,MDK,0.0347087898272181,0.847896652757284
EOAD,MELTF,-0.0529501460996989,0.594451260479745
EOAD,METRNL,0.0205680123230145,0.937491192796346
EOAD,MFAP4,-0.0174506629519178,0.890661427203545
EOAD,MGAT5,0.0288909237360165,0.727205428669387
EOAD,MIA,0.111657635751753,0.766100669019085
EOAD,MIA3,-0.0171108393122235,0.869496295859452
EOAD,MIF,0.198001391545354,0.0368569622029903
EOAD,MINPP1,-0.0137139484169314,0.793767143033335
EOAD,MLEC,-0.0622693667391776,0.423831247120929
EOAD,MMP14,-0.0059846862555015,0.96339375614299
EOAD,MOXD1,-0.177086171888742,0.0315575321483854
EOAD,MPZ,0.0326214889788095,0.911197758117584
EOAD,MRC2,-0.0208151486107225,0.75818497356157
EOAD,MSLN,-0.0361397147892456,0.874260091066101
EOAD,MSN,0.053441460788854,0.548625048060524
EOAD,MSTN,0.0327844253890496,0.582206857440196
EOAD,MXRA7,0.0317712692839894,0.763456723331494
EOAD,MYDGF,-0.0540369318974061,0.734870438740173
EOAD,MYLK,0.124798416984222,0.449915260219518
EOAD,MYOC,-0.001396316303302,0.990652069148565
EOAD,NAGA,-0.0653576100427826,0.494215875132006
EOAD,NAGLU,-0.0404609095083385,0.530327069982999
EOAD,NAXE,0.0115989517497535,0.945501353491768
EOAD,NCMAP,0.0247273652353095,0.953138706354856
EOAD,NDRG2,0.041397810150031,0.567967371912525
EOAD,NDRG4,-0.0416270231604651,0.792874232601788
EOAD,NDST1,-0.0437196201325493,0.222969766591318
EOAD,NECTIN2,-0.0150328374759733,0.892813448807503
EOAD,NENF,-0.0312302716424501,0.582206857440196
EOAD,NLGN1,-0.0170743510975867,0.858427129041415
EOAD,NLGN2,-0.0214755629404416,0.820178740593582
EOAD,NLGN4X,-0.0694431223094727,0.309566504914443
EOAD,NOTCH1,-0.0310511257217352,0.734870438740173
EOAD,NOTCH2,-0.0058235761280051,0.95823582475276
EOAD,NOTCH3,-0.033629897762593,0.609304976591467
EOAD,NPDC1,-0.127654929332006,0.070782850975501
EOAD,NPEPPS,0.0404543659098065,0.616302230204612
EOAD,NRN1,-0.130537175053584,0.244506731440654
EOAD,NRP1,-0.0882739920107921,0.0440758248989712
EOAD,NRP2,-0.0480479324452777,0.141775995741106
EOAD,NSF,0.0146072955226196,0.93460529523541
EOAD,NSG1,-0.0310157409851149,0.841930606572199
EOAD,NTRK3,-0.0635713999427015,0.594846479733119
EOAD,NUTF2,-0.0141163955588123,0.937491192796346
EOAD,NXPH1,-0.0850236298277209,0.372577730187277
EOAD,NXPH3,0.0106524929827148,0.92132595352949
EOAD,OLFM2,0.0345976139499444,0.686023558120614
EOAD,OLFML3,0.0551035664139148,0.431802724215699
EOAD,OSMR,0.0661015767690887,0.38336832397744
EOAD,OXT,0.0114498671234919,0.938522627179362
EOAD,P4HB,0.0198380920042015,0.506588670752038
EOAD,PAMR1,-0.0297906943759632,0.636520231485801
EOAD,PBXIP1,0.0094628895986607,0.950738586780477
EOAD,PCDH1,-0.0258515844892284,0.856381188392176
EOAD,PCDH10,-0.101606483424335,0.222969766591318
EOAD,PCDH17,-0.0296520587486584,0.791560272259491
EOAD,PCDH7,-0.123537729325792,0.244506731440654
EOAD,PCDH9,-0.0588312594259307,0.532475086526863
EOAD,PCDHAC2,-0.0339860448497943,0.759256813101399
EOAD,PCDHGC3,0.0078479178351549,0.956947974723089
EOAD,PCDHGC5,-0.147881891665582,0.163445996387337
EOAD,PCMT1,0.0281979969821735,0.913956114640467
EOAD,PCP4,0.0019682968656089,0.98875809471073
EOAD,PCSK9,-0.0143039500131117,0.939062217609893
EOAD,PCYOX1,0.0179912593286925,0.945552832699564
EOAD,PDGFRB,-0.0663672862967672,0.474069019596649
EOAD,PDIA3,0.0213033331889764,0.468946067323062
EOAD,PDIA4,0.0139931675542547,0.868126221088588
EOAD,PDIA6,-0.0017359685179503,0.98875809471073
EOAD,PDYN,-0.123792806315588,0.360925367295982
EOAD,PEA15,0.26745542096018,0.0028374389837575
EOAD,PGAM1,0.149524686185968,0.0001824256783617
EOAD,PGM1,-0.0207232078118449,0.853119213255057
EOAD,PGRMC1,-0.0020177883019308,0.985766928710388
EOAD,PIANP,-0.191473476415639,0.141775995741106
EOAD,PIGR,0.0869157282774699,0.470514205943682
EOAD,PILRA,0.214787240002847,0.188541949094696
EOAD,PITHD1,-0.0412112312033387,0.737281767262178
EOAD,PLA2G15,0.0112246198181442,0.944398151566469
EOAD,PLBD2,-0.088490559869955,0.301045282781758
EOAD,PLD4,0.214398389298195,0.134125949864646
EOAD,PLEKHB1,-0.0786772791653553,0.35736176799443
EOAD,PLOD1,0.0228796785370367,0.807841091495909
EOAD,PLXDC1,-0.0856444762863887,0.292143891910831
EOAD,PLXNA1,-0.118662147752183,0.0712803533063787
EOAD,PLXNB2,0.0645963662226444,0.259373713612477
EOAD,PON3,0.0198731496511085,0.956947974723089
EOAD,PPP5C,0.0023637071670537,0.980380242116446
EOAD,PRAP1,-0.0615005773856927,0.843689818667342
EOAD,PRDX2,-0.0039488288296769,0.98875809471073
EOAD,PRDX5,0.0973385955183604,0.818120868974151
EOAD,PRDX6,-0.081110212712401,0.503374425063216
EOAD,PRKAR1A,-0.0236490708397706,0.903498153486583
EOAD,PRL,0.0099568536844617,0.962388372899407
EOAD,PRND,0.0115454643454635,0.956951670536362
EOAD,PROC,0.0125959338011026,0.94828556091607
EOAD,PROZ,-0.0648255428698859,0.865271298151484
EOAD,PRRG1,-0.221245323178073,0.213453979299911
EOAD,PRSS23,-0.0124725137645952,0.931189393295502
EOAD,PSAT1,-0.0044451580077621,0.967186861211538
EOAD,PTPRK,-0.0147947428698915,0.869496295859452
EOAD,PTPRM,0.0205990034074069,0.816571672329958
EOAD,PTPRT,-0.0961302267578836,0.492122294845436
EOAD,PVALB,0.0323786066701607,0.904329010388591
EOAD,PVR,-0.0714464218793118,0.483657060512389
EOAD,PXDN,0.0411990050039049,0.780385352460478
EOAD,PZP,0.0065047498590274,0.988545247945954
EOAD,QPCT,-0.145267556021348,0.0502419896902064
EOAD,RAD23B,0.0761352516611873,0.449915260219518
EOAD,RCN1,0.0250656939206965,0.816571672329958
EOAD,RCN2,-0.0049081933342229,0.956947974723089
EOAD,RECK,-0.0274134599894319,0.754170034990694
EOAD,RGMA,-0.0501392536654943,0.565418082353509
EOAD,RGMB,-0.0699409666214378,0.361465759401385
EOAD,RIDA,-0.0478895345733639,0.795194295893352
EOAD,RNF13,-0.0896913054837612,0.244506731440654
EOAD,ROBO2,-0.0634290960368335,0.254417362765949
EOAD,ROBO4,-0.0168411383725308,0.833794138303783
EOAD,RTBDN,-0.0966332601013689,0.301045282781758
EOAD,RTN4RL1,-0.164549589107381,0.163445996387337
EOAD,S100A6,-0.0836074373912286,0.722210900880426
EOAD,SAA1,-0.0998179093927591,0.83737495395212
EOAD,SAA4,0.0853276393177534,0.832159663388874
EOAD,SCGB1A1,0.079314793936033,0.719892921213947
EOAD,SCN3B,-0.19166789923471,0.227687848251689
EOAD,SCN4B,-0.0306251982849169,0.852077886328985
EOAD,SCPEP1,0.0302357100636153,0.874260091066101
EOAD,SCUBE1,0.0233103540616846,0.832159663388874
EOAD,SELENOM,-0.0190112639932923,0.921167589449021
EOAD,SEMA3B,-0.0058803202375633,0.961421451947251
EOAD,SEMA3C,-0.0511520190191479,0.557850639664876
EOAD,SEMA3F,-0.0214136238585373,0.899083315742845
EOAD,SEMA6B,-0.0196778574104047,0.846104039211885
EOAD,SERPINA10,0.0185023152353343,0.945552832699564
EOAD,SERPINB1,-0.0115681934239469,0.918230850931578
EOAD,SERPINE2,0.0452021569831353,0.75818497356157
EOAD,SF3A1,-0.0644789373798785,0.886017107917283
EOAD,SFRP1,0.14122391274717,0.304072766424668
EOAD,SFRP4,-0.0586554793694827,0.807841091495909
EOAD,SGCE,-0.017856246983087,0.837010134962638
EOAD,SH3BGRL,-0.0163806841483385,0.903498153486583
EOAD,SH3BGRL3,0.0953423623358153,0.119698018292115
EOAD,SHBG,-0.0091307927451455,0.967186861211538
EOAD,SIGLEC14,0.0424663459153342,0.903498153486583
EOAD,SIL1,0.0155946068367279,0.894330454604272
EOAD,SLC24A2,0.0068297476444435,0.962295276245956
EOAD,SLC38A10,-0.0130155605751008,0.869496295859452
EOAD,SLC39A12,0.0403464251853822,0.859598688144092
EOAD,SLC3A2,-0.0089706908852222,0.901956584847963
EOAD,SLITRK5,-0.134553319535833,0.146929615248434
EOAD,SLPI,0.116711951769005,0.423831247120929
EOAD,SMPD1,0.0062819713315443,0.974924300536728
EOAD,SMPDL3A,-0.082403251122995,0.594846479733119
EOAD,SMPDL3B,-0.0929320588040596,0.571436089047302
EOAD,SNCG,0.194049630062239,0.0112451674535835
EOAD,SNED1,-0.0210337913403864,0.85579716170121
EOAD,SORCS1,-0.0634327529952271,0.545360886649337
EOAD,SORL1,0.0531370956352841,0.474069019596649
EOAD,SORT1,0.0126776895100878,0.911197758117584
EOAD,SPINK5,0.0419791670099352,0.85579716170121
EOAD,SPINT1,-0.0086606184989117,0.953138706354856
EOAD,SPON2,-0.0466330611301152,0.732301778071357
EOAD,SRGN,0.0788025015286264,0.618614804127465
EOAD,SSC5D,-0.0267041000869163,0.760382992712622
EOAD,SST,-0.192037153624564,0.184820814901688
EOAD,ST3GAL6,-0.0314769223859336,0.875556702656571
EOAD,ST6GALNAC1,-0.0375846499770572,0.733058446674791
EOAD,ST8SIA3,-0.0226425112691314,0.860397936476489
EOAD,ST8SIA5,-0.071973217527459,0.532475086526863
EOAD,STMN3,-0.111989488119525,0.486374087294054
EOAD,SYT1,0.0099197310881301,0.950738586780477
EOAD,TAC1,-0.112649699681124,0.397723822993941
EOAD,TAC3,-0.0916256019532919,0.483684495282435
EOAD,TAGLN3,0.0689425238345885,0.362008206666693
EOAD,TBCA,0.0837204005821548,0.344310068012265
EOAD,TCN2,0.0757469191676866,0.686023558120614
EOAD,TFRC,-0.052503030628138,0.489545239876069
EOAD,THBS1,0.0834079649985524,0.254417362765949
EOAD,THBS2,-0.0668351848303926,0.306640816903246
EOAD,THBS4,-0.0308041678385042,0.724904799560678
EOAD,THSD4,-0.0585035484080521,0.826529969266933
EOAD,TIE1,-0.0461814824299492,0.682887593691529
EOAD,TMED4,0.0531809857658337,0.638175895584543
EOAD,TMEFF1,0.0500764890721904,0.614858545593406
EOAD,TMEM132C,0.0040020822982132,0.971677779483227
EOAD,TMEM132D,-0.183761529445987,0.070782850975501
EOAD,TMEM132E,0.0022824488270256,0.98875809471073
EOAD,TMEM25,0.0034261146552875,0.978626341460567
EOAD,TMSB4X,0.0964239141231327,0.794498118565265
EOAD,TNC,0.0323828526439061,0.794016076731741
EOAD,TNFRSF12A,0.0698497597852818,0.378555682030432
EOAD,TPBG,-0.147583483212829,0.119698018292115
EOAD,TPPP3,0.0886980600740407,0.732301778071357
EOAD,TTR,0.113067597785643,0.431802724215699
EOAD,TXNDC17,-0.0272944637283169,0.777065947444536
EOAD,TYRO3,-0.0746681596381351,0.235102275267595
EOAD,UCHL1,0.412555231995278,0.0001824256783617
EOAD,UNC5A,0.0281273457601035,0.875556702656571
EOAD,UNC5B,-0.0437761596404829,0.558629974625873
EOAD,UNC5C,-0.0091366044955602,0.913956114640467
EOAD,VAPA,0.0849308289810643,0.310557758399918
EOAD,VASN,0.086238593754307,0.119698018292115
EOAD,VCAM1,0.0848210507464346,0.222969766591318
EOAD,VCL,0.0274572017952888,0.807841091495909
EOAD,VIM,0.113690606878424,0.848045391785529
EOAD,VLDLR,-0.0128138035696546,0.858427129041415
EOAD,VWA1,-0.0300959539812314,0.786343524484402
EOAD,VWC2,-0.0091909087623274,0.956455210120122
EOAD,VWF,-0.0260249114542196,0.767355284743501
EOAD,WBP2,-0.0220641853240043,0.903498153486583
EOAD,WDR1,0.0583857221293623,0.603468839509725
EOAD,WSCD1,0.0211716693603756,0.893951486415057
EOAD,XXYLT1,-0.0698264865169988,0.344310068012265
EOAD,XYLT1,-0.017277277476751,0.906983205621088
EOAD,YWHAB,0.166924207215706,0.0001824256783617
EOAD,YWHAE,0.337158587018085,0.0001824256783617
EOAD,YWHAG,0.401801338385556,5.55761865841259e-05
EOAD,YWHAH,0.100282839038721,0.299490923766619
LOAD,MT3,-0.123112305251571,4.83762530268309e-05
LOAD,NFASC,-0.0768834190962256,0.0001403378142619
LOAD,ALDOA,0.133746788048671,1.11271964514897e-07
LOAD,LSAMP,-0.0588626536167181,0.0228042736194396
LOAD,PARK7,0.105869514161684,4.50385836589702e-06
LOAD,YWHAZ,0.335498235533105,1.43542238529664e-36
LOAD,CXCL16,0.0246170558400027,0.14888192740224
LOAD,SELENBP1,-0.0545044019556726,0.0832821060641292
LOAD,PROCR,-0.0299948987365921,0.381326859486243
LOAD,NCAN,-0.076974023644975,0.0131486198247833
LOAD,NICOL1,-0.115550828055068,4.01989368361702e-05
LOAD,DPP7,-0.02501701378439,0.632950188670442
LOAD,ICOSLG,-0.0871339616834974,0.0007671172531107
LOAD,PAPLN,-0.000666986230687,0.980387219561778
LOAD,FOLR2,-0.0213545887658037,0.507082242427191
LOAD,GC,0.0129612558587846,0.850682976393899
LOAD,HBA1,0.065895617159363,0.84027304426219
LOAD,IGLV3-19,-0.0444422367806609,0.602497523232369
LOAD,FBLN5,0.0275972939356322,0.197697558553777
LOAD,LAMP2,0.0024453758370615,0.964438320870969
LOAD,NUCB2,0.0401141238592002,0.146762882464436
LOAD,PDGFB,-0.0535215795508938,0.0031712270232398
LOAD,ITIH2,0.053738659996112,0.45008551746165
LOAD,CSF1R,-0.0445463184951945,0.0525345573612452
LOAD,PGLYRP2,0.0208389749969308,0.733742723410927
LOAD,IGHM,-0.0675175969414137,0.648991486902516
LOAD,LAMA2,0.0071219483168969,0.697849641251989
LOAD,APLP2,-0.03875478861024,0.240187064051038
LOAD,AGA,0.0306094406171325,0.285501676759645
LOAD,CFI,0.0169268353775812,0.756290635564629
LOAD,CD44,0.0527708418025149,0.0145844904007629
LOAD,IGSF8,-0.0420146934298218,0.0160122935494769
LOAD,CNTNAP4,-0.0322016456639242,0.241952665747124
LOAD,C1QC,0.0168780071791422,0.570562156217659
LOAD,C1R,0.0334217918124667,0.0957467149094021
LOAD,CPN2,0.0322870244444217,0.628430305160592
LOAD,AMBP,0.0353462081246816,0.604166592550144
LOAD,C5,0.0291236238777642,0.700064484313475
LOAD,HEXA,0.0089155697629441,0.838735681780743
LOAD,DBI,0.0353892378861258,0.0820317889401514
LOAD,C1QA,-0.0034492919286651,0.936515331255739
LOAD,NRXN3,-0.0535811841596204,0.0036360572011943
LOAD,IGHV3-30,0.013032197237229,0.899215532149
LOAD,C6,0.0611246909001857,0.253367949179481
LOAD,CLEC3B,0.0178885654128403,0.484648320748518
LOAD,SPARCL1,-0.0653070826281338,0.0429484139597416
LOAD,GAP43,0.115815680201735,1.60865283942974e-05
LOAD,MCAM,-0.0545919565273585,0.0193320824650248
LOAD,SCG2,-0.136875910593763,1.74612163669941e-05
LOAD,LMAN1,0.0207447113501795,0.251573856952361
LOAD,ADGRB2,-0.138652300508203,5.10084348179835e-07
LOAD,LTBP4,0.0030428740763681,0.908068961341591
LOAD,IGHG3,0.0344099853299853,0.775740365275253
LOAD,PON1,-0.0092104789998996,0.938007062643221
LOAD,AXL,-0.0231965978007682,0.267509917603297
LOAD,CADM1,-0.0421336836783534,0.0493193791781043
LOAD,APOD,0.0475918705773655,0.166651632151645
LOAD,SPON1,0.0653661248207591,0.0002973157179642
LOAD,MGAT1,-0.0048830683501156,0.892288979936066
LOAD,SERPINF2,-0.0199857671409354,0.748062874579679
LOAD,CP,0.0028871625756108,0.965221897810262
LOAD,PCSK1,-0.181540340410064,1.94920774058302e-05
LOAD,CPB2,-0.0127777924760862,0.84489910546081
LOAD,SPARC,0.0185027084203169,0.443922176402456
LOAD,LYVE1,-0.0635984774008329,0.0129469890645643
LOAD,IGKC,-0.014343875161175,0.866639056299745
LOAD,IGHG4,0.0192735431307531,0.89877093048402
LOAD,CNDP1,-0.0658129574571731,0.0419804491111954
LOAD,EFNB2,-0.0623450824589453,0.0007426880234982
LOAD,PRRT2,-0.0367409430919707,0.106684081087178
LOAD,RNASET2,0.0507123483310916,0.0420807236347014
LOAD,PNOC,-0.149370011354886,6.97749800010262e-07
LOAD,PLTP,0.0343054945105494,0.286477061435109
LOAD,ATRN,0.0015288559540554,0.959078482043985
LOAD,LGALS1,0.0824237332433343,2.7707492009828e-06
LOAD,OMG,-0.0731405332694868,0.0030486503429799
LOAD,FAT2,-0.0220890185457741,0.590486209064172
LOAD,AHSG,-0.0520536154321221,0.319771839989833
LOAD,IGFBP6,0.0563932623439804,0.139945922332384
LOAD,CFHR2,0.0843026647157613,0.192413127389536
LOAD,IGHV3-72,-0.0168204357145458,0.835814723265342
LOAD,NPPC,-0.0337888201895396,0.388274265024062
LOAD,CPE,0.0243734429073454,0.516059816010642
LOAD,HSPA8,0.0838821448017021,0.0043896488417227
LOAD,C4BPA,0.125597000774057,0.123729177379019
LOAD,VTN,-0.0281306780336662,0.674800855852771
LOAD,SEMA6A,-0.0231474863870088,0.379497028719027
LOAD,WFDC1,-0.040679329728629,0.394140374301053
LOAD,NPTX1,-0.119851487555232,1.99285165014706e-05
LOAD,PTN,0.0274706037587347,0.559215986873596
LOAD,DCN,0.0363671892823749,0.330376262788098
LOAD,MEGF10,-0.01698987342438,0.469384868045573
LOAD,PSAP,-0.0204171792084137,0.619750565962803
LOAD,GGH,0.006303235136161,0.885356335168362
LOAD,F10,0.0110393131453346,0.710913375011549
LOAD,KRT2,-0.129803776074519,0.0858835200563317
LOAD,GALNT2,0.0003271533229298,0.986792727423655
LOAD,NTNG1,-0.0831758112875234,0.0002667769770126
LOAD,CD55,-0.0446550964542668,0.235502416263455
LOAD,CD99L2,-0.0512478162913866,0.124250672996607
LOAD,IGHA1,-0.0218675227298777,0.873135258692318
LOAD,ACYP2,-0.0058210694675671,0.888307857358339
LOAD,EFEMP2,0.0192752693002848,0.330376262788098
LOAD,CHI3L1,0.135620353057911,0.0003243974343015
LOAD,FAM3C,-0.103555127944956,0.0005838776703135
LOAD,CRTAC1,-0.039349600582761,0.126154694471844
LOAD,IL6ST,-0.0320481656614669,0.105841965631339
LOAD,CTSH,-0.0138994863053847,0.8694690024182
LOAD,SEMA6D,-0.0559505968802853,0.0001162010755697
LOAD,TIMP1,0.0740934315623892,0.0001436933135294
LOAD,IDS,-0.0114544156733033,0.683162466424184
LOAD,SELL,-0.0378079150944017,0.215922208180861
LOAD,PROS1,0.0396477056880769,0.016473965545816
LOAD,CYCS,0.0343796657526153,0.268414905072775
LOAD,ADAMTS4,-0.0244680683879032,0.285501676759645
LOAD,NELL2,-0.122166258930188,3.75761500038127e-05
LOAD,TAFA5,-0.0310160039424343,0.196516816879612
LOAD,TNFRSF21,-0.0765842748394339,0.0005437095071508
LOAD,CTSB,0.0126197721356584,0.711844406397925
LOAD,LAMP1,0.0206208395249856,0.4999233122482
LOAD,IGFBP7,0.0137650060642498,0.806686378034569
LOAD,COL3A1,0.0207580036218155,0.353890499649546
LOAD,KIT,-0.0509332959233692,0.0143989784636825
LOAD,HSPG2,0.0516245454640248,0.0003452543566104
LOAD,IGFBP2,0.0534067144234734,0.0021854089895222
LOAD,PRELP,0.0647906312410972,0.0043669687341723
LOAD,C1QB,0.0044431338305084,0.877859821330134
LOAD,GDA,0.0727012204010041,0.0132914595524766
LOAD,NTM,-0.0660663858636749,0.029453104222394
LOAD,NECTIN1,-0.0716348861964176,5.06817490732515e-06
LOAD,ALCAM,-0.0413444658861587,0.0173129112628972
LOAD,APOC3,0.032023358335447,0.733742723410927
LOAD,WFIKKN2,-0.0387224206951231,0.446532281779557
LOAD,TGFBI,0.0183512423107001,0.390619611582164
LOAD,DNER,-0.0362675695838069,0.15124268738754
LOAD,CDH2,-0.0497818782999549,0.0445096495073756
LOAD,C1S,0.0159337961811533,0.418790691432509
LOAD,CHGB,-0.120097758025928,3.59448704380082e-05
LOAD,ALDOC,0.0310980489251618,0.24106274832118
LOAD,LYNX1,-0.0752777356849407,0.002690159685132
LOAD,ICAM5,-0.10019042048488,8.27345308847046e-05
LOAD,HPX,0.0351980320351012,0.508786242415849
LOAD,LAMB1,0.0162156134193011,0.360214199752382
LOAD,MOG,-0.0465347107064945,0.124797800294507
LOAD,STC2,-0.0350238154080375,0.0282083913880481
LOAD,CHGA,-0.159583985045501,0.0006816956852551
LOAD,HYOU1,-0.0329894271272989,0.0052373024932513
LOAD,IGHG2,-0.0252843836869978,0.807096369718153
LOAD,ITIH5,-0.0095264385089343,0.741986151506921
LOAD,GPI,0.158820363710383,6.95206141006585e-13
LOAD,APCS,0.015709289893329,0.894170810851183
LOAD,MST1,-0.0329469955537961,0.668096915013823
LOAD,GPR158,-0.088435229118791,0.0036360572011943
LOAD,HP,0.12622335357023,0.366799439290943
LOAD,COL18A1,0.0262607969646527,0.25553008971257
LOAD,RTN4R,-0.0865668823851063,0.0003243974343015
LOAD,GRIA4,-0.0736707196436452,0.0409618321345031
LOAD,MEGF8,-0.044454960166211,0.0590967696995099
LOAD,SERPIND1,0.0023997059381215,0.962579881176393
LOAD,COCH,0.0262064332735908,0.492061240747707
LOAD,CBLN1,-0.0482245407555469,0.196552671840428
LOAD,CD59,-0.0413367017468162,0.10990846278156
LOAD,KRT10,-0.0957758567589923,0.326154387224966
LOAD,ATP6AP1,-0.0512563590282634,0.0263021708812581
LOAD,SERPINI1,-0.0554375960498403,0.0304273541147411
LOAD,TGFBR3,-0.0038022742111929,0.859765989260966
LOAD,PTPRG,-0.0713320355580874,1.2067870567754e-05
LOAD,CLSTN2,-0.0020620822350592,0.946808960872353
LOAD,ART3,-0.0342182988664831,0.137020646035852
LOAD,KRT1,-0.0487329968023412,0.748825731253908
LOAD,L1CAM,-0.0109965480126646,0.719140639282039
LOAD,NRXN2,-0.0710132967743326,0.0010186310894072
LOAD,B2M,0.0051509711782324,0.899215532149
LOAD,C3,0.0148546327872429,0.777463354139943
LOAD,APLP1,-0.0928912835437325,0.0006237394195467
LOAD,LUM,0.0520473048604548,0.158514840893845
LOAD,BCAN,-0.0436739997924475,0.152239050206041
LOAD,CARTPT,-0.0909502718921395,0.0016940787140009
LOAD,B3GNT2,-0.0175866769074178,0.187230442890165
LOAD,NBL1,-0.0814824837766527,0.010886558368856
LOAD,PKM,0.116451524679797,8.58988247445455e-07
LOAD,RBP4,-0.002263202618379,0.969723354506333
LOAD,LRG1,0.0865671713330273,0.136157577466292
LOAD,SOD1,0.0335523674127323,0.326935866495502
LOAD,AGRN,-0.0067023434682009,0.782210370475158
LOAD,SPOCK3,-0.004788159215528,0.860575009747984
LOAD,COL1A1,0.0209076695760735,0.488929801337651
LOAD,COL6A3,0.0287677793668979,0.0749135946959531
LOAD,DDR1,-0.0298818173761614,0.235356581001918
LOAD,PTPRD,-0.0443321248834563,0.0274782867193029
LOAD,GASK1B,-0.0393191724338548,0.0362345087078535
LOAD,TPP1,0.0063371275785706,0.899766625104215
LOAD,VSTM2A,-0.128858866234608,0.0029119364249658
LOAD,CLIC4,0.0839682898217047,7.34473074436972e-05
LOAD,AEBP1,0.0439881202524639,0.0094114522208973
LOAD,FGA,0.0483056882953808,0.580401169490752
LOAD,HBB,0.0833375886859833,0.806686378034569
LOAD,SCG5,-0.0863965826148849,0.0030898530464413
LOAD,ZP2,-0.164518783714755,7.92887831426291e-05
LOAD,SLITRK1,-0.141730118528725,3.7010265560536e-05
LOAD,CAMK2A,0.0194827538972753,0.688345546859343
LOAD,CTSL,-0.0037993416146074,0.905397500675216
LOAD,KLK6,-0.0415866414494116,0.102770962411722
LOAD,PCOLCE,0.0224848407186328,0.25641978522012
LOAD,C16orf89,-0.0184507303850307,0.501146792387332
LOAD,NRCAM,-0.0993216327694101,0.0004003955231873
LOAD,PLXDC2,0.0139992423612549,0.753173646287732
LOAD,CACNA2D1,-0.143663014753089,2.49282962152346e-07
LOAD,TAGLN,0.121455975021194,0.0017793121208446
LOAD,PRNP,-0.066190557655617,0.0358486971953961
LOAD,C1RL,0.0091182295107212,0.84489910546081
LOAD,SERPINA7,0.0303246100535963,0.604166592550144
LOAD,C1QTNF3,-0.0529819331095018,0.267340364851461
LOAD,CNTN2,-0.0047409725984847,0.899766625104215
LOAD,SERPINA1,0.0348070121014553,0.62653191972241
LOAD,F5,0.006739789755152,0.896180442507004
LOAD,SLC5A5,0.0400156164120458,0.515679612586071
LOAD,NCAM1,-0.0537468675760623,0.0358486971953961
LOAD,AJAP1,-0.117087920519637,0.0007219665317742
LOAD,PTPRS,-0.0485412803439642,0.0017653524261257
LOAD,RARRES2,0.0179496942128427,0.589907577918281
LOAD,LAMC1,0.0034057216034447,0.855061003508204
LOAD,APOA2,-0.0459031332991685,0.567051728638762
LOAD,A1BG,0.0155312163961808,0.835814723265342
LOAD,MASP1,0.0285097565026478,0.392621767231718
LOAD,OAF,0.0107733840428673,0.720550596739193
LOAD,DPP6,-0.0202863947006188,0.304744171720936
LOAD,NID2,0.0117683584664345,0.639293041752592
LOAD,CPVL,0.0319173069915343,0.461676921488212
LOAD,SERPINC1,0.0269681535476965,0.676008225155976
LOAD,CHL1,-0.11110599928782,0.0001386832534106
LOAD,CELSR2,-0.0917222907731221,0.000210591671107
LOAD,FGB,0.0214942203138271,0.835814723265342
LOAD,BTD,-0.0136999571438053,0.357049681481072
LOAD,PI16,0.0638698635979373,0.0157494352672343
LOAD,CPQ,-0.026046549745375,0.416401636379541
LOAD,GFRA2,-0.142273042165408,1.28616823143601e-06
LOAD,SHISA5,0.0123935866836626,0.724638111843048
LOAD,PGK1,0.162422365499133,1.5426101460673298e-11
LOAD,SPP1,0.0679769180222052,0.0111785537107501
LOAD,VCAN,0.0063417423966774,0.812898612181378
LOAD,ITM2B,-0.0130766393024881,0.724638111843048
LOAD,PCDH8,-0.0700542431796633,0.0168338756667812
LOAD,ENO2,0.0806653459444418,5.89928440124413e-05
LOAD,CTSA,0.025773589260642,0.476979016027837
LOAD,SEZ6L,-0.114251952307784,5.0997431737864e-05
LOAD,POMGNT1,-0.0420093612495738,0.0899614638152285
LOAD,CTSF,0.0131684880145971,0.618050592814506
LOAD,AZGP1,0.0384864136588128,0.456703166953874
LOAD,ECRG4,0.0299919777142719,0.76092545279618
LOAD,SELENOP,0.0198160375261021,0.423442444330504
LOAD,SIAE,-0.0153618367353299,0.741986151506921
LOAD,GSN,0.0176777033686156,0.519910557301533
LOAD,RNASE4,0.0591620020789949,0.0051278509903609
LOAD,C2,0.012758133657366,0.782210370475158
LOAD,RNASE1,-0.0091383382436954,0.84489910546081
LOAD,CDH13,-0.0937828901432739,0.0080777135912835
LOAD,A2M,0.0158014717665695,0.435041855948356
LOAD,PODXL2,-0.0510445437473593,0.0005027725972305
LOAD,COL1A2,0.0075401937369588,0.816189001427677
LOAD,GOT1,0.0408780361898293,0.155253517387078
LOAD,SCG3,-0.111487590958224,0.0011854547275515
LOAD,PEBP1,0.0693856370875023,0.0002930420125723
LOAD,MAN1B1,-0.0124014243406135,0.559072843284691
LOAD,RELN,-0.0348493170402905,0.360079652778425
LOAD,PPIC,0.0072512550892906,0.860772000427551
LOAD,CDH6,-0.0365646956352315,0.0112568517691499
LOAD,SEZ6,-0.0318392157393156,0.136157577466292
LOAD,GOLM1,-0.0072255824351877,0.791613048369691
LOAD,APP,-0.0523754956095566,0.0859023028690871
LOAD,ACTB,0.124093997894308,8.27345308847046e-05
LOAD,LDHB,0.0660574630076487,0.0013425625797912
LOAD,EFEMP1,0.0079400393942221,0.809443515311496
LOAD,PLD3,0.0412692644649112,0.0944058810155536
LOAD,C8B,0.0209967780660135,0.776217967080474
LOAD,GPX3,0.0064244113638692,0.85124893041356
LOAD,CBLN3,-0.0432001866269022,0.333524260161527
LOAD,LTBP2,0.0127021144975294,0.625301283933562
LOAD,IGFBP5,0.0285410681006091,0.226525722169284
LOAD,OPCML,-0.111989670225251,8.93428321337481e-05
LOAD,FSTL1,0.0413768672317137,0.0318507463458995
LOAD,EPHA4,-0.102807268079186,0.0004646209468244
LOAD,IGLON5,-0.0590668858929773,1.35142577499037e-05
LOAD,ROBO1,-0.056315957774606,0.0001452188115185
LOAD,CA1,0.114415447536319,0.61939675562117
LOAD,GAPDH,0.0668461875436378,0.178746805319383
LOAD,BASP1,0.0716843751050569,0.0164188359082054
LOAD,THY1,-0.146309969187031,2.47065576039561e-07
LOAD,LTBP1,0.0215054018653454,0.285501676759645
LOAD,HSPA5,-0.0198991591723678,0.14888192740224
LOAD,TGOLN2,-0.0431877182884018,0.0435715845706744
LOAD,PRRT3,-0.0776506526285763,0.0007594603274805
LOAD,ANG,0.0591191474436539,0.0496250143061875
LOAD,PLG,0.0001440928951485,0.997864263475981
LOAD,BPNT2,-0.0725986432663925,0.0004244172458699
LOAD,MAN1A1,-0.057865515066843,1.61771989739024e-05
LOAD,ISLR,0.0041481034812105,0.860575009747984
LOAD,SERPINA6,-0.0232575129265332,0.699633099939914
LOAD,HRG,0.0435947056358477,0.538712413350096
LOAD,F2,0.0244331052298446,0.697617287202696
LOAD,APOC1,-0.0006304573818336,0.99505930199608
LOAD,PAM,-0.122947751496794,1.28616823143601e-06
LOAD,SIRPA,-0.061094930154703,0.195694324730012
LOAD,PFN1,0.0761169716821222,0.000811901937175
LOAD,SEMA4B,-0.0190369545325689,0.272030580879805
LOAD,PTPRN2,-0.151659420003625,1.88952893305869e-10
LOAD,SHISA6,-0.0416230026792698,0.127389226972158
LOAD,AGT,0.0033871424244489,0.935827032261452
LOAD,CLSTN1,-0.0388349295937617,0.213492086583427
LOAD,QDPR,0.0177757371379847,0.631478391069045
LOAD,FRZB,0.059078461337367,0.0158377141943092
LOAD,CALM1,0.123645745130161,5.668618191026071e-09
LOAD,SEMA7A,-0.0580392518105886,0.0859023028690871
LOAD,IGF2,0.0377691588200998,0.0974158325920762
LOAD,MMRN2,-0.0314617451955058,0.0303071459265112
LOAD,FUCA2,-0.0542015326938124,0.501146792387332
LOAD,HTRA1,0.0428017146544559,0.0064509942966311
LOAD,TMEM132A,-0.0162504613660466,0.506995977299062
LOAD,LYZ,0.0574013663224515,0.1624352162645
LOAD,KNG1,-0.0141200276834863,0.842119011263772
LOAD,MCFD2,0.009191270399877,0.704799523132713
LOAD,PPIA,0.164036413952103,2.49269922027458e-10
LOAD,CALB1,0.0430883914374028,0.118895232331161
LOAD,GPR37,-0.0619547686323838,0.0231080839203744
LOAD,SHISA7,-0.109331056642302,3.79519104123163e-10
LOAD,MAPT,0.308305597442164,2.4957046947115402e-14
LOAD,ATP6AP2,0.0192083911556275,0.748062874579679
LOAD,C7,0.0507750067154307,0.112331676039691
LOAD,CANX,-0.0401666823616505,0.0398255745373819
LOAD,VGF,-0.230264496232945,3.3993960934951e-07
LOAD,ENPP2,0.0307567341711547,0.458859938601074
LOAD,MGP,0.0166544102624389,0.712652172337668
LOAD,MRC1,-0.0233792846722533,0.388368484860206
LOAD,SERPINA5,0.0202120421822199,0.681124888956443
LOAD,IGKV4-1,-0.0165229794076063,0.846358330048119
LOAD,LDHA,0.112816153022904,9.71529082495921e-09
LOAD,PRCP,0.0060259822887116,0.892288979936066
LOAD,FRRS1L,-0.0770020727195743,0.0065776562149419
LOAD,F12,0.0045347043434438,0.956533785054578
LOAD,TPI1,0.0252044217784429,0.411380738835203
LOAD,FGG,0.0311825012390857,0.769360083653585
LOAD,OGN,-0.0075508366790176,0.84489910546081
LOAD,LCAT,0.0153092023430735,0.712652172337668
LOAD,LINGO1,-0.0955690974462232,0.0010188038979879
LOAD,MEGF9,-0.0495507070516245,0.0045837904448373
LOAD,CSF1,0.0007517246118647,0.978704489521699
LOAD,SEMA3G,-0.0350623698791604,0.0850004028835916
LOAD,DKK3,-0.0415390497540653,0.177938127215804
LOAD,NCAM2,-0.0443686285027217,0.0634531240906755
LOAD,NPTX2,-0.223794693225008,4.5459852736416e-09
LOAD,SPOCK1,0.0022399338334708,0.951686813460368
LOAD,TF,-0.0578390348720501,0.0198576050482607
LOAD,QSOX2,-0.0073833313327517,0.834091475490925
LOAD,PIK3IP1,-0.0620503641940654,0.004519072632303
LOAD,SMOC1,0.213639398924627,1.43505407889241e-17
LOAD,LMAN2,-0.0202363774938486,0.300824206918413
LOAD,CLSTN3,-0.0652390901043729,0.0002287729081771
LOAD,NEO1,-0.0493275587420272,0.0008276808644303
LOAD,IGFBP4,0.0250632346216081,0.200999219753421
LOAD,PRKCSH,-0.0337244548374364,0.0487468082279703
LOAD,BCHE,0.0074048296866534,0.842119011263772
LOAD,SPINT2,-0.0470716604611486,0.0228042736194396
LOAD,TWSG1,0.01025836383047,0.597293601009678
LOAD,HEXB,-0.0092350811601167,0.811395983287889
LOAD,SULF2,-0.016694291851417,0.331489818135872
LOAD,FETUB,-0.0070098502554833,0.931292070101512
LOAD,MMP2,0.0227765953293158,0.344255500860125
LOAD,MFGE8,-0.025202448117788,0.441026704805021
LOAD,SLC39A10,-0.0817176457341841,0.0006816956852551
LOAD,KLKB1,0.0001312316453591,0.997864263475981
LOAD,FGFR2,-0.0494775237762087,0.0053661694128445
LOAD,PTPRZ1,0.0117888433685112,0.678541635901173
LOAD,GNPTG,0.0112916725187083,0.624931650049533
LOAD,DYNLL2,0.0503446588020264,0.0439660619860865
LOAD,SDF4,-0.0024198173935928,0.915124177510222
LOAD,PTPRN,-0.14267143716264,6.30341448541531e-06
LOAD,VSTM2B,-0.109348402293914,0.000160197140035
LOAD,PRDX1,0.0922237218134291,0.0091816650315312
LOAD,APOA4,0.0420323234612167,0.531722840822456
LOAD,FBLN1,0.0154170958670821,0.515679612586071
LOAD,CADM3,-0.039145420889779,0.0662636168736662
LOAD,SERPING1,0.0266546237305064,0.237518924490303
LOAD,APOE,0.534570971248909,5.38243384165579e-08
LOAD,SOD2,0.059639234277943,0.0526674173298603
LOAD,PENK,0.0238250428522964,0.528832977242042
LOAD,CST3,-0.0452374537409961,0.136456146209619
LOAD,CFD,0.0517779830972265,0.150779896470591
LOAD,CADM4,-0.0280236565178239,0.111544267617059
LOAD,FN1,0.0014489226529355,0.970493851556086
LOAD,COLEC12,0.0073944392391532,0.825954679099596
LOAD,CFH,0.05979310666159,0.0063876626252144
LOAD,CNTN1,-0.0329477743237225,0.120480372765311
LOAD,ORM1,0.0689658177156031,0.324660650300251
LOAD,NPY,-0.181639263066309,3.17618013999561e-07
LOAD,ECM2,-0.0021114360290422,0.957798370357542
LOAD,CD14,0.0198739512231162,0.430988925144438
LOAD,ENDOD1,-0.023211769266698,0.190754030087858
LOAD,APOA1,-0.016662919094312,0.847416537246623
LOAD,OLFM1,-0.0231794011456113,0.136157577466292
LOAD,FGFR1,-0.0485216491722411,0.0066629133836258
LOAD,HABP2,-0.0246123744199147,0.719752136780108
LOAD,PTGDS,-0.004546334036987,0.896171587908629
LOAD,GLDN,0.005665127550222,0.930617075218907
LOAD,GOLIM4,-0.0397597464292067,0.0535756639944459
LOAD,SOD3,0.0517405925461187,0.135522184291409
LOAD,SERPINF1,-0.0240223854066509,0.353890499649546
LOAD,C8A,0.0173312814225225,0.811395983287889
LOAD,RNASE2,0.0383335823011034,0.33135596328482
LOAD,ITIH1,0.0462232609741613,0.52345018490592
LOAD,TIMP2,0.0179986831460648,0.453823626851726
LOAD,SORCS2,-0.0302716384878953,0.334481035654258
LOAD,ORM2,0.0833280862361674,0.178443436822803
LOAD,CD163,-0.0249847256787266,0.325643346948003
LOAD,CADM2,-0.0637409362657934,0.0068834271430824
LOAD,SORCS3,-0.0831506091473391,1.36596319549805e-07
LOAD,TALDO1,0.0550450350350134,0.0692871638363259
LOAD,OMD,0.0722894174155256,0.0015180105352088
LOAD,ENO1,0.158354245447524,1.58987700868877e-13
LOAD,NRXN1,-0.0680899615773253,0.0025966823816138
LOAD,SERPINA3,0.0983182670379158,0.007274459598561
LOAD,FCGBP,0.0558359769633753,0.365764796777829
LOAD,MAN2A2,-0.0595235739221671,0.0107205125404999
LOAD,RNASE6,0.0097259194753792,0.776217967080474
LOAD,MARCKS,0.045625432701071,0.0014586406190085
LOAD,ST6GAL2,-0.0836344690985885,0.0004576457893262
LOAD,NID1,0.0163995650686362,0.259085368152244
LOAD,COTL1,0.0629856791384339,0.0006816956852551
LOAD,TXN,0.0782401523252905,0.0009812143909506
LOAD,CUTA,-0.0274524086155786,0.161011928103982
LOAD,NPTXR,-0.224838845823591,1.52229705731608e-11
LOAD,MDH1,0.111462970048391,8.0316874720526e-07
LOAD,C8G,0.0046462804245047,0.951686813460368
LOAD,PRG4,0.0844412250495946,0.105764472306032
LOAD,ARMH4,-0.0479718918441051,0.0491423168412295
LOAD,GOT2,0.027049105566972,0.428367087412817
LOAD,PPIB,0.0338443934883997,0.186686440189514
LOAD,QSOX1,-0.0113386768600516,0.566320649514446
LOAD,APOM,0.0080955102127369,0.938007062643221
LOAD,FBLN2,0.0225406576861778,0.342102766882082
LOAD,LY6H,-0.147370965927829,8.27345308847046e-05
LOAD,WFDC2,-0.0428443265493321,0.0778499561389792
LOAD,GPR37L1,-0.0916902438322136,0.0304273541147411
LOAD,TNXB,0.0313503167580912,0.118600104222328
LOAD,APOH,0.0543887514992026,0.352024117729843
LOAD,SERPINA4,0.0218058427465313,0.751282229537436
LOAD,NPC2,0.0223756546528097,0.544175896377478
LOAD,ADGRB1,-0.107417424114353,9.55567497091748e-08
LOAD,IGKV3-20,0.0070674928976032,0.942223891423761
LOAD,ITIH4,0.0274833921365187,0.719140639282039
LOAD,BGLAP,0.0291733805914922,0.741986151506921
LOAD,RTN4RL2,-0.154302904140538,5.26631757510116e-08
LOAD,DAG1,-0.0054993258070347,0.750781121889554
LOAD,CGREF1,-0.111271639889303,0.0001871578347517
LOAD,DIPK1C,-0.035227867945652,0.13120791185343
LOAD,CFHR1,0.0817791361879647,0.230144817230463
LOAD,CLU,0.0123465990791696,0.665796521453216
LOAD,FSTL4,-0.071832582011056,0.0134023048631933
LOAD,NTRK2,-0.0448473918971999,0.0013043155580367
LOAD,NXPH4,-0.0516903839835157,0.0760064177804155
LOAD,ADAM22,-0.0494173034229443,0.0067038351770713
LOAD,CCN3,0.0291155725725816,0.321793241541649
LOAD,CNTN4,-0.0382324356980616,0.0093834072998761
LOAD,SPOCK2,0.0508979558282525,0.0688418415740434
LOAD,KRT9,0.0047440440067492,0.980387219561778
LOAD,TNR,-0.0073313880063195,0.749596508652524
LOAD,LRRC4B,-0.0254554943649412,0.353890499649546
LOAD,CTSD,0.0363385039262635,0.408937553330336
LOAD,CTSZ,0.0012876899382373,0.978704489521699
LOAD,CANT1,-0.0579943543262248,6.7655686951696e-05
LOAD,PCSK1N,-0.0602106477013416,0.0136469266294246
LOAD,GM2A,-0.0327716231165017,0.262584870218863
LOAD,C9,0.0536927407949914,0.394140374301053
LOAD,CALR,-0.0336712664778582,0.109443036561128
LOAD,COL6A1,0.0059327282063531,0.860759285594867
LOAD,CAMK2B,0.0140788979963142,0.508786242415849
LOAD,SPINK6,-0.0236423003437691,0.692650021348043
LOAD,APOB,0.120363215037612,0.0677325500594539
LOAD,AFM,-0.0815094588396544,0.147266980336887
LOAD,PTPRF,-0.0342198975483412,0.0487468082279703
LOAD,LGALS3BP,0.0079529451424509,0.770759779259782
LOAD,ECM1,-0.072745685878454,0.0016857413244081
LOAD,SLITRK4,-0.108543607472949,3.16307971344568e-07
LOAD,PCSK2,-0.170148472492786,2.4476609612256997e-13
LOAD,VSIG4,0.0347816554582931,0.248020872646564
LOAD,SUSD5,-0.0503739577231057,0.0102313110830941
LOAD,B4GAT1,-0.0445395848827185,0.0690155867980066
LOAD,NEGR1,-0.0857327018411796,0.0001772449196661
LOAD,PEBP4,-0.0226027246275469,0.609630015903014
LOAD,GMFB,0.061043526439032,3.69972835287198e-05
LOAD,SCRG1,0.0163836566064337,0.741986151506921
LOAD,NUCB1,-0.0052933214821659,0.850454149445042
LOAD,A4GALT,0.0251963732212653,0.398891200907713
LOAD,ABCA2,-0.0301053684991825,0.108182399866782
LOAD,ABHD14B,0.0461201767208222,0.418790691432509
LOAD,ABI3BP,0.0513800457989198,0.0390631372731341
LOAD,ACE,-0.039300353823246,0.0281053504320544
LOAD,ACP2,0.0161514312380134,0.739568430255923
LOAD,ACYP1,0.0282306268900917,0.314706059085021
LOAD,ADA2,0.0519679340241214,0.0303071459265112
LOAD,ADAM10,0.0028048658151305,0.893726944580156
LOAD,ADAM11,-0.0500915581755896,0.0014745448894882
LOAD,ADAM15,-0.0220579448853951,0.368639592689873
LOAD,ADAM23,-0.0547933804438373,0.0001918741188174
LOAD,ADAM28,-0.0029365288860332,0.964438320870969
LOAD,ADAM9,-0.0150509878709413,0.801341075046035
LOAD,ADAMTS8,-0.0615205477636329,0.0007081168248817
LOAD,ADGRB3,-0.0319550394735919,0.336837955398075
LOAD,ADGRL1,-0.0626647376600313,3.69972835287198e-05
LOAD,ADGRL3,-0.0550560578675025,0.0023418316398131
LOAD,ADM,-0.0388199791512243,0.0972581076884629
LOAD,AHNAK,0.0532661963469087,0.109606310433393
LOAD,AKR1B1,0.0935249985422037,1.8667582249383e-05
LOAD,ALB,-0.0155710402481995,0.809443515311496
LOAD,ALDH1A1,0.0439781714775982,0.446532281779557
LOAD,ANGPTL7,0.0566719595904597,0.306744936010386
LOAD,ANPEP,0.028733234541416,0.229505168720062
LOAD,ANXA5,0.0727042722369453,0.0351522352181154
LOAD,AP2B1,0.0306635838458253,0.173570094686645
LOAD,APMAP,-0.0185292638183273,0.742531153389523
LOAD,APOC2,-0.0157823058127206,0.869863281535462
LOAD,APOF,0.0484938385485786,0.388274265024062
LOAD,APOL1,-0.0296675941178055,0.720550596739193
LOAD,ASAH1,0.007196213788845,0.89427399840445
LOAD,ASPH,0.0241930006009697,0.0626099609433799
LOAD,ATP1B1,-0.0108208977064252,0.593641552772021
LOAD,ATP1B2,0.0319961627390796,0.0999953384374552
LOAD,ATRNL1,-0.0373791528694123,0.209311792013587
LOAD,B3GALNT1,-0.0402496443459503,0.0393647610446697
LOAD,B3GNT9,0.0148581844429087,0.710913375011549
LOAD,B4GALT1,-0.0229393506567551,0.331489818135872
LOAD,BCAM,0.0194237776111821,0.263943771235075
LOAD,BGN,0.0510993102176478,0.0318507463458995
LOAD,BLMH,0.0101083697076143,0.778590053224893
LOAD,BMP1,0.0155200368456362,0.632950188670442
LOAD,BMP6,-0.0130036172890275,0.751305898250137
LOAD,BSG,-0.0525478859529016,0.0065419012369475
LOAD,BST1,0.0113913303847111,0.733742723410927
LOAD,C11orf87,-0.113183472086333,0.0053661694128445
LOAD,SPRING1,-0.0511259368976796,0.0029619700404278
LOAD,C1QL3,0.000115788989837,0.996412036747166
LOAD,C1QTNF4,-0.0684714605492923,0.0001720422357731
LOAD,C1QTNF5,0.005101630776432,0.891180797915519
LOAD,C4BPB,0.0865366522392222,0.200999219753421
LOAD,CA10,-0.0431989674358416,0.179346736814253
LOAD,CA11,-0.0112675889022332,0.793203587007805
LOAD,CA2,0.0916515276925076,0.632950188670442
LOAD,CA4,-0.0640297566645161,0.0060642922984992
LOAD,CACHD1,-0.0217419940630606,0.434812336926375
LOAD,CACNA2D2,-0.0557818305532018,0.0043780907176197
LOAD,CACNA2D3,-0.0664105030504369,0.0004909502732029
LOAD,CALY,-0.0799072960353231,0.0145122731006548
LOAD,CAMK2D,0.0317994072405539,0.279441806911395
LOAD,GOLM2,-0.0129749140683935,0.52345018490592
LOAD,CAT,0.0621941699267503,0.712652172337668
LOAD,CBR1,0.0870668502494943,1.61771989739024e-05
LOAD,CCER2,-0.0387515111065297,0.294280686621727
LOAD,CCK,-0.113228506213763,0.0002954981855083
LOAD,CD109,0.0250134215766389,0.427873607612398
LOAD,CD200,-0.105027917057147,4.40521449305451e-07
LOAD,CD248,-0.0053790818139546,0.840189281372014
LOAD,CD5L,-0.0328380705792025,0.704921970224421
LOAD,CD81,0.023686182695571,0.66349452171899
LOAD,CD9,0.0372410098873508,0.544975364510882
LOAD,CDH10,-0.0556359013878496,0.0127885193479768
LOAD,CDH11,-0.0189010456422826,0.240187064051038
LOAD,CDH15,0.0343652111659538,0.366887123378811
LOAD,CDH18,-0.0885093554722713,0.0001386832534106
LOAD,CDH20,-0.0228941227787532,0.13033673465089
LOAD,CDH22,-0.0588148990374916,0.0019526664181503
LOAD,CDH4,-0.0502799945909337,0.0307675648455871
LOAD,CDH5,-0.0159032354305496,0.518380478705505
LOAD,CDH7,-0.0392274190243925,0.0292753953188782
LOAD,CDH8,-0.128139242374987,3.26718389750954e-06
LOAD,CDH9,-0.0449575228836679,0.0362345087078535
LOAD,CEL,-0.0524661971628479,0.34656565290159
LOAD,CEMIP,0.0236314243580562,0.0955645940306932
LOAD,CFB,-0.0026657061588065,0.973102116162028
LOAD,CFHR3,0.0910437372100916,0.114205579453616
LOAD,CFL1,0.1287270324643,0.000210591671107
LOAD,CFP,0.0698808938328425,0.101445984393522
LOAD,CHAD,0.0175538640465397,0.678541635901173
LOAD,CHI3L2,0.11816037447882,0.0066574947769881
LOAD,CHID1,0.0177376896443101,0.515905486657872
LOAD,CHIT1,0.289181449194884,3.59448704380082e-05
LOAD,CHRD,-0.0386760635850916,0.0042464947323015
LOAD,CHRDL1,0.0144906552595858,0.452394943664483
LOAD,CHST10,-0.0945415279994786,2.86050590975591e-05
LOAD,CHST15,-0.0012863567775837,0.958524051548838
LOAD,CKB,0.0867170260292549,0.0008775301378955
LOAD,CKMT1A,0.0723986516082832,0.0304831356794255
LOAD,CLEC11A,0.0272127764769198,0.207628195450742
LOAD,CLMP,-0.0118922477365687,0.691132847148557
LOAD,CLN5,0.0145183084365907,0.756290635564629
LOAD,CLUL1,-0.0631158152887109,0.0540912845044446
LOAD,CNPY3,0.0122310751502347,0.775740365275253
LOAD,CNTFR,-0.0343790205611609,0.0714992935463168
LOAD,CNTN3,-0.0486631131850304,0.0001403378142619
LOAD,CNTN6,-0.0138666718181824,0.528433862958889
LOAD,CNTNAP2,-0.0477359305585817,0.0587361631930626
LOAD,CNTNAP5,-0.0421024704171833,0.0111692072797206
LOAD,COL12A1,0.0207203025019951,0.377920657465645
LOAD,COL14A1,0.0155507298553459,0.493538415376344
LOAD,COL15A1,0.051343116860312,0.0522112938764859
LOAD,COL21A1,0.0234777734732236,0.436240475805777
LOAD,COL28A1,0.0877888964511804,0.0730643342392577
LOAD,COL4A1,0.0227566421109079,0.390307496775511
LOAD,COL4A2,0.0267964137247497,0.161345111145461
LOAD,COL5A1,0.0457442500557347,0.068894332324501
LOAD,COL6A2,0.0864603076842179,0.0001170888881419
LOAD,COMP,0.119322446283295,0.0026279741487635
LOAD,CPD,-0.0153750330920204,0.410315413528764
LOAD,CPN1,0.0364744333003101,0.592127443246869
LOAD,CPXM2,0.0136765258260568,0.706482706551472
LOAD,CRABP1,0.0345420508617038,0.637446604528508
LOAD,CREG1,0.0163955370699498,0.675014951761707
LOAD,CRELD1,-0.0664150064876161,0.0241516886942308
LOAD,CRISP3,0.0104853956828323,0.891266593764426
LOAD,CRYM,0.0976845789122584,1.61303098424017e-05
LOAD,CSPG4,0.0234973955500098,0.155084163379578
LOAD,CST6,0.0231834708974319,0.581472392257913
LOAD,CSTB,0.102132134147032,1.53953995855906e-05
LOAD,CTBS,0.0155304051380287,0.665311585825976
LOAD,CCN2,0.0510490440855583,0.0525345573612452
LOAD,CTSC,0.0461111538826466,0.148391453649796
LOAD,CTSO,0.0197007365229317,0.493538415376344
LOAD,CTSS,0.0203775898957931,0.566320649514446
LOAD,CXADR,-0.0312385485543564,0.235502416263455
LOAD,CXCL12,0.0069688218502042,0.899766625104215
LOAD,CYTL1,0.0244591889237068,0.580582752207771
LOAD,DBH,-0.0112242071235078,0.892288979936066
LOAD,DCC,-0.0738383148403354,4.18836182167922e-05
LOAD,DCD,0.0073627753334445,0.940670175057807
LOAD,DDAH1,0.0610411259812532,1.66575605173798e-06
LOAD,DDB1,-0.0171947607496004,0.429218456669034
LOAD,DIPK2B,-0.0424348208599661,0.0572556255563999
LOAD,DLD,0.0325654417532444,0.191982834549916
LOAD,DMKN,0.0053008969459857,0.942396305466005
LOAD,DNAJC3,-0.0046927861068337,0.84489910546081
LOAD,DNASE2,0.0028366598856782,0.957798370357542
LOAD,DPP10,-0.0092767746521878,0.809431113856073
LOAD,DPP3,0.0135347011687872,0.750280703118144
LOAD,DPYSL2,0.14457439533866,2.88564394147342e-08
LOAD,DSC1,0.0025595580380023,0.962579881176393
LOAD,DSC2,-0.0206181448767317,0.19714232921405
LOAD,DSC3,0.0331285062385269,0.229505168720062
LOAD,DSG2,-0.0094491033849221,0.726836951215541
LOAD,EDN3,-0.0368528683805378,0.0970237213353822
LOAD,EFCAB14,-0.0433606541063498,0.0592463251991581
LOAD,EFNA1,0.0097291736977452,0.811395983287889
LOAD,EFNA3,-0.111414704205729,1.13388916946191e-05
LOAD,EFNB1,-0.0003005808201499,0.991498587686375
LOAD,EGFR,-0.0168706170662132,0.414414526470618
LOAD,EMC10,-0.014436461714391,0.765990435713482
LOAD,EMILIN2,0.0088573554473556,0.804938413414088
LOAD,ENPP4,0.0232610315650152,0.584400405163928
LOAD,ENPP5,-0.0218330307773303,0.571482206809138
LOAD,ENPP6,0.0258329820994858,0.236898248691374
LOAD,ENTPD6,-0.029951098116355,0.248696585023449
LOAD,EPDR1,0.0177073610992713,0.740549001137019
LOAD,EPHA10,-0.0955889054307029,2.00385909921089e-05
LOAD,EPHA5,-0.0969354877158199,8.523093786761539e-12
LOAD,EPHA7,-0.0440009534163553,0.0042843070025615
LOAD,EPHB6,-0.0776700911987846,0.0079467036469079
LOAD,ERAP1,0.0158973839624875,0.712652172337668
LOAD,ERBB3,-0.0226963941190939,0.356109027435407
LOAD,ERP44,-0.0099176737804494,0.542216983804838
LOAD,ESAM,-0.0396383349978001,0.0419804491111954
LOAD,EXTL2,-0.0557291683611105,0.0033383931451259
LOAD,EZR,0.0974304134726345,0.0009927985347152
LOAD,F11,0.0358266630139297,0.46692600219287
LOAD,F13A1,0.0252797511430661,0.558173246304333
LOAD,F13B,0.0314307686409441,0.492061240747707
LOAD,F7,0.0883233026823815,0.107393310586239
LOAD,F9,0.0318584235834594,0.529465933478244
LOAD,FABP3,0.25331499600154,7.438201437655271e-25
LOAD,FABP5,0.0828863584086311,0.0001229763890984
LOAD,FAIM2,-0.0511921340811895,0.0499014648952553
LOAD,FAM171A1,-0.0219974124847382,0.355558269649735
LOAD,FAM174A,-0.0976274261537106,0.0002356786463275
LOAD,FAM20B,-0.0312683949347613,0.0896228844630083
LOAD,FAM20C,-0.0015278386066822,0.938463676586698
LOAD,FBLN7,-0.0644066851907588,0.0067831336022157
LOAD,FBN1,0.0184960004563147,0.36421824730118
LOAD,FCGR3A,0.0764231520806732,0.0013875057206821
LOAD,FCN3,0.043856566012081,0.525611585680674
LOAD,FGFR3,-0.0440135163835342,0.0230284652069926
LOAD,FGL2,0.0377292449717648,0.121881768108659
LOAD,FKBP1A,0.145860244372496,1.88952893305869e-10
LOAD,FLNA,0.0633603194097145,0.007124669775578
LOAD,FMOD,0.0454629653715745,0.172626899206071
LOAD,FOLR1,-0.003049869460392,0.951686813460368
LOAD,FSCN1,0.0866581463339994,2.06613700798735e-05
LOAD,FSTL5,-0.0033933988678753,0.938463676586698
LOAD,FTH1,0.0395992665244498,0.0776498804107944
LOAD,FUCA1,-0.0171808284785268,0.778590053224893
LOAD,FXYD6,0.0294833989195232,0.358290343655531
LOAD,FZD1,-0.0386161794212091,0.17713346656934
LOAD,GAA,-0.0162896184601641,0.496919777447414
LOAD,GALC,-0.0053744484235613,0.939610396078363
LOAD,GALNS,-0.0228577712022038,0.530958029342155
LOAD,GALNT1,-0.0338150646567073,0.0077957411107284
LOAD,GALNT10,-0.0074027600059893,0.665796521453216
LOAD,GALNT13,-0.0316345668373282,0.22896860044357
LOAD,GALNT15,0.0353141314113281,0.135522184291409
LOAD,GALNT16,0.004391151625258,0.882154495470421
LOAD,GALNT17,-0.0248144378767154,0.265961037827746
LOAD,GALNT18,-0.0137668518453347,0.492061240747707
LOAD,GALNT6,-0.0312698090115108,0.406457974048116
LOAD,GALNT7,-0.029865744580398,0.0512333523745117
LOAD,GANAB,-0.0536983081923192,0.0014041692540775
LOAD,GAS6,-0.0212155054683966,0.110475302829169
LOAD,GBA1,0.0190118267141185,0.428367087412817
LOAD,GDF11,-0.0220064930177135,0.24106274832118
LOAD,GDI1,0.145213130799422,8.24350775101217e-21
LOAD,GDI2,0.0792546365200912,0.0254373628011159
LOAD,GFRA3,0.0346309787902029,0.226525722169284
LOAD,GGCT,0.075177656864062,0.0001229763890984
LOAD,GGT7,-0.037198503981588,0.147266980336887
LOAD,GLG1,-0.0244713556995945,0.120480372765311
LOAD,GLO1,0.15689978396192,1.538692066527e-05
LOAD,GLOD4,0.12484703745183,2.88564394147342e-08
LOAD,GLRX,0.0220529643854588,0.637446604528508
LOAD,GNAS,-0.0292240874295043,0.316845623043341
LOAD,GNS,0.016631470346792,0.683162466424184
LOAD,GPC1,0.0010847658477425,0.975777378942507
LOAD,GPLD1,-0.0282658858972512,0.562379533981333
LOAD,GPNMB,0.00961818679338,0.828711883845427
LOAD,GRB2,-0.039287415645183,0.0272857253292056
LOAD,GRIA2,-0.0601448572920019,0.0036282422657687
LOAD,GRN,0.0109813027714979,0.707302941211677
LOAD,GRP,-0.037168057517607,0.500480227646708
LOAD,GSR,0.0855510632973955,0.0010413732689293
LOAD,GSS,0.0244766727444004,0.422090093744599
LOAD,GSTO1,0.101953069418106,0.0120702429279593
LOAD,GSTP1,0.0466043902567313,0.0837790683914505
LOAD,GYG1,-0.0208950693167257,0.84489910546081
LOAD,HAVCR2,0.0025306020499091,0.945665839415562
LOAD,HEG1,-0.0335733182297055,0.16895058657095
LOAD,HGFAC,0.0037664591457556,0.959078482043985
LOAD,HK1,0.065720338732248,0.0006733553086863
LOAD,HLA-A,-0.061784302721029,0.0765677139298878
LOAD,HLA-C,-0.0098224646573647,0.90254480649369
LOAD,HLA-DRA,0.0330897891388023,0.550984855393383
LOAD,HLA-DRB1,0.0413262405798049,0.388368484860206
LOAD,HMCN1,0.0172071082548006,0.418078527772921
LOAD,HPR,0.08098043565809,0.365764796777829
LOAD,HPRT1,0.125957350028596,9.37736980220454e-06
LOAD,HS6ST1,-0.0236470240250365,0.387984000824199
LOAD,HS6ST3,-0.112095040207576,7.42005247650247e-05
LOAD,HSP90B1,-0.0599074093102052,0.0143532492757317
LOAD,HSPA13,0.0114647587865327,0.630310133958705
LOAD,HSPA1A,0.0597681565040286,0.514764673633789
LOAD,HSPE1,0.0310709197690322,0.245188090569563
LOAD,HYAL1,0.0258705574730118,0.32791911182865
LOAD,ICAM1,0.0165897927428232,0.594092892583232
LOAD,ICAM2,-0.0332527277414932,0.0944816192027701
LOAD,IDH1,0.0488101911028386,0.0303071459265112
LOAD,IFNAR2,-0.0499853142809349,0.0135864585673334
LOAD,IGF2R,0.0026517227134201,0.848105694022658
LOAD,IGFALS,-0.0023435525028424,0.978704489521699
LOAD,IGFBP3,0.0971053997828841,0.0017162646442316
LOAD,IGHV1-69,-0.092437185969225,0.436925328172352
LOAD,IGHV2-26,0.101993225066584,0.223048752976158
LOAD,IGHV2-70,-0.0337038135436469,0.793203587007805
LOAD,IGHV2-70D,-0.0695993559387656,0.731951534877929
LOAD,IGHV3-49,-0.0140629376601876,0.896171587908629
LOAD,IGHV3-64D,-0.0061098711977693,0.951686813460368
LOAD,IGHV3-7,-0.0086260163449375,0.936932376773913
LOAD,IGHV4-28,0.0029758430545737,0.978704489521699
LOAD,IGHV4-34,0.0057435027212972,0.962579881176393
LOAD,IGHV4-4,-0.0197853380911635,0.838735681780743
LOAD,IGHV5-10-1,-0.122257392670139,0.495000859242257
LOAD,IGHV5-51,0.0060316738767055,0.952790950745098
LOAD,IGHV6-1,-0.0194332083147153,0.867629753707154
LOAD,IGKJ1,0.0068844240559529,0.951686813460368
LOAD,IGKV1-6,-0.0235564021478207,0.838735681780743
LOAD,IGKV2-29,0.213094964346275,0.110924141512551
LOAD,IGKV2-30,0.0005177274562429,0.99505930199608
LOAD,IGKV3-11,-0.0227383145910046,0.823539147890286
LOAD,IGKV3-15,0.0295804894086747,0.775740365275253
LOAD,IGKV3D-15,-0.018015065738403,0.898611920293941
LOAD,IGKV3D-20,-0.0050714109435848,0.957798370357542
LOAD,IGLC7,-0.111558855220677,0.306208927496016
LOAD,IGLV1-51,-0.0110916455070299,0.931292070101512
LOAD,IGLV2-11,-0.0570719630866024,0.549062760285545
LOAD,IGLV2-18,-0.0215818478312825,0.821739672049688
LOAD,IGLV2-23,-0.0222789417929689,0.824860283808794
LOAD,IGLV2-8,-0.012402723554079,0.896049303893204
LOAD,IGLV3-27,-0.0182751256110315,0.817828887395637
LOAD,IGLV4-60,0.0121786356565145,0.95084334661784
LOAD,IGLV6-57,0.0014706766191872,0.989883909837741
LOAD,IGLV7-46,0.0059901533663991,0.962579881176393
LOAD,IGLV8-61,-0.14224336243802,0.222718476327918
LOAD,IGLV9-49,-0.0002558683026408,0.997864263475981
LOAD,IGSF1,0.0123706622091774,0.699778188737533
LOAD,IGSF21,-0.0694617764261338,0.0014885615474126
LOAD,IL18BP,-0.0309998111394816,0.334804008300535
LOAD,IL1RAP,0.0216483668078741,0.694234411009083
LOAD,IMPA1,0.0600157325214997,0.0006897177637061
LOAD,ITGA7,0.0227892387200085,0.376075962715305
LOAD,ITGAM,0.106105588431243,0.0066732440615675
LOAD,ITGBL1,0.0518719172300932,0.0450868752659084
LOAD,ITIH3,0.131286767128147,0.0095024405425068
LOAD,ITM2A,-0.0005933689168705,0.991326399272494
LOAD,JAG1,-0.0602245914782064,2.13701392287135e-07
LOAD,JAM2,-0.0436326479716536,0.000293706851874
LOAD,JAM3,-0.0375574142981442,0.0434437080832694
LOAD,JAML,-0.0095935727402228,0.897426982299879
LOAD,JCHAIN,0.0051932103944338,0.972099625800628
LOAD,KIAA0319L,-0.0328974537070146,0.0226478214333307
LOAD,KIAA1549L,-0.122804691543698,3.59448704380082e-05
LOAD,KLK10,0.0383158918249253,0.378388647013787
LOAD,KLK11,0.0454016784412101,0.374618522400601
LOAD,KRT5,-0.0662306386658571,0.571023298857408
LOAD,LAMA4,0.017452173769883,0.423748766939532
LOAD,LAMA5,-0.0134916126964013,0.645837039742859
LOAD,LAMB2,0.0040817741547737,0.802347250115373
LOAD,LAMC3,0.0251399986658045,0.229505168720062
LOAD,LAMP5,0.0467434187071749,0.263943771235075
LOAD,LBP,-0.0416810388216559,0.558171027958168
LOAD,LCN2,0.0711584738772896,0.0803713590550242
LOAD,LCP1,0.0226417780285073,0.519537500246096
LOAD,LDLR,-0.0481925895954593,0.0421493597454293
LOAD,LECT2,-0.174501634704014,0.0053661694128445
LOAD,LFNG,-0.0091195354827904,0.721119540780202
LOAD,LGALS3,0.0131665073837053,0.73355505575539
LOAD,LGI1,0.0549283612104334,0.0119393131551552
LOAD,LGMN,0.0348514881508547,0.339917511790822
LOAD,LILRA2,-0.0012718622724861,0.978704489521699
LOAD,LIPA,0.0686106276704185,0.065416758262419
LOAD,LRP11,-0.0550932174316854,0.0009812143909506
LOAD,LRP1B,-0.0164664740794213,0.479114723142539
LOAD,LRP8,-0.0571374353192594,4.05184950274444e-05
LOAD,LRRC4,-0.0212195516564864,0.498604231432354
LOAD,LRTM2,-0.101712762970574,0.0001745735571243
LOAD,LSR,-0.0286031436310481,0.200999219753421
LOAD,LTF,0.0606642481467216,0.356397410755687
LOAD,MAG,-0.0349728500040031,0.10851802627344
LOAD,MAN1A2,-0.0371962881360949,0.0060993229634348
LOAD,MAN1C1,-0.0067754395901259,0.811395983287889
LOAD,MAN2A1,-0.0226118258562137,0.0435715845706744
LOAD,MAN2B1,0.0457558727575705,0.0642616464509744
LOAD,MAN2B2,-0.000217248530632,0.99505930199608
LOAD,MANBA,-0.0069121132692285,0.804938413414088
LOAD,MANSC1,-0.0452756746166802,0.043130767048722
LOAD,MARCO,-0.018058782202902,0.765990435713482
LOAD,MATN2,0.0340356820570292,0.0930522599202481
LOAD,MB,-0.0345034456739372,0.825954679099596
LOAD,MDGA1,0.0005900747474209,0.986966457707615
LOAD,MDH2,0.0537662817999657,0.0155438884167752
LOAD,MDK,0.0232279253459305,0.500954492275692
LOAD,MELTF,-0.0545860743371653,0.0030706201538511
LOAD,METRNL,-0.000297512695518,0.994408654966647
LOAD,MFAP4,0.0042022199125428,0.89427399840445
LOAD,MGAT5,0.0200599677058295,0.20527060042582
LOAD,MIA,0.0861631789073293,0.0753794524794109
LOAD,MIA3,-0.0029997610103161,0.891266593764426
LOAD,MIF,0.140849452666074,5.03963678951122e-10
LOAD,MINPP1,-0.025127749618723,0.0341811887685316
LOAD,MLEC,-0.0232196496342763,0.332796466080185
LOAD,MMP14,0.0174782927077362,0.455746251653346
LOAD,MOXD1,-0.0498951076893763,0.152239050206041
LOAD,MPZ,0.10068880916056,0.0174946297200316
LOAD,MRC2,-0.0177615495663411,0.232687104739728
LOAD,MSLN,-0.0059687026055187,0.950593044749761
LOAD,MSN,0.089920455793114,2.00385909921089e-05
LOAD,MSTN,-0.0045488951459813,0.883385000817403
LOAD,MXRA7,-0.0117977960206809,0.633418924978791
LOAD,MYDGF,-0.0133013128478153,0.721119540780202
LOAD,MYLK,-0.0873339156972592,0.221791221583201
LOAD,MYOC,0.0186425143435454,0.807610365575592
LOAD,NAGA,0.0118685186704646,0.748062874579679
LOAD,NAGLU,-0.0073804716861051,0.835814723265342
LOAD,NAXE,0.0295455781753935,0.290374523686274
LOAD,NCMAP,0.129199719534256,0.037856917765264
LOAD,NDRG2,-0.018074016614769,0.314806813602979
LOAD,NDRG4,-0.0380196708192722,0.115912653849114
LOAD,NDST1,-0.0127416746620059,0.545655718171928
LOAD,NECTIN2,0.0094377471622194,0.778590053224893
LOAD,NENF,-0.0205620734701877,0.212356912523178
LOAD,NLGN1,-0.0426416287890077,0.0157097566125406
LOAD,NLGN2,-0.0323176290646959,0.0458313588392155
LOAD,NLGN4X,-0.0320262504908088,0.0762118565798603
LOAD,NOTCH1,-0.0229920208168334,0.354400039972966
LOAD,NOTCH2,-0.0231030097277579,0.299584414790312
LOAD,NOTCH3,0.0060318135088641,0.750781121889554
LOAD,NPDC1,-0.0691713454623583,0.0034948332949424
LOAD,NPEPPS,0.0415329677588472,0.0062379309115459
LOAD,NRN1,-0.0965479957624135,1.2304067718197e-06
LOAD,NRP1,-0.0459933770228245,0.0054724487020847
LOAD,NRP2,-0.0148057735363608,0.203010319378246
LOAD,NSF,0.0161622079710514,0.617327528753652
LOAD,NSG1,-0.009002031408848,0.806686378034569
LOAD,NTRK3,-0.0551377137527577,0.0029955267383762
LOAD,NUTF2,0.0291196569169201,0.272494102772565
LOAD,NXPH1,-0.0430469503741205,0.0646839291203897
LOAD,NXPH3,-0.0567113645563644,0.0275286488746338
LOAD,OLFM2,0.0087426866720241,0.750781121889554
LOAD,OLFML3,0.0300867833903899,0.17039612526823
LOAD,OSMR,0.0473909206417349,0.0165660664755195
LOAD,OXT,0.0622521501225775,0.0522112938764859
LOAD,P4HB,0.0176900323985827,0.143185902765438
LOAD,PAMR1,0.0280805733572622,0.147798594110565
LOAD,PBXIP1,0.0229401306873046,0.361976681146424
LOAD,PCDH1,-0.0672756163324237,0.0001400896193546
LOAD,PCDH10,-0.0540557950952194,0.0042110187873875
LOAD,PCDH17,-0.0264908255038803,0.0892028738642285
LOAD,PCDH7,-0.0956558208176563,2.21753172848278e-05
LOAD,PCDH9,-0.0466116690308155,0.006619609456833
LOAD,PCDHAC2,-0.0476860762528517,0.0026040129826215
LOAD,PCDHGC3,0.0196662970410212,0.365764796777829
LOAD,PCDHGC5,-0.0957705396966817,1.68297588521477e-07
LOAD,PCMT1,-0.0319663669753831,0.299584414790312
LOAD,PCP4,0.0555735838081004,0.0273304694068908
LOAD,PCSK9,-0.0060425995031305,0.866639056299745
LOAD,PCYOX1,0.004529831046444,0.938463676586698
LOAD,PDGFRB,0.0232715591657034,0.467176768428614
LOAD,PDIA3,-0.0021964938892151,0.898247471350475
LOAD,PDIA4,-0.0146385552351673,0.227541818306652
LOAD,PDIA6,0.0040577640519706,0.888038302892816
LOAD,PDYN,-0.107622908737032,3.27436275889059e-06
LOAD,PEA15,0.245038388222701,2.59823356324273e-32
LOAD,PGAM1,0.15149002255464,1.2380117270767299e-18
LOAD,PGM1,0.0512144234450736,0.0052638265264128
LOAD,PGRMC1,0.0128162990009482,0.462050361916605
LOAD,PIANP,-0.113858213836748,0.0007344923075491
LOAD,PIGR,0.037031740769527,0.314806813602979
LOAD,PILRA,0.0302445764274491,0.446345338191159
LOAD,PITHD1,0.031270457074308,0.369274353056188
LOAD,PLA2G15,0.013045276471508,0.62653191972241
LOAD,PLBD2,0.0410014340555693,0.193361713145896
LOAD,PLD4,-0.0394625106088261,0.339743118373051
LOAD,PLEKHB1,-0.0275692631812876,0.40401070100866
LOAD,PLOD1,0.011987840836378,0.704921970224421
LOAD,PLXDC1,-0.0728051139368533,0.000241930156902
LOAD,PLXNA1,-0.0647857363843495,0.0004576457893262
LOAD,PLXNB2,0.0183167036644809,0.312995484679413
LOAD,PON3,0.0125369553521156,0.850454149445042
LOAD,PPP5C,0.0116820061389015,0.676039349076714
LOAD,PRAP1,-0.0539752733414752,0.217439718307465
LOAD,PRDX2,0.118426139799411,0.306807352228202
LOAD,PRDX5,0.151740193720261,0.0057533819047027
LOAD,PRDX6,0.0710338481835918,0.353890499649546
LOAD,PRKAR1A,0.0701783242426963,0.0362345087078535
LOAD,PRL,0.0346594908982682,0.478350892112528
LOAD,PRND,-0.128043262389171,0.0008949735256762
LOAD,PROC,-0.015943003352252,0.582458653091327
LOAD,PROZ,-0.003367987320916,0.970493851556086
LOAD,PRRG1,-0.0491605626553507,0.432577814937832
LOAD,PRSS23,-0.0104483775460405,0.712652172337668
LOAD,PSAT1,0.0303103013963365,0.099627832023253
LOAD,PTPRK,-0.0152407710380042,0.463280496775585
LOAD,PTPRM,-0.0115383115339177,0.569668091078905
LOAD,PTPRT,-0.0704853829379988,1.20010252212437e-05
LOAD,PVALB,0.0354801960488882,0.358290343655531
LOAD,PVR,-0.0349937882300915,0.0358486971953961
LOAD,PXDN,0.0133127490934892,0.817019239155197
LOAD,PZP,-0.0025967100507022,0.980387219561778
LOAD,QPCT,-0.0872974491728881,1.09922819163696e-05
LOAD,RAD23B,0.091249300788227,1.61771989739024e-05
LOAD,RCN1,-0.0201923666641259,0.245188090569563
LOAD,RCN2,-0.0263443024544427,0.0966799312144987
LOAD,RECK,0.014681361097944,0.477586183210771
LOAD,RGMA,-0.0624683134060458,0.0013905795597339
LOAD,RGMB,-0.0788452570100364,1.11271964514897e-07
LOAD,RIDA,-0.0210367866830755,0.443336771487517
LOAD,RNF13,-0.0171706119511968,0.645837039742859
LOAD,ROBO2,-0.0642340149500384,4.87510777701101e-07
LOAD,ROBO4,-0.0265730330434917,0.137020646035852
LOAD,RTBDN,-0.0826718047570286,7.9616018940196e-06
LOAD,RTN4RL1,-0.127913694785193,1.50609532490924e-06
LOAD,S100A6,0.156852745477141,0.0577375938801119
LOAD,SAA1,0.0682664101747992,0.628430305160592
LOAD,SAA4,-0.0035316654304334,0.972867545437898
LOAD,SCGB1A1,0.0699901242086096,0.316845623043341
LOAD,SCN3B,-0.172530643491679,3.43127777101226e-08
LOAD,SCN4B,0.0044263111389699,0.919955079117386
LOAD,SCPEP1,0.0571805280418954,0.108732733027943
LOAD,SCUBE1,0.0297672636435172,0.167928752696914
LOAD,SELENOM,-0.0154496355335575,0.587859978611074
LOAD,SEMA3B,0.0171337437367839,0.564639733159702
LOAD,SEMA3C,-0.0338685461809823,0.249587346360543
LOAD,SEMA3F,-0.0290063413016329,0.0718773604681835
LOAD,SEMA6B,-0.0289569447636532,0.143185902765438
LOAD,SERPINA10,0.0095096279064165,0.892288979936066
LOAD,SERPINB1,0.0327867137888049,0.117497724097101
LOAD,SERPINE2,0.0712491858608086,0.0310124509671081
LOAD,SF3A1,-0.0270181208789575,0.686238867596716
LOAD,SFRP1,0.0861339674289452,0.003777600963353
LOAD,SFRP4,0.0348349314197122,0.385120616491501
LOAD,SGCE,-0.0318096909753077,0.0363472899058005
LOAD,SH3BGRL,0.0606010515269185,0.0034285028192062
LOAD,SH3BGRL3,0.0533392574356138,0.0108195444012664
LOAD,SHBG,0.0661627127931075,0.268569517705618
LOAD,SIGLEC14,0.0017136946529616,0.984262248744475
LOAD,SIL1,0.0014856764645612,0.965221897810262
LOAD,SLC24A2,-0.0413606488417299,0.245651988209712
LOAD,SLC38A10,-0.0250708034298362,0.0312341862383124
LOAD,SLC39A12,-0.0280884877313156,0.685078864025116
LOAD,SLC3A2,-0.0053137831608065,0.816189001427677
LOAD,SLITRK5,-0.117015008389609,3.20625270129836e-07
LOAD,SLPI,0.0846540646833688,0.0153648408486805
LOAD,SMPD1,-0.0054972440889553,0.909299977347596
LOAD,SMPDL3A,0.0094944590182478,0.860693434037116
LOAD,SMPDL3B,-0.0409643949712657,0.34656565290159
LOAD,SNCG,0.0806398951297584,0.0153766043477152
LOAD,SNED1,-0.0106839786157848,0.695793472158036
LOAD,SORCS1,-0.0586520328842517,0.0065419012369475
LOAD,SORL1,-0.00802904608594,0.794937468381845
LOAD,SORT1,-0.0117995718491761,0.648983508463485
LOAD,SPINK5,0.040968941553077,0.320616720105142
LOAD,SPINT1,-0.0017641584691499,0.956533785054578
LOAD,SPON2,-0.017469645411015,0.490601471392133
LOAD,SRGN,0.0166506380968729,0.602497523232369
LOAD,SSC5D,0.0156292092491467,0.466258144952257
LOAD,SST,-0.204655374316741,4.19774736895951e-09
LOAD,ST3GAL6,-0.0208598522431374,0.697617287202696
LOAD,ST6GALNAC1,-0.0440156184541602,0.0547317555844973
LOAD,ST8SIA3,-0.0296884798680493,0.227541818306652
LOAD,ST8SIA5,-0.0673361520675301,0.0018636576857337
LOAD,STMN3,-0.0565237464369714,0.0771214650518689
LOAD,SYT1,0.0362335790083146,0.163146572276889
LOAD,TAC1,-0.111522868132059,2.90610838053254e-06
LOAD,TAC3,-0.0819104760378392,0.0143365104664086
LOAD,TAGLN3,0.081939511282375,1.08651358886674e-05
LOAD,TBCA,0.12473644954498,1.73132483398776e-06
LOAD,TCN2,0.0219295057740832,0.577551258819215
LOAD,TFRC,-0.0307410734346949,0.207628195450742
LOAD,THBS1,0.0486133562651948,0.0540912845044446
LOAD,THBS2,0.017719143285342,0.375083633118841
LOAD,THBS4,0.0351831297247056,0.0892905480422018
LOAD,THSD4,0.014813767725125,0.8029055227604
LOAD,TIE1,-0.0474732801404547,0.0048429435400393
LOAD,TMED4,0.0089336128802492,0.714765325965075
LOAD,TMEFF1,0.0038583270112478,0.938463676586698
LOAD,TMEM132C,-0.0204404134459025,0.221791221583201
LOAD,TMEM132D,-0.128179844821659,1.55955491085263e-06
LOAD,TMEM132E,0.0074090408338227,0.790576329286183
LOAD,TMEM25,-0.021691673047461,0.277031704069187
LOAD,TMSB4X,0.0857135263624806,0.0462678010102738
LOAD,TNC,0.0562306105649132,0.0049949935650295
LOAD,TNFRSF12A,0.0287165601652481,0.245188090569563
LOAD,TPBG,-0.0760408539650427,0.0004533873328778
LOAD,TPPP3,0.0618369706404527,0.0449487706765858
LOAD,TTR,0.038773692119202,0.333524260161527
LOAD,TXNDC17,0.0130387471254004,0.719140639282039
LOAD,TYRO3,-0.0526180446868629,0.000150901197478
LOAD,UCHL1,0.294282266396926,4.78687109049192e-31
LOAD,UNC5A,-0.0642515457697068,0.121881768108659
LOAD,UNC5B,-0.0039748239076177,0.892288979936066
LOAD,UNC5C,-0.0287537872568091,0.123397487697861
LOAD,VAPA,0.0267478436257271,0.108758212014358
LOAD,VASN,0.048587836803655,0.0055223339059794
LOAD,VCAM1,0.0319599727553458,0.154394168483708
LOAD,VCL,0.0654419765671335,0.002412309672436
LOAD,VIM,0.0542432718091869,0.61580375555657
LOAD,VLDLR,-0.0256526304847897,0.176723008894005
LOAD,VWA1,0.0023038044662053,0.938463676586698
LOAD,VWC2,-0.0114031921563066,0.721119540780202
LOAD,VWF,-0.0048483978558292,0.882154495470421
LOAD,WBP2,-0.0336151057972007,0.304744171720936
LOAD,WDR1,0.0873521684674068,0.0009197087880949
LOAD,WSCD1,-0.0443932393869827,0.0584383071259256
LOAD,XXYLT1,-0.0472882460339743,0.0303071459265112
LOAD,XYLT1,0.004582661782529,0.890915690577749
LOAD,YWHAB,0.131481551037623,1.6073844334513102e-09
LOAD,YWHAE,0.308152253534701,5.2182348076902e-27
LOAD,YWHAG,0.306382176393726,1.8022081730401102e-31
LOAD,YWHAH,0.0637651354488406,0.0042658271463976
