group,name,log2FC,FDR
EOAD,MT3,0.0325536758325811,0.848182285924621
EOAD,NFASC,-0.178677740075129,0.211751841096271
EOAD,ALDOA,0.54405819965042,0.131865581356783
EOAD,LSAMP,-0.121477805249784,0.244888354116801
EOAD,PARK7,0.148376426613341,0.303180977539774
EOAD,YWHAZ,0.851541792539095,0.0192288530205769
EOAD,CXCL16,0.150832074208277,0.401883582636845
EOAD,SELENBP1,-0.118684893182239,0.509926004481828
EOAD,PROCR,0.159868009248921,0.598639458632508
EOAD,NCAN,-0.107468157269217,0.631146918171279
EOAD,NICOL1,-0.206601415789128,0.250396553580068
EOAD,DPP7,-0.0766755577196996,0.795623081929365
EOAD,ICOSLG,-0.167530186152458,0.231730586442601
EOAD,PAPLN,0.0261935443537791,0.868050051626859
EOAD,FOLR2,-0.114068898732556,0.520855548262336
EOAD,GC,0.348687405367794,0.244309825422506
EOAD,HBA1,2.54942538699969,0.189701282768126
EOAD,IGLV3-19,0.373630276456833,0.439089440775495
EOAD,FBLN5,-0.0622242491381098,0.619585726549682
EOAD,LAMP2,0.0067713493074208,0.968096825099169
EOAD,NUCB2,0.0030728142448381,0.990649244145468
EOAD,PDGFB,0.0034027312161315,0.993564565606582
EOAD,ITIH2,0.586642897998827,0.23096129914898
EOAD,CSF1R,0.0526432367671408,0.727411255204692
EOAD,PGLYRP2,0.372301759078831,0.358749911739101
EOAD,IGHM,0.563860542140796,0.426396884923347
EOAD,LAMA2,0.0788396667381441,0.315553880424437
EOAD,APLP2,-0.136623027118793,0.4284750795659
EOAD,AGA,0.0828508883605492,0.795623081929365
EOAD,CFI,0.334741573121015,0.23096129914898
EOAD,CD44,0.148032747498259,0.392979544453464
EOAD,IGSF8,-0.0138286550689699,0.767682312003209
EOAD,CNTNAP4,-0.0949635793542996,0.677042411523753
EOAD,C1QC,0.1573786265509,0.179320701668781
EOAD,C1R,0.0406438155230635,0.722993947569833
EOAD,CPN2,0.498219934270108,0.23096129914898
EOAD,AMBP,0.413769530824664,0.250396553580068
EOAD,C5,0.510784748305939,0.198321867254426
EOAD,HEXA,-0.0735778076639413,0.619585726549682
EOAD,DBI,0.140212594778005,0.41798788651348
EOAD,C1QA,0.0723665091601413,0.559534533532764
EOAD,NRXN3,-0.231936225130919,0.151503701098424
EOAD,IGHV3-30,0.270260417078568,0.51714688131517
EOAD,C6,0.543581270373846,0.117322961722042
EOAD,CLEC3B,0.18933535606563,0.131865581356783
EOAD,SPARCL1,-0.133437647149606,0.458688749864043
EOAD,GAP43,0.301604754450673,0.0275384874999853
EOAD,MCAM,-0.121242209108164,0.308023829033728
EOAD,SCG2,-0.417832572394573,0.0799932359889286
EOAD,LMAN1,-0.0820146066340461,0.51679607214453
EOAD,ADGRB2,-0.327814907476233,0.110280378255723
EOAD,LTBP4,-0.102837270456522,0.524238253008067
EOAD,IGHG3,0.347360768958353,0.600611151561447
EOAD,PON1,0.176228156344159,0.628949065975828
EOAD,AXL,-0.0172696939192472,0.887894947544189
EOAD,CADM1,-0.100116897479589,0.349289719243493
EOAD,APOD,0.0270329443230608,0.870877599138437
EOAD,SPON1,0.0881137017828735,0.413905821317566
EOAD,MGAT1,-0.119698038337285,0.670160832252687
EOAD,SERPINF2,0.40493471804476,0.178822808508243
EOAD,CP,0.383214673047535,0.21807486145177
EOAD,PCSK1,-0.623816257663853,0.217196409003323
EOAD,CPB2,0.517250886523728,0.121480316376723
EOAD,SPARC,-0.0329921460997085,0.802488361049196
EOAD,LYVE1,-0.107404522986508,0.310433225587816
EOAD,IGKC,0.339875255980726,0.339425726979791
EOAD,IGHG4,0.373540817026175,0.592470383049134
EOAD,CNDP1,-0.0355853115598421,0.82619577942947
EOAD,EFNB2,-0.142435736789762,0.198321867254426
EOAD,PRRT2,0.166277239338744,0.231730586442601
EOAD,RNASET2,0.101115829146657,0.626868484645723
EOAD,PNOC,-0.524821409596406,0.0365963222892319
EOAD,PLTP,-0.0681775277922867,0.769120918554674
EOAD,ATRN,0.141106114376278,0.315891188815472
EOAD,LGALS1,0.0883119460004291,0.624157396104564
EOAD,OMG,-0.168083604134972,0.422609549586173
EOAD,FAT2,-0.182856917125363,0.244309825422506
EOAD,AHSG,0.323707828961039,0.333883308711607
EOAD,IGFBP6,0.0774938662595179,0.656521449507206
EOAD,CFHR2,0.554891552076759,0.362080618906046
EOAD,IGHV3-72,0.405756762390459,0.769418326618876
EOAD,NPPC,-0.158164210883555,0.391839671204357
EOAD,CPE,-0.133411474794762,0.250396553580068
EOAD,HSPA8,0.166680184069978,0.151503701098424
EOAD,C4BPA,0.744055965937028,0.315553880424437
EOAD,VTN,0.278602438756231,0.333883308711607
EOAD,SEMA6A,-0.158899069094872,0.499537141924949
EOAD,WFDC1,-0.271730081708307,0.293101131076586
EOAD,NPTX1,-0.284101400410369,0.0356148830037162
EOAD,PTN,0.114278972732754,0.495549753487864
EOAD,DCN,0.0666592566205981,0.732766736441316
EOAD,MEGF10,-0.0642772483322549,0.657525766797822
EOAD,PSAP,-0.0671366744495234,0.59379669338911
EOAD,GGH,-0.0245981078819995,0.881787972728237
EOAD,F10,0.230272740652457,0.280224523269851
EOAD,KRT2,-0.500549836109656,0.520168761059651
EOAD,GALNT2,-0.0024814029188515,0.965238820205911
EOAD,NTNG1,-0.31312242841638,0.238869231202194
EOAD,CD55,-0.0173892654099657,0.856049103735787
EOAD,CD99L2,-0.052755978398646,0.685892910295343
EOAD,IGHA1,0.268450237054859,0.685892910295343
EOAD,ACYP2,0.196619951502898,0.368082418651957
EOAD,EFEMP2,-0.0499449136593535,0.808690409236749
EOAD,CHI3L1,0.259203069972909,0.308023829033728
EOAD,FAM3C,-0.109071322988571,0.362080618906046
EOAD,CRTAC1,-0.108883113783774,0.451933959119917
EOAD,IL6ST,-0.137175358982622,0.21807486145177
EOAD,CTSH,-0.133091407840144,0.633921206756669
EOAD,SEMA6D,-0.142982837152683,0.273620039974466
EOAD,TIMP1,0.021313859253123,0.848182285924621
EOAD,IDS,-0.102650137167064,0.676444151499291
EOAD,SELL,0.213487879326228,0.190347297358635
EOAD,PROS1,0.102538024295727,0.274108084302
EOAD,CYCS,0.116530503324717,0.217196409003323
EOAD,ADAMTS4,0.0646191097900077,0.509926004481828
EOAD,NELL2,-0.214128126312074,0.231730586442601
EOAD,TAFA5,-0.152280030268587,0.0275384874999853
EOAD,TNFRSF21,-0.0605140925761418,0.625924217598652
EOAD,CTSB,-0.0291532370635466,0.833340963658407
EOAD,LAMP1,0.0726750041149726,0.687153679357932
EOAD,IGFBP7,0.0939219687842208,0.684185263632772
EOAD,COL3A1,0.0357902724075672,0.795623081929365
EOAD,KIT,-0.151406217621044,0.287796122573842
EOAD,HSPG2,-0.0407501929067635,0.452195010003777
EOAD,IGFBP2,0.0746910994016083,0.433061979712898
EOAD,PRELP,-0.0648572596159021,0.578298112718049
EOAD,C1QB,0.13170673361516,0.313499705806341
EOAD,GDA,0.365460403681386,0.131865581356783
EOAD,NTM,-0.0753656062666401,0.426283493009268
EOAD,NECTIN1,-0.182000362807075,0.0275384874999853
EOAD,ALCAM,-0.100216850657022,0.269006347587298
EOAD,APOC3,0.171923907177876,0.727411255204692
EOAD,WFIKKN2,0.0376017460227587,0.819866269606406
EOAD,TGFBI,0.0652441565670525,0.685892910295343
EOAD,DNER,-0.10481417323986,0.287796122573842
EOAD,CDH2,-0.0466491631995307,0.698991946741648
EOAD,C1S,0.0353591664391786,0.65246349864727
EOAD,CHGB,-0.35778818861071,0.0140655922301287
EOAD,ALDOC,0.106137083097975,0.239419811487717
EOAD,LYNX1,-0.0931327002087246,0.624157396104564
EOAD,ICAM5,-0.161312231741183,0.409960807442848
EOAD,HPX,0.41703189957814,0.217196409003323
EOAD,LAMB1,0.0687663437366002,0.476993850040552
EOAD,MOG,-0.053908968071279,0.703376808950827
EOAD,STC2,-0.179340549453662,0.383728607530491
EOAD,CHGA,-0.272670655964841,0.310433225587816
EOAD,HYOU1,-0.108968028580414,0.333020173631092
EOAD,IGHG2,0.514336276618131,0.110280378255723
EOAD,ITIH5,-0.0870888106282752,0.426481588406176
EOAD,GPI,0.449000757758334,0.250396553580068
EOAD,APCS,0.571798768924794,0.285498544130573
EOAD,MST1,0.544790965673583,0.269973336530036
EOAD,GPR158,-0.127847435649845,0.543432442628694
EOAD,HP,0.734812482750591,0.533489685663576
EOAD,COL18A1,-0.108722831127004,0.645422489898392
EOAD,RTN4R,-0.237301154960878,0.221733095065442
EOAD,GRIA4,-0.241866631850466,0.223045203640253
EOAD,MEGF8,-0.164128785128671,0.351598800392653
EOAD,SERPIND1,0.115716206922498,0.657525766797822
EOAD,COCH,0.0964228268474123,0.703376808950827
EOAD,CBLN1,-0.154102243108068,0.439089440775495
EOAD,CD59,-0.0856909618233219,0.422609549586173
EOAD,KRT10,-1.05542893959087,0.368082418651957
EOAD,ATP6AP1,-0.234609287997596,0.0799932359889286
EOAD,SERPINI1,-0.101731117919355,0.415171639338706
EOAD,TGFBR3,0.0206237429261291,0.800236004896386
EOAD,PTPRG,-0.195750443324464,0.037158590370607
EOAD,CLSTN2,-0.11213318135081,0.125543837998659
EOAD,ART3,-0.112643107317673,0.647348127922446
EOAD,KRT1,-0.736239449174745,0.411110585359464
EOAD,L1CAM,-0.0155276753036677,0.759753012660837
EOAD,NRXN2,-0.221793554033303,0.0379294294532987
EOAD,B2M,0.0220629154707535,0.860951846549683
EOAD,C3,0.229143165033207,0.289972168237634
EOAD,APLP1,-0.180693962252031,0.198321867254426
EOAD,LUM,0.225374573542849,0.228953870529621
EOAD,BCAN,-0.107248000384367,0.535886110085807
EOAD,CARTPT,-0.314549128373309,0.198321867254426
EOAD,B3GNT2,-0.0616869244842562,0.659428265613752
EOAD,NBL1,-0.156307711991253,0.23096129914898
EOAD,PKM,0.306252448961374,0.0192288530205769
EOAD,RBP4,0.369134912780419,0.353811938097051
EOAD,LRG1,0.402005284444581,0.246364719187265
EOAD,SOD1,0.114633859984069,0.279539962081503
EOAD,AGRN,-0.0351333163947816,0.631837497615648
EOAD,SPOCK3,0.0142146363521096,0.84856131407396
EOAD,COL1A1,0.0963029350462197,0.322813916821253
EOAD,COL6A3,0.0676569357801213,0.631282520536841
EOAD,DDR1,-0.0401319483891642,0.856049103735787
EOAD,PTPRD,-0.121697814254459,0.131865581356783
EOAD,GASK1B,-0.164653040134089,0.285498544130573
EOAD,TPP1,-0.0600948955924938,0.782582758180703
EOAD,VSTM2A,-0.0797751637605426,0.731985489695646
EOAD,CLIC4,0.226276327754641,0.351722657742543
EOAD,AEBP1,0.0211246676194747,0.830403049878207
EOAD,FGA,0.20806731759285,0.635649749017094
EOAD,HBB,2.52822327913778,0.206799083451755
EOAD,SCG5,-0.208544358134004,0.235588904943175
EOAD,ZP2,-0.248947636404038,0.350485053580718
EOAD,SLITRK1,-0.252869986598588,0.23096129914898
EOAD,CAMK2A,-0.129108044340328,0.734430468006213
EOAD,CTSL,-0.0317600647814693,0.848182285924621
EOAD,KLK6,0.0110527208492144,0.913426564562214
EOAD,PCOLCE,-0.0463801828240271,0.54080975138165
EOAD,C16orf89,-0.160414853749317,0.372560211151682
EOAD,NRCAM,-0.142261013720205,0.304599359443253
EOAD,PLXDC2,0.115824552273061,0.47337503150751
EOAD,CACNA2D1,-0.20518734390264,0.244309825422506
EOAD,TAGLN,0.130628763233616,0.457855544186857
EOAD,PRNP,-0.138105054583246,0.333020173631092
EOAD,C1RL,0.284960743692441,0.110280378255723
EOAD,SERPINA7,0.384253441696755,0.223890188401601
EOAD,C1QTNF3,-0.18782726718372,0.609183723401606
EOAD,CNTN2,-0.0023546329940913,0.984135985475772
EOAD,SERPINA1,0.252440416305738,0.4883307028858
EOAD,F5,-0.220520001474817,0.287796122573842
EOAD,SLC5A5,0.0298220758441055,0.931765427879975
EOAD,NCAM1,-0.0623178227964392,0.41798788651348
EOAD,AJAP1,0.107803898887393,0.819866269606406
EOAD,PTPRS,-0.0999406102508154,0.372560211151682
EOAD,RARRES2,0.0197858577704313,0.800827523864145
EOAD,LAMC1,0.0910662958112258,0.203793910442445
EOAD,APOA2,0.352599801501738,0.359982308334619
EOAD,A1BG,0.443061271708642,0.217196409003323
EOAD,MASP1,0.0202834632888171,0.927503271960652
EOAD,OAF,-0.0084200345975951,0.947671476365712
EOAD,DPP6,-0.0585220478168855,0.731985489695646
EOAD,NID2,0.0671130606967374,0.451933959119917
EOAD,CPVL,-0.168503179648416,0.260429528194937
EOAD,SERPINC1,0.431937416425606,0.23096129914898
EOAD,CHL1,-0.164898930788086,0.21807486145177
EOAD,CELSR2,-0.2827875312141,0.23096129914898
EOAD,FGB,0.174041253450307,0.679260328254434
EOAD,BTD,0.0388783473603755,0.633001456785369
EOAD,PI16,0.0619318560883411,0.557262926250101
EOAD,CPQ,-0.0627118217058928,0.712690799762248
EOAD,GFRA2,-0.228396118112578,0.324685781435141
EOAD,SHISA5,0.0890102134976587,0.244888354116801
EOAD,PGK1,0.516882691451413,0.131801654048377
EOAD,SPP1,0.237144178507117,0.285498544130573
EOAD,VCAN,0.0272824842458945,0.791160155897835
EOAD,ITM2B,-0.11370263890716,0.455391256277635
EOAD,PCDH8,-0.201029756254747,0.269080858114767
EOAD,ENO2,0.118212192204586,0.590415333594492
EOAD,CTSA,-0.230436292502312,0.279948087006046
EOAD,SEZ6L,-0.226444518878053,0.128043108382428
EOAD,POMGNT1,-0.112046635561267,0.368082418651957
EOAD,CTSF,-0.067867368940659,0.653490665191091
EOAD,AZGP1,0.47757863599622,0.121498946574774
EOAD,ECRG4,0.211828251625358,0.426283493009268
EOAD,SELENOP,0.0624851981832757,0.631837497615648
EOAD,SIAE,-0.065737946463555,0.793858154022257
EOAD,GSN,0.0066585356153936,0.976507727155607
EOAD,RNASE4,0.0875074293568119,0.476993850040552
EOAD,C2,0.189930903983827,0.391839671204357
EOAD,RNASE1,-0.0514326520769544,0.635627197169916
EOAD,CDH13,-0.0801359973792017,0.559534533532764
EOAD,A2M,0.0166352510135752,0.926908722441131
EOAD,PODXL2,-0.0371468509794468,0.787965773357098
EOAD,COL1A2,0.0601100973344622,0.435945505235735
EOAD,GOT1,0.154526231295243,0.204657731188026
EOAD,SCG3,-0.19788157413285,0.287796122573842
EOAD,PEBP1,0.23785934365881,0.0365963222892319
EOAD,MAN1B1,-0.0752977307392291,0.65134966111245
EOAD,RELN,-0.228241327981639,0.206799083451755
EOAD,PPIC,-0.016106112580407,0.919176827789441
EOAD,CDH6,-0.154156714695475,0.110280378255723
EOAD,SEZ6,-0.0684893303325733,0.587482141112427
EOAD,GOLM1,-0.0193266959574157,0.783364237849892
EOAD,APP,-0.136743530515121,0.373662956649642
EOAD,ACTB,0.369633739512067,0.217196409003323
EOAD,LDHB,0.11069298866923,0.28216253622101
EOAD,EFEMP1,-0.0218376184870266,0.62268428691666
EOAD,PLD3,-0.0334983060272425,0.888574966876878
EOAD,C8B,0.301442844908463,0.519396493550399
EOAD,GPX3,0.113438504191885,0.271567486598433
EOAD,CBLN3,-0.243596663459059,0.305823925592064
EOAD,LTBP2,-0.0860421637121291,0.62268428691666
EOAD,IGFBP5,0.081401084471965,0.362080618906046
EOAD,OPCML,-0.177868021083352,0.3477732614427
EOAD,FSTL1,-0.05711022674266,0.656521449507206
EOAD,EPHA4,-0.217788121611397,0.110280378255723
EOAD,IGLON5,-0.0657981326016248,0.609183723401606
EOAD,ROBO1,-0.18302050656313,0.0799932359889286
EOAD,CA1,1.94024195527119,0.21807486145177
EOAD,GAPDH,-0.13880451044985,0.712690799762248
EOAD,BASP1,0.34369062878598,0.0205482171861339
EOAD,THY1,-0.131498102423235,0.391839671204357
EOAD,LTBP1,-0.130422709828975,0.121480316376723
EOAD,HSPA5,-0.0446269608442496,0.52589215015995
EOAD,TGOLN2,-0.0511488736251842,0.372560211151682
EOAD,PRRT3,-0.178844220731189,0.206416943624679
EOAD,ANG,0.340602586994019,0.231730586442601
EOAD,PLG,0.323545355201258,0.359982308334619
EOAD,BPNT2,-0.22642374485989,0.131865581356783
EOAD,MAN1A1,-0.128169961719674,0.217196409003323
EOAD,ISLR,-0.0723285863361678,0.439089440775495
EOAD,SERPINA6,0.307624151441063,0.355215330979482
EOAD,HRG,0.444520977211909,0.250396553580068
EOAD,F2,0.271266632468599,0.366767020022478
EOAD,APOC1,0.195833609763714,0.587482141112427
EOAD,PAM,-0.297398588093181,0.110280378255723
EOAD,SIRPA,-0.244773388431441,0.592470383049134
EOAD,PFN1,0.235992179767758,0.125543837998659
EOAD,SEMA4B,-0.0268122953228929,0.685892910295343
EOAD,PTPRN2,-0.371543365872368,0.161523312206784
EOAD,SHISA6,-0.0964712268642787,0.635649749017094
EOAD,AGT,0.063522376771056,0.665216955535511
EOAD,CLSTN1,-0.122212721807944,0.269006347587298
EOAD,QDPR,-0.022231469449796,0.848182285924621
EOAD,FRZB,-0.0113093198217715,0.923185192451395
EOAD,CALM1,0.351873331287104,0.0362551979621484
EOAD,SEMA7A,-0.147495795125945,0.631837497615648
EOAD,IGF2,0.0583583190176133,0.684185263632772
EOAD,MMRN2,0.0689269225856259,0.368082418651957
EOAD,FUCA2,-0.244382204899802,0.701959572361838
EOAD,HTRA1,-0.0579550973223464,0.578298112718049
EOAD,TMEM132A,-0.0174392030725219,0.902141084696114
EOAD,LYZ,0.298905534234393,0.269006347587298
EOAD,KNG1,0.373891801412269,0.271413805886578
EOAD,MCFD2,0.150749253138252,0.647134111019565
EOAD,PPIA,0.477312868313456,0.0224597622060813
EOAD,CALB1,-0.0234607725219265,0.887978615607253
EOAD,GPR37,-0.0537046619800963,0.565927877709668
EOAD,SHISA7,-0.199742787258724,0.0365963222892319
EOAD,MAPT,0.926136543238878,0.13146890056736
EOAD,ATP6AP2,-0.25931537146363,0.519396493550399
EOAD,C7,0.176980981660753,0.250396553580068
EOAD,CANX,-0.0462154793428384,0.598472937914771
EOAD,VGF,-0.584603058038548,0.125543837998659
EOAD,ENPP2,0.0935438553809504,0.677042411523753
EOAD,MGP,-0.12474373167135,0.754977446199804
EOAD,MRC1,-0.0278715626436536,0.885073773872223
EOAD,SERPINA5,0.40690652910512,0.131865581356783
EOAD,IGKV4-1,0.147004145873612,0.704619881874657
EOAD,LDHA,0.15314300242521,0.287796122573842
EOAD,PRCP,-0.285715639287947,0.151503701098424
EOAD,FRRS1L,-0.159509126590448,0.125543837998659
EOAD,F12,0.211616117831911,0.600611151561447
EOAD,TPI1,0.192002139088576,0.429808187314876
EOAD,FGG,0.114129189457531,0.782255633117387
EOAD,OGN,-0.0764252136664911,0.4284750795659
EOAD,LCAT,-0.332297975563909,0.244309825422506
EOAD,LINGO1,-0.210592867901688,0.269080858114767
EOAD,MEGF9,-0.116265162598073,0.333305137775446
EOAD,CSF1,0.064861309576445,0.656521449507206
EOAD,SEMA3G,-0.0805813281861143,0.645806689274805
EOAD,DKK3,-0.0537967700930562,0.635649749017094
EOAD,NCAM2,-0.029762794842437,0.701959572361838
EOAD,NPTX2,-0.67885513816811,0.0342043734812251
EOAD,SPOCK1,-0.0783073579819451,0.365759012618978
EOAD,TF,0.17641665660032,0.41679316169376
EOAD,QSOX2,-0.0979516830450127,0.631837497615648
EOAD,PIK3IP1,-0.0791027594927645,0.372560211151682
EOAD,SMOC1,0.449806506606452,0.0799932359889286
EOAD,LMAN2,-0.0346159049592671,0.439089440775495
EOAD,CLSTN3,-0.0480273928343564,0.664964150310282
EOAD,NEO1,-0.103822915103581,0.23096129914898
EOAD,IGFBP4,-0.0493739184879907,0.698991946741648
EOAD,PRKCSH,-0.115139001323897,0.175976883731711
EOAD,BCHE,0.0739024368546595,0.737919074698424
EOAD,SPINT2,-0.129059980258798,0.289972168237634
EOAD,TWSG1,0.0534285660110472,0.661306578637265
EOAD,HEXB,-0.0929121363371781,0.572840455749051
EOAD,SULF2,-0.182572997412365,0.131801654048377
EOAD,FETUB,0.416843510929296,0.110280378255723
EOAD,MMP2,0.0244200440721283,0.734430468006213
EOAD,MFGE8,-0.250038575763385,0.128043108382428
EOAD,SLC39A10,-0.203606592338212,0.15286188415108
EOAD,KLKB1,0.556362134868968,0.198321867254426
EOAD,FGFR2,-0.0656627709012234,0.452195010003777
EOAD,PTPRZ1,-0.0312659886864548,0.807106086163769
EOAD,GNPTG,-0.0523303094631338,0.752494945492867
EOAD,DYNLL2,0.172513497444125,0.131865581356783
EOAD,SDF4,0.0316055774046191,0.680570020925473
EOAD,PTPRN,-0.417091702081175,0.0799932359889286
EOAD,VSTM2B,-0.299506717327341,0.0812717235536128
EOAD,PRDX1,0.156143776208522,0.415171639338706
EOAD,APOA4,0.421990240901534,0.359982308334619
EOAD,FBLN1,-0.0532300232763188,0.492479114207099
EOAD,CADM3,-0.100112693976794,0.244309825422506
EOAD,SERPING1,0.230918628294303,0.217196409003323
EOAD,APOE,-0.208712279187374,0.189701282768126
EOAD,SOD2,0.176923971751727,0.217196409003323
EOAD,PENK,-0.132202414554564,0.518689159228182
EOAD,CST3,-0.100413393715579,0.398576831634405
EOAD,CFD,0.297552715981688,0.131865581356783
EOAD,CADM4,-0.01802593469424,0.839731751112782
EOAD,FN1,-0.0095809497271641,0.939952431711865
EOAD,COLEC12,0.0679405896940519,0.426283493009268
EOAD,CFH,0.162544547242131,0.269973336530036
EOAD,CNTN1,-0.0196614944719027,0.835106972193399
EOAD,ORM1,0.489818210150625,0.217196409003323
EOAD,NPY,-0.527731845087636,0.23096129914898
EOAD,ECM2,-0.0055220184231963,0.957321528890284
EOAD,CD14,-0.057016650652896,0.741600451197945
EOAD,ENDOD1,0.0293595056833986,0.78108975374199
EOAD,APOA1,0.380066677641487,0.289972168237634
EOAD,OLFM1,-0.0590062848327335,0.502347052407225
EOAD,FGFR1,-0.14361108748407,0.289042183250483
EOAD,HABP2,0.415390893659348,0.166083294019683
EOAD,PTGDS,-0.0017918444374593,0.984135985475772
EOAD,GLDN,0.173895690143912,0.128043108382428
EOAD,GOLIM4,-0.071840917051432,0.438121446854399
EOAD,SOD3,0.30192167038839,0.258665358234891
EOAD,SERPINF1,-0.0113001775092769,0.925386591532479
EOAD,C8A,0.266147725414408,0.426283493009268
EOAD,RNASE2,0.158404375093463,0.656521449507206
EOAD,ITIH1,0.600450170543573,0.244309825422506
EOAD,TIMP2,0.050471761572334,0.610273954042509
EOAD,SORCS2,-0.0681678558794783,0.531510165641596
EOAD,ORM2,0.511961077820523,0.20880605826187
EOAD,CD163,0.0481822965090153,0.588472362557281
EOAD,CADM2,-0.0748969064042964,0.592470383049134
EOAD,SORCS3,-0.243804744697926,0.0799932359889286
EOAD,TALDO1,0.203067147285147,0.0365963222892319
EOAD,OMD,0.0425720145075328,0.67970693692017
EOAD,ENO1,0.283050843938158,0.0351335586524706
EOAD,NRXN1,-0.16914307528352,0.125543837998659
EOAD,SERPINA3,0.39462474287439,0.15286188415108
EOAD,FCGBP,0.0740518558357692,0.727411255204692
EOAD,MAN2A2,-0.116258118273562,0.293101131076586
EOAD,RNASE6,0.137177503641936,0.280224523269851
EOAD,MARCKS,0.0440432792017527,0.464928282815965
EOAD,ST6GAL2,-0.0909168551321935,0.543432442628694
EOAD,NID1,0.0256335227762996,0.631837497615648
EOAD,COTL1,0.140120691735668,0.270597197294007
EOAD,TXN,0.0924179681043471,0.244309825422506
EOAD,CUTA,-0.136227756847366,0.370576639002162
EOAD,NPTXR,-0.557791782137176,0.0209839419446216
EOAD,MDH1,0.343549588281672,0.0896388538602821
EOAD,C8G,0.335179851749118,0.41798788651348
EOAD,PRG4,-0.174165188230367,0.562567346037185
EOAD,ARMH4,-0.109112186670877,0.313499705806341
EOAD,GOT2,0.177201488324447,0.303157230607034
EOAD,PPIB,-0.120427638455435,0.372560211151682
EOAD,QSOX1,-0.08448041128967,0.502394162201726
EOAD,APOM,0.518259342660625,0.247392101743679
EOAD,FBLN2,-0.118166131999521,0.451583532417105
EOAD,LY6H,-0.301870524900092,0.161523312206784
EOAD,WFDC2,-0.0368551715850121,0.783364237849892
EOAD,GPR37L1,-0.0703350656939072,0.627139968358421
EOAD,TNXB,-0.0377601927561955,0.627139968358421
EOAD,APOH,0.0698476033756954,0.923185192451395
EOAD,SERPINA4,0.36302754441528,0.285498544130573
EOAD,NPC2,0.0829708879154651,0.439454643585522
EOAD,ADGRB1,-0.340045112961911,0.128043108382428
EOAD,IGKV3-20,0.245669268121969,0.520168761059651
EOAD,ITIH4,0.404596988644341,0.250396553580068
EOAD,BGLAP,-0.0268155134753676,0.946287652905822
EOAD,RTN4RL2,-0.27483367435394,0.231672865707324
EOAD,DAG1,-0.093958596884125,0.402812247312876
EOAD,CGREF1,-0.308052075443234,0.0799932359889286
EOAD,DIPK1C,-0.0678352795061405,0.734430468006213
EOAD,CFHR1,0.637151984384066,0.211833168159422
EOAD,CLU,-0.103502968906652,0.476993850040552
EOAD,FSTL4,-0.297621987600886,0.303157230607034
EOAD,NTRK2,-0.107431269762412,0.260429528194937
EOAD,NXPH4,-0.22442058607463,0.480489259303669
EOAD,ADAM22,-0.12266676106324,0.285498544130573
EOAD,CCN3,0.1888428198907,0.20880605826187
EOAD,CNTN4,-0.0165240303844163,0.847960932691182
EOAD,SPOCK2,-0.003467163043636,0.954450877312711
EOAD,KRT9,-0.572829556504118,0.521649444919428
EOAD,TNR,-0.0114739407380311,0.870877599138437
EOAD,LRRC4B,-0.0900588947244199,0.559601531798456
EOAD,CTSD,0.0385066564507284,0.869049707593412
EOAD,CTSZ,-0.0695035555200993,0.740140793158225
EOAD,CANT1,-0.10216221083774,0.23096129914898
EOAD,PCSK1N,-0.243031080996982,0.198321867254426
EOAD,GM2A,-0.17236456446655,0.23096129914898
EOAD,C9,0.442861310848762,0.333020173631092
EOAD,CALR,-0.029372622468907,0.610273954042509
EOAD,COL6A1,-0.169259735055237,0.244888354116801
EOAD,CAMK2B,-0.153825642685653,0.426283493009268
EOAD,SPINK6,-0.136500276955503,0.513994331067096
EOAD,APOB,0.648925004534705,0.41611876276556
EOAD,AFM,0.321907735193646,0.285498544130573
EOAD,PTPRF,-0.0083687537048593,0.90176291251896
EOAD,LGALS3BP,0.149846638043211,0.23096129914898
EOAD,ECM1,-0.0149696697843229,0.920434767328999
EOAD,SLITRK4,-0.192070779902051,0.358038723855867
EOAD,PCSK2,-0.329183565194706,0.131865581356783
EOAD,VSIG4,0.0147918042613755,0.921832507661619
EOAD,SUSD5,-0.101943988985632,0.430735490794967
EOAD,B4GAT1,-0.173554707963529,0.131801654048377
EOAD,NEGR1,-0.135794486392748,0.269973336530036
EOAD,PEBP4,0.0518845124821592,0.737919074698424
EOAD,GMFB,0.101280661609689,0.452195010003777
EOAD,SCRG1,-0.110597807848617,0.492908382651148
EOAD,NUCB1,-0.0451222800828841,0.737919074698424
EOAD,A4GALT,0.0066703334929529,0.978402673929897
EOAD,ABCA2,0.0913551726528574,0.520529708866656
EOAD,ABHD14B,0.235128077762824,0.285498544130573
EOAD,ABI3BP,0.188814581683083,0.41798788651348
EOAD,ACE,-0.267048051332009,0.413905821317566
EOAD,ACP2,-0.0857729411261259,0.782582758180703
EOAD,ACYP1,-0.028475234818865,0.782939803591019
EOAD,ADA2,0.211182477519146,0.31162805976833
EOAD,ADAM10,0.0099410640110599,0.941576285786873
EOAD,ADAM11,-0.118673198299461,0.41798788651348
EOAD,ADAM15,-0.120416480995271,0.451583532417105
EOAD,ADAM23,-0.0971159641641197,0.60197199987591
EOAD,ADAM28,0.12712463373893,0.670160832252687
EOAD,ADAM9,-0.117858670472453,0.663724562305687
EOAD,ADAMTS8,-0.135784630675577,0.260923570984576
EOAD,ADGRB3,-0.212342239874843,0.519906252530506
EOAD,ADGRL1,-0.114720390545044,0.459107630360008
EOAD,ADGRL3,-0.0769335207187822,0.627139968358421
EOAD,ADM,0.0539760631152566,0.769120918554674
EOAD,AHNAK,0.255264573281417,0.365759012618978
EOAD,AKR1B1,0.464342675271418,0.41611876276556
EOAD,ALB,0.352104031478595,0.23096129914898
EOAD,ALDH1A1,0.0626590965632507,0.817130305419249
EOAD,ANGPTL7,-0.0246349821264698,0.916950548743177
EOAD,ANPEP,0.213799364752316,0.333305137775446
EOAD,ANXA5,0.105041444990181,0.613533838120921
EOAD,AP2B1,0.00694456175819,0.970906536026795
EOAD,APMAP,0.221360423903511,0.372036742170001
EOAD,APOC2,0.195805481194876,0.65246349864727
EOAD,APOF,0.664797889765571,0.203793910442445
EOAD,APOL1,0.40491284914784,0.474544835563777
EOAD,ASAH1,7.96901389295002e-05,0.999421767804436
EOAD,ASPH,-0.0483427081783212,0.704108599713853
EOAD,ATP1B1,-0.0430250588260712,0.698991946741648
EOAD,ATP1B2,-0.06983932084733,0.546620602535219
EOAD,ATRNL1,-0.0532355962430762,0.939952431711865
EOAD,B3GALNT1,-0.119538459365654,0.59379669338911
EOAD,B3GNT9,-0.18313023368163,0.641977823871671
EOAD,B4GALT1,-0.159811025596484,0.391839671204357
EOAD,BCAM,0.0044586789998977,0.972197168621423
EOAD,BGN,0.0798881286156501,0.727411255204692
EOAD,BLMH,0.1023181584069,0.358986557017789
EOAD,BMP1,-0.0835838955108228,0.597847083990131
EOAD,BMP6,-0.396869852399514,0.415171639338706
EOAD,BSG,-0.0752694500083928,0.451596873883975
EOAD,BST1,0.535380740573206,0.391839671204357
EOAD,C11orf87,-0.236408098616561,0.372470125336557
EOAD,SPRING1,-0.123369800782329,0.492479114207099
EOAD,C1QL3,0.0021127353304688,0.990337378908765
EOAD,C1QTNF4,-0.139688274776356,0.41798788651348
EOAD,C1QTNF5,0.0353248449449719,0.836900327887312
EOAD,C4BPB,0.627549414693797,0.303157230607034
EOAD,CA10,-0.202036889969333,0.514341249749289
EOAD,CA11,-0.186720315733964,0.362080618906046
EOAD,CA2,0.815355461062652,0.423685431930281
EOAD,CA4,-0.084800600204888,0.624157396104564
EOAD,CACHD1,-0.188462599167522,0.583276149214403
EOAD,CACNA2D2,-0.150373148711121,0.285498544130573
EOAD,CACNA2D3,-0.216492139829511,0.416486762220635
EOAD,CALY,-0.0210952999017602,0.905787922600087
EOAD,CAMK2D,0.04854616066969,0.715024075879053
EOAD,GOLM2,-0.0458109590317113,0.73228011256192
EOAD,CAT,1.0077734774559,0.502347052407225
EOAD,CBR1,0.161742712612109,0.533489685663576
EOAD,CCER2,-0.222684108858751,0.257358617904816
EOAD,CCK,-0.612062496369896,0.211833168159422
EOAD,CD109,0.230712288231631,0.23096129914898
EOAD,CD200,-0.148101049251184,0.4215503960377
EOAD,CD248,-0.0303489631007707,0.740639436050038
EOAD,CD5L,0.507634066756593,0.217196409003323
EOAD,CD81,0.0773392745615986,0.754853559794102
EOAD,CD9,0.0013248867424042,0.998356405464294
EOAD,CDH10,0.052231393288233,0.850659025839362
EOAD,CDH11,-0.0316912280501258,0.737919074698424
EOAD,CDH15,-0.178327633317672,0.41611876276556
EOAD,CDH18,-0.158147415642168,0.34778428232142
EOAD,CDH20,-0.045680758463023,0.631837497615648
EOAD,CDH22,-0.299714560551331,0.0046778714114421
EOAD,CDH4,-0.146099055742477,0.258665358234891
EOAD,CDH5,0.0715136573420612,0.687847521394846
EOAD,CDH7,-0.17807358009283,0.185970173651065
EOAD,CDH8,-0.200756170786279,0.244888354116801
EOAD,CDH9,-0.323982970857937,0.0205482171861339
EOAD,CEL,-0.234088024234064,0.680570020925473
EOAD,CEMIP,0.0164195712108768,0.880872429742338
EOAD,CFB,0.280369855874044,0.362080618906046
EOAD,CFHR3,0.49638067925569,0.0799932359889286
EOAD,CFL1,0.357715057654374,0.131865581356783
EOAD,CFP,0.431387179044703,0.23096129914898
EOAD,CHAD,0.0998986845277701,0.65134966111245
EOAD,CHI3L2,-0.0950661056980397,0.664964150310282
EOAD,CHID1,-0.118328568902224,0.399551920907533
EOAD,CHIT1,0.495648289894616,0.613253960074956
EOAD,CHRD,-0.152284881218649,0.0555369223979863
EOAD,CHRDL1,0.0489659660583346,0.712690799762248
EOAD,CHST10,-0.166164764454177,0.421144830956788
EOAD,CHST15,-0.0925644062892328,0.624157396104564
EOAD,CKB,0.47257795044924,0.131865581356783
EOAD,CKMT1A,0.110581973167266,0.71869944260164
EOAD,CLEC11A,0.0875543997406441,0.578298112718049
EOAD,CLMP,-0.103455674482504,0.600611151561447
EOAD,CLN5,-0.0642896038279748,0.737919074698424
EOAD,CLUL1,0.101779458248232,0.737919074698424
EOAD,CNPY3,-0.275181936689918,0.0205482171861339
EOAD,CNTFR,-0.198825927859481,0.182474995609729
EOAD,CNTN3,-0.1422604016386,0.221733095065442
EOAD,CNTN6,-0.0286057790790677,0.769120918554674
EOAD,CNTNAP2,-0.0273741807717158,0.881787972728237
EOAD,CNTNAP5,-0.0655831453044522,0.642968824981966
EOAD,COL12A1,-0.062530137907884,0.635820556759259
EOAD,COL14A1,-0.0628160776121316,0.606226702670664
EOAD,COL15A1,0.0759584333009773,0.677229857257402
EOAD,COL21A1,-0.0154145775085421,0.945918353945939
EOAD,COL28A1,0.333592865659429,0.535886110085807
EOAD,COL4A1,-0.077745917164858,0.521649444919428
EOAD,COL4A2,-0.02875389834335,0.737243428970731
EOAD,COL5A1,-0.0899732963787878,0.631146918171279
EOAD,COL6A2,-0.0503480157569287,0.733215510327026
EOAD,COMP,0.280453030471135,0.368082418651957
EOAD,CPD,0.0290100036604084,0.920434767328999
EOAD,CPN1,0.352393566279322,0.509926004481828
EOAD,CPXM2,-0.0105962315692203,0.945918353945939
EOAD,CRABP1,0.0853298176086419,0.860951846549683
EOAD,CREG1,-0.0870093444505518,0.625909079849633
EOAD,CRELD1,-0.189355750099186,0.439810665876916
EOAD,CRISP3,0.36930218614077,0.261219034819153
EOAD,CRYM,0.205123241663986,0.349289719243493
EOAD,CSPG4,-0.0578697811074695,0.740140793158225
EOAD,CST6,0.131121616745967,0.362080618906046
EOAD,CSTB,0.123639676500411,0.362080618906046
EOAD,CTBS,-0.0891866382517366,0.754853559794102
EOAD,CCN2,-0.0271738752287742,0.835106972193399
EOAD,CTSC,0.0341376828304671,0.813366899117316
EOAD,CTSO,0.153300283793847,0.612492217876619
EOAD,CTSS,-0.031490813024968,0.920434767328999
EOAD,CXADR,0.0362026146534005,0.802488361049196
EOAD,CXCL12,-0.216341232314653,0.435945505235735
EOAD,CYTL1,0.0906788797764744,0.358749911739101
EOAD,DBH,-0.0698493688954178,0.881787972728237
EOAD,DCC,-0.173893953137419,0.21807486145177
EOAD,DCD,-0.0552495774518542,0.880872429742338
EOAD,DDAH1,0.275417950814858,0.0109864607333661
EOAD,DDB1,0.103922996733074,0.426396884923347
EOAD,DIPK2B,-0.0894058845327947,0.422609549586173
EOAD,DLD,0.142056502936258,0.110617188291771
EOAD,DMKN,0.17376606023539,0.588472362557281
EOAD,DNAJC3,-0.111441247798648,0.645806689274805
EOAD,DNASE2,-0.001560931586849,0.997799896638391
EOAD,DPP10,0.0454728538054434,0.781931714235594
EOAD,DPP3,0.0899682797667012,0.451933959119917
EOAD,DPYSL2,0.347343953432625,0.0224597622060813
EOAD,DSC1,-0.121552358680979,0.362080618906046
EOAD,DSC2,0.195137000632659,0.372560211151682
EOAD,DSC3,0.236923701666471,0.131865581356783
EOAD,DSG2,0.0751942449328862,0.656521449507206
EOAD,EDN3,-0.148607376513885,0.535886110085807
EOAD,EFCAB14,-0.0920414239318967,0.419685654180937
EOAD,EFNA1,-0.0634862631412547,0.819866269606406
EOAD,EFNA3,-0.241440948222144,0.260429528194937
EOAD,EFNB1,0.0640962709154076,0.642968824981966
EOAD,EGFR,-0.123616852388921,0.40738499230533
EOAD,EMC10,-0.134850765704446,0.399551920907533
EOAD,EMILIN2,0.0322662701583409,0.885073773872223
EOAD,ENPP4,0.0092676626964456,0.972033983065957
EOAD,ENPP5,0.150942023547558,0.45006754804931
EOAD,ENPP6,0.201480170480769,0.465868843368723
EOAD,ENTPD6,-0.139971272123397,0.391839671204357
EOAD,EPDR1,-0.152874198053536,0.680916262877697
EOAD,EPHA10,-0.147423606931591,0.601528459533241
EOAD,EPHA5,-0.153616352184589,0.368082418651957
EOAD,EPHA7,-0.0100250004637132,0.905787018669458
EOAD,EPHB6,-0.182869465689646,0.385406868915483
EOAD,ERAP1,-0.0779892141103735,0.815757737169882
EOAD,ERBB3,0.0302739678931596,0.912988862673444
EOAD,ERP44,-0.096953164279916,0.23096129914898
EOAD,ESAM,-0.173196530584826,0.437990207483739
EOAD,EXTL2,-0.124104951032301,0.182474995609729
EOAD,EZR,-0.0997795519336773,0.680916262877697
EOAD,F11,0.434286098079577,0.280224523269851
EOAD,F13A1,0.313523462936677,0.426283493009268
EOAD,F13B,0.506018826593468,0.23096129914898
EOAD,F7,0.223285609801238,0.65134966111245
EOAD,F9,0.39787515757838,0.131865581356783
EOAD,FABP3,0.887289395037594,0.131865581356783
EOAD,FABP5,0.222867705334911,0.200425526050186
EOAD,FAIM2,-0.0306709866055561,0.809765832721989
EOAD,FAM171A1,-0.312563555488045,0.0896388538602821
EOAD,FAM174A,-0.187820334524036,0.62268428691666
EOAD,FAM20B,-0.0778166998629644,0.409960807442848
EOAD,FAM20C,0.0794038489984574,0.704612371207743
EOAD,FBLN7,-0.0320727013482411,0.754853559794102
EOAD,FBN1,-0.0028760875055091,0.984321777360714
EOAD,FCGR3A,0.231969580749364,0.295675509208003
EOAD,FCN3,0.683485334932729,0.21807486145177
EOAD,FGFR3,0.0460545387616076,0.820409383916218
EOAD,FGL2,0.0191153900157293,0.920434767328999
EOAD,FKBP1A,0.477425600151585,0.0166568320654503
EOAD,FLNA,0.380050136808606,0.257358617904816
EOAD,FMOD,-0.0534580274845702,0.800413973276266
EOAD,FOLR1,0.0372276027398506,0.807106086163769
EOAD,FSCN1,0.251266903773583,0.391839671204357
EOAD,FSTL5,-0.28093381933847,0.21807486145177
EOAD,FTH1,0.022352653354857,0.848182285924621
EOAD,FUCA1,-0.104362031525008,0.746493424328384
EOAD,FXYD6,0.0091380455485259,0.972197168621423
EOAD,FZD1,-0.005198451316394,0.990337378908765
EOAD,GAA,-0.112969061925757,0.647348127922446
EOAD,GALC,-0.0355749315561118,0.905787018669458
EOAD,GALNS,-0.122177818104388,0.734430468006213
EOAD,GALNT1,-0.0936573487032408,0.504256828780309
EOAD,GALNT10,-0.0794224828022667,0.409960807442848
EOAD,GALNT13,-0.0816584933941655,0.519396493550399
EOAD,GALNT15,0.0511850683877606,0.836900327887312
EOAD,GALNT16,0.0663624662838442,0.664964150310282
EOAD,GALNT17,-0.0487160833672231,0.680570020925473
EOAD,GALNT18,-0.115597785450094,0.135561036696958
EOAD,GALNT6,-0.0614356014777133,0.707624048651435
EOAD,GALNT7,-0.0679637420476347,0.417475204265741
EOAD,GANAB,-0.283502787042641,0.0224597622060813
EOAD,GAS6,-0.135821190200572,0.244309825422506
EOAD,GBA1,-0.205668691378888,0.315553880424437
EOAD,GDF11,-0.129556780205664,0.28216253622101
EOAD,GDI1,0.318732396811128,0.115486707258552
EOAD,GDI2,-0.0216525645176504,0.90176291251896
EOAD,GFRA3,-0.213878876533782,0.287796122573842
EOAD,GGCT,0.3047948943912,0.0977482329756846
EOAD,GGT7,-0.0761077604234979,0.657525766797822
EOAD,GLG1,-0.0449187159140303,0.802167135753117
EOAD,GLO1,0.337640933249991,0.250396553580068
EOAD,GLOD4,0.319160236188171,0.138310514181433
EOAD,GLRX,0.143625823227887,0.280224523269851
EOAD,GNAS,-0.1563861055699,0.452195010003777
EOAD,GNS,-0.048371278405229,0.815757737169882
EOAD,GPC1,-0.0617942633204045,0.671908305513753
EOAD,GPLD1,0.146538987919173,0.617094014073594
EOAD,GPNMB,0.204544296335241,0.452195010003777
EOAD,GRB2,0.0807202193195931,0.23096129914898
EOAD,GRIA2,0.32787585220006,0.203793910442445
EOAD,GRN,0.0926281366140325,0.596419417390456
EOAD,GRP,-0.680225045755607,0.0820628758035189
EOAD,GSR,0.338200104057505,0.125543837998659
EOAD,GSS,0.0282192262264873,0.703376808950827
EOAD,GSTO1,0.32324041526214,0.06047910045123
EOAD,GSTP1,0.0996084287596695,0.426283493009268
EOAD,GYG1,-0.169695787842231,0.520168761059651
EOAD,HAVCR2,-0.0563387973533711,0.704612371207743
EOAD,HEG1,0.0943319930870761,0.532417805086238
EOAD,HGFAC,0.55963288665352,0.0702373898157165
EOAD,HK1,0.231998706482788,0.110280378255723
EOAD,HLA-A,0.304716255042656,0.664095478292502
EOAD,HLA-C,-0.404032413930923,0.746493424328384
EOAD,HLA-DRA,-0.0026162058626111,0.997799896638391
EOAD,HLA-DRB1,0.0686121954040284,0.920434767328999
EOAD,HMCN1,-0.210705953821414,0.614277259779261
EOAD,HPR,0.723065871275556,0.358749911739101
EOAD,HPRT1,0.389217756680106,0.121480316376723
EOAD,HS6ST1,-0.0207869998872932,0.919176827789441
EOAD,HS6ST3,-0.265006019470214,0.23096129914898
EOAD,HSP90B1,-0.0925794780659128,0.656521449507206
EOAD,HSPA13,-0.110197103164012,0.28216253622101
EOAD,HSPA1A,0.179596065962226,0.486763219243336
EOAD,HSPE1,0.0234967912612101,0.889540098182708
EOAD,HYAL1,0.0381664542856619,0.690068885583114
EOAD,ICAM1,0.348655247600402,0.333883308711607
EOAD,ICAM2,0.15637219681309,0.110280378255723
EOAD,IDH1,0.147809476215792,0.45171494624298
EOAD,IFNAR2,-0.221404883879948,0.23096129914898
EOAD,IGF2R,-0.0001669669201751,0.999396703668236
EOAD,IGFALS,0.516647766599064,0.223045203640253
EOAD,IGFBP3,0.208780855421354,0.28216253622101
EOAD,IGHV1-69,0.131369151104573,0.815757737169882
EOAD,IGHV2-26,0.402450973524402,0.198321867254426
EOAD,IGHV2-70,0.0201073568032712,0.976507727155607
EOAD,IGHV2-70D,0.304270060099094,0.754853559794102
EOAD,IGHV3-49,0.14628017465684,0.800236004896386
EOAD,IGHV3-64D,0.414086044590702,0.244309825422506
EOAD,IGHV3-7,0.362497406825275,0.28216253622101
EOAD,IGHV4-28,0.371349763459856,0.426283493009268
EOAD,IGHV4-34,0.257093843562183,0.504256828780309
EOAD,IGHV4-4,-0.1440084060544,0.864594676811186
EOAD,IGHV5-10-1,-0.379495815520237,0.705964643277076
EOAD,IGHV5-51,0.237753330792804,0.631146918171279
EOAD,IGHV6-1,0.166622685626111,0.715024075879053
EOAD,IGKJ1,0.524557653295938,0.280224523269851
EOAD,IGKV1-6,0.574568155566165,0.373662956649642
EOAD,IGKV2-29,0.410346463461107,0.492297862886585
EOAD,IGKV2-30,0.409138574875505,0.304599359443253
EOAD,IGKV3-11,0.339981698595352,0.382466149346473
EOAD,IGKV3-15,0.136567599306377,0.409960807442848
EOAD,IGKV3D-15,-0.117722983846286,0.742717227266989
EOAD,IGKV3D-20,0.173637027546676,0.707624048651435
EOAD,IGLC7,0.689872812606037,0.426283493009268
EOAD,IGLV1-51,-0.0597298540837725,0.938568706280508
EOAD,IGLV2-11,0.256712246650538,0.627139968358421
EOAD,IGLV2-18,0.044945315617742,0.954450877312711
EOAD,IGLV2-23,0.32006774734529,0.520168761059651
EOAD,IGLV2-8,0.0105611157243768,0.972197168621423
EOAD,IGLV3-27,0.710695882511108,0.189701282768126
EOAD,IGLV4-60,0.478881924692691,0.577353832546483
EOAD,IGLV6-57,0.597342950620048,0.372036742170001
EOAD,IGLV7-46,0.0796107955062464,0.820529424565564
EOAD,IGLV8-61,-0.358165346798359,0.605132513670961
EOAD,IGLV9-49,0.271003505178176,0.769120918554674
EOAD,IGSF1,-0.353686173494232,0.0867185279375725
EOAD,IGSF21,-0.14223541720914,0.3477732614427
EOAD,IL18BP,0.208355157155864,0.131865581356783
EOAD,IL1RAP,0.0702515301186768,0.737919074698424
EOAD,IMPA1,0.239981353178657,0.362080618906046
EOAD,ITGA7,0.0662568672744759,0.592470383049134
EOAD,ITGAM,0.744531158746833,0.0109864607333661
EOAD,ITGBL1,-0.0852264265208271,0.572840455749051
EOAD,ITIH3,0.513866471552486,0.287796122573842
EOAD,ITM2A,-0.0952436758692103,0.571258644409243
EOAD,JAG1,-0.149037060556737,0.520168761059651
EOAD,JAM2,-0.0729574871168444,0.520168761059651
EOAD,JAM3,0.0315163939530505,0.782939803591019
EOAD,JAML,0.219551777768727,0.681244010832993
EOAD,JCHAIN,0.457305145888035,0.525986272388055
EOAD,KIAA0319L,0.0100772643389266,0.905787018669458
EOAD,KIAA1549L,-0.252745654272339,0.244888354116801
EOAD,KLK10,-0.0657779685466275,0.817130305419249
EOAD,KLK11,0.0706138088743993,0.798776081541804
EOAD,KRT5,-0.874454118894561,0.41611876276556
EOAD,LAMA4,-0.0567213115051537,0.767558602649051
EOAD,LAMA5,0.096296141370682,0.698991946741648
EOAD,LAMB2,0.015805221720842,0.631146918171279
EOAD,LAMC3,-0.118104865156871,0.546620602535219
EOAD,LAMP5,0.065138933058889,0.733044634446276
EOAD,LBP,0.0411220574296651,0.920434767328999
EOAD,LCN2,0.318326060882999,0.258665358234891
EOAD,LCP1,0.193344861869035,0.285498544130573
EOAD,LDLR,0.108530427318104,0.624157396104564
EOAD,LECT2,0.0034325055564181,0.990337378908765
EOAD,LFNG,-0.190200176792166,0.41611876276556
EOAD,LGALS3,-0.126151324823515,0.703376808950827
EOAD,LGI1,0.249088978211296,0.263906667494362
EOAD,LGMN,0.018705257938425,0.939952431711865
EOAD,LILRA2,0.343417237716888,0.198321867254426
EOAD,LIPA,-0.175676329910231,0.23096129914898
EOAD,LRP11,-0.364996442825768,0.439089440775495
EOAD,LRP1B,-0.0891069932490769,0.633001456785369
EOAD,LRP8,-0.0793818625515366,0.769120918554674
EOAD,LRRC4,-0.0758363973281231,0.600611151561447
EOAD,LRTM2,-0.420560220683716,0.116161196526119
EOAD,LSR,0.0021994841043362,0.993564565606582
EOAD,LTF,0.0101344272195139,0.996043952050922
EOAD,MAG,-0.0181119744726477,0.902662492609012
EOAD,MAN1A2,0.0226895223886752,0.848182285924621
EOAD,MAN1C1,-0.10419327454198,0.46926098768968
EOAD,MAN2A1,-0.0363712945181041,0.699406395645169
EOAD,MAN2B1,-0.0383359057405892,0.848182285924621
EOAD,MAN2B2,0.379794731874221,0.565927877709668
EOAD,MANBA,-0.120924489976737,0.28463537477995
EOAD,MANSC1,-0.0249928195287819,0.880872429742338
EOAD,MARCO,0.554841212379039,0.362475256537431
EOAD,MATN2,0.0107913361512724,0.917532762812935
EOAD,MB,1.47235414387708,0.492297862886585
EOAD,MDGA1,0.012097797844774,0.939952431711865
EOAD,MDH2,0.186372597378149,0.429312798628083
EOAD,MDK,0.000233894825671,0.999396703668236
EOAD,MELTF,-0.057690709135878,0.754853559794102
EOAD,METRNL,-0.0537148023337712,0.690185363389044
EOAD,MFAP4,0.0741445248398875,0.721558722309106
EOAD,MGAT5,-0.103337104181731,0.680570020925473
EOAD,MIA,0.0661409386268641,0.656521449507206
EOAD,MIA3,-0.0734757719607755,0.600611151561447
EOAD,MIF,0.280289675052203,0.179178326389246
EOAD,MINPP1,-0.0918008443918783,0.51714688131517
EOAD,MLEC,-0.001640980289622,0.980949996160584
EOAD,MMP14,-0.049910044029037,0.769418326618876
EOAD,MOXD1,0.0695231267665317,0.656521449507206
EOAD,MPZ,-0.284619940483364,0.483166879722278
EOAD,MRC2,-0.0813071661131,0.289972168237634
EOAD,MSLN,-0.264688286542551,0.4284750795659
EOAD,MSN,0.180178710839301,0.23096129914898
EOAD,MSTN,-0.158237006684153,0.447489487448802
EOAD,MXRA7,-0.02685757299614,0.740140793158225
EOAD,MYDGF,-0.0524360695117299,0.712690799762248
EOAD,MYLK,-0.0621579183097953,0.402812247312876
EOAD,MYOC,0.272763073004456,0.559534533532764
EOAD,NAGA,0.171796828845728,0.597847083990131
EOAD,NAGLU,-0.0619738940512287,0.592470383049134
EOAD,NAXE,0.0983122680569162,0.269435572730343
EOAD,NCMAP,-0.0969037105677737,0.835106972193399
EOAD,NDRG2,-0.0147914574099106,0.922030736097236
EOAD,NDRG4,-0.200379298186085,0.358749911739101
EOAD,NDST1,0.353681598576982,0.238869231202194
EOAD,NECTIN2,0.0282667723263241,0.814522701416346
EOAD,NENF,-0.0611253471638786,0.504527670092297
EOAD,NLGN1,-0.204994430466768,0.250396553580068
EOAD,NLGN2,-0.0001231653985502,0.999396703668236
EOAD,NLGN4X,-0.363955914535411,0.168411806282648
EOAD,NOTCH1,0.0887272241927981,0.734430468006213
EOAD,NOTCH2,-0.0621836101688338,0.737919074698424
EOAD,NOTCH3,-0.119557783446184,0.45006754804931
EOAD,NPDC1,-0.0646712933819313,0.679566444430715
EOAD,NPEPPS,0.193149225222653,0.221733095065442
EOAD,NRN1,-0.270080299198118,0.198321867254426
EOAD,NRP1,-0.0401093584614403,0.854527246545223
EOAD,NRP2,-0.0315233278919607,0.742717227266989
EOAD,NSF,0.133588389062804,0.426481588406176
EOAD,NSG1,-0.124850434241555,0.572840455749051
EOAD,NTRK3,-0.079671394201644,0.470641307334441
EOAD,NUTF2,0.145222144695468,0.323923267218894
EOAD,NXPH1,-0.348881479291714,0.110280378255723
EOAD,NXPH3,-0.14506897330707,0.452195010003777
EOAD,OLFM2,0.130045298230873,0.502347052407225
EOAD,OLFML3,-0.136335297437716,0.110280378255723
EOAD,OSMR,0.0746481034693813,0.627139968358421
EOAD,OXT,-0.103757391238863,0.41798788651348
EOAD,P4HB,0.0005121669126522,0.996043952050922
EOAD,PAMR1,-0.0540195451729701,0.848182285924621
EOAD,PBXIP1,-0.0696012412210623,0.734430468006213
EOAD,PCDH1,-0.149529002574348,9.75438663840272e-07
EOAD,PCDH10,-0.0553625775042947,0.605865907227514
EOAD,PCDH17,0.0289060800385306,0.870877599138437
EOAD,PCDH7,-0.0747581537700253,0.4883307028858
EOAD,PCDH9,-0.0280113903135844,0.840010444183031
EOAD,PCDHAC2,-0.14644626100261,0.20590827570928
EOAD,PCDHGC3,0.0424420473264897,0.754853559794102
EOAD,PCDHGC5,-0.425703311174508,0.0351335586524706
EOAD,PCMT1,-0.0846605340980036,0.663724562305687
EOAD,PCP4,-0.135664941725487,0.413905821317566
EOAD,PCSK9,-0.124686006558586,0.712690799762248
EOAD,PCYOX1,0.0181194309376043,0.958073731273097
EOAD,PDGFRB,-0.0502508917923148,0.760090740377097
EOAD,PDIA3,0.0859664438397969,0.447489487448802
EOAD,PDIA4,0.180635130108622,0.426849264588378
EOAD,PDIA6,-0.151494487703153,0.279962800587242
EOAD,PDYN,-0.314567148380007,0.128043108382428
EOAD,PEA15,0.503088594629934,3.0392367710963702e-09
EOAD,PGAM1,0.422044778557422,0.22257000842738
EOAD,PGM1,0.229744391383077,0.596419417390456
EOAD,PGRMC1,0.0821162120807726,0.614277259779261
EOAD,PIANP,-0.153878211126932,0.409960807442848
EOAD,PIGR,0.572507062859186,0.0872127518391322
EOAD,PILRA,-0.0272265603242792,0.923185192451395
EOAD,PITHD1,0.0728508233258003,0.509926004481828
EOAD,PLA2G15,-0.0380709201798375,0.776916990326783
EOAD,PLBD2,-0.165595939605414,0.59079704171969
EOAD,PLD4,0.29600122972198,0.727411255204692
EOAD,PLEKHB1,0.017684898945034,0.94608136550251
EOAD,PLOD1,-0.124796872519349,0.0867185279375725
EOAD,PLXDC1,-0.213206660910836,0.23096129914898
EOAD,PLXNA1,0.0231085161897866,0.822408636694496
EOAD,PLXNB2,-0.0578456937654881,0.633001456785369
EOAD,PON3,0.369938432350929,0.4284750795659
EOAD,PPP5C,0.132021492150527,0.502347052407225
EOAD,PRAP1,0.140829928438532,0.609183723401606
EOAD,PRDX2,0.244751299540508,0.426283493009268
EOAD,PRDX5,-0.0734106325793906,0.836900327887312
EOAD,PRDX6,0.255293891652038,0.426283493009268
EOAD,PRKAR1A,0.329382221329941,0.0379294294532987
EOAD,PRL,-0.0682052042799111,0.838305877687885
EOAD,PRND,-0.103291841429148,0.826264258968375
EOAD,PROC,0.17164787829284,0.365759012618978
EOAD,PROZ,0.424631270001827,0.592470383049134
EOAD,PRRG1,-0.313964588049135,0.63433135424508
EOAD,PRSS23,0.210074494633295,0.532293295486452
EOAD,PSAT1,0.0464863743674844,0.598472937914771
EOAD,PTPRK,-0.0853117977943336,0.609183723401606
EOAD,PTPRM,-0.0426147871915861,0.727411255204692
EOAD,PTPRT,0.0031008881256635,0.992803707107328
EOAD,PVALB,0.0018458917679371,0.993564565606582
EOAD,PVR,0.0090950376752001,0.951758588522645
EOAD,PXDN,0.106469524319246,0.618872444965703
EOAD,PZP,0.510450936884324,0.383395870649313
EOAD,QPCT,-0.0211885055048944,0.905408036326593
EOAD,RAD23B,0.160735605127631,0.372560211151682
EOAD,RCN1,0.0126908549695601,0.954450877312711
EOAD,RCN2,0.0379114287343381,0.727411255204692
EOAD,RECK,-0.15032663313491,0.737919074698424
EOAD,RGMA,-0.236543109815395,0.244309825422506
EOAD,RGMB,-0.225485653851833,0.23096129914898
EOAD,RIDA,0.166021996062278,0.362080618906046
EOAD,RNF13,0.0149294810030618,0.926908722441131
EOAD,ROBO2,-0.223867549686093,0.368082418651957
EOAD,ROBO4,-0.188749392336325,0.545696960020134
EOAD,RTBDN,-0.296005516218981,0.182474995609729
EOAD,RTN4RL1,0.161208188110225,0.510448386646964
EOAD,S100A6,0.3147731039911,0.433061979712898
EOAD,SAA1,-0.070191771403449,0.923185192451395
EOAD,SAA4,0.526958629512885,0.409960807442848
EOAD,SCGB1A1,-0.455648354193671,0.600611151561447
EOAD,SCN3B,-0.219191035333751,0.250396553580068
EOAD,SCN4B,-0.118611597928837,0.23096129914898
EOAD,SCPEP1,-0.0198352455879816,0.905787018669458
EOAD,SCUBE1,-0.0727986446872499,0.690185363389044
EOAD,SELENOM,-0.11677619546745,0.424572210946879
EOAD,SEMA3B,-0.0624527055373454,0.819866269606406
EOAD,SEMA3C,-0.0617067977390988,0.814522701416346
EOAD,SEMA3F,-0.18151653417693,0.41798788651348
EOAD,SEMA6B,-0.0801573780538201,0.764155878318878
EOAD,SERPINA10,0.342223841053166,0.419438805562026
EOAD,SERPINB1,0.215808521214545,0.657525766797822
EOAD,SERPINE2,-0.535545656177706,0.121480316376723
EOAD,SF3A1,-0.17861702928748,0.514341249749289
EOAD,SFRP1,-0.168665287304591,0.624157396104564
EOAD,SFRP4,0.139495560303121,0.533489685663576
EOAD,SGCE,-0.119938581846127,0.0977482329756846
EOAD,SH3BGRL,0.243089867688499,0.0192288530205769
EOAD,SH3BGRL3,0.153341058988179,0.223045203640253
EOAD,SHBG,0.280808828192403,0.433061979712898
EOAD,SIGLEC14,-0.119241792531045,0.735484028331815
EOAD,SIL1,0.0052825210792528,0.973515986048309
EOAD,SLC24A2,-0.0585743715627025,0.454384480861485
EOAD,SLC38A10,-0.0239091289317308,0.798776081541804
EOAD,SLC39A12,-0.0900607035682413,0.703376808950827
EOAD,SLC3A2,-0.0932507628421293,0.609183723401606
EOAD,SLITRK5,-0.298223677268607,0.432275314443681
EOAD,SLPI,0.383382476285688,0.055190895134863
EOAD,SMPD1,-0.107465806309197,0.609183723401606
EOAD,SMPDL3A,-0.0209105463785804,0.920434767328999
EOAD,SMPDL3B,0.108495439626242,0.690185363389044
EOAD,SNCG,0.129975031041663,0.572840455749051
EOAD,SNED1,-0.105289692576536,0.439089440775495
EOAD,SORCS1,-0.235729707384306,0.402812247312876
EOAD,SORL1,0.0538621031766588,0.726366418106472
EOAD,SORT1,-0.0856539272316752,0.54080975138165
EOAD,SPINK5,0.299497210663458,0.211833168159422
EOAD,SPINT1,-0.0331549133520586,0.801717692899083
EOAD,SPON2,-0.218659237674437,0.559534533532764
EOAD,SRGN,0.15616588967164,0.439089440775495
EOAD,SSC5D,-0.009165344894443,0.944639712814746
EOAD,SST,-0.709712405530834,0.0927560828151564
EOAD,ST3GAL6,-0.0351052833852981,0.891836700959441
EOAD,ST6GALNAC1,-0.154489004147739,0.217196409003323
EOAD,ST8SIA3,-0.331367556538535,0.131865581356783
EOAD,ST8SIA5,-0.243841763839649,0.110280378255723
EOAD,STMN3,-0.0546492228457467,0.596419417390456
EOAD,SYT1,0.35638851979895,0.250396553580068
EOAD,TAC1,-0.339097432730417,0.0006753337046283
EOAD,TAC3,-0.211594844365337,0.640781915101927
EOAD,TAGLN3,0.303062281611173,0.269973336530036
EOAD,TBCA,0.256494860245532,0.285498544130573
EOAD,TCN2,-0.0853630941768948,0.77350286953611
EOAD,TFRC,0.0355681518485644,0.846591684228978
EOAD,THBS1,-0.392766777302224,0.293101131076586
EOAD,THBS2,-0.133783232980573,0.151503701098424
EOAD,THBS4,0.0052190739894895,0.976481287455418
EOAD,THSD4,-0.155538572982564,0.453146316536366
EOAD,TIE1,-0.0885906267939074,0.73228011256192
EOAD,TMED4,-0.0007683579695676,0.999396703668236
EOAD,TMEFF1,-0.0108898595214253,0.954450877312711
EOAD,TMEM132C,-0.0779410901726054,0.614277259779261
EOAD,TMEM132D,-0.187489345707805,0.310433225587816
EOAD,TMEM132E,-0.214225546877779,0.244309825422506
EOAD,TMEM25,-0.0812068508311441,0.679566444430715
EOAD,TMSB4X,0.122325373044185,0.536646573897083
EOAD,TNC,0.0744957658491012,0.53472498560823
EOAD,TNFRSF12A,0.0393889291347733,0.687847521394846
EOAD,TPBG,-0.123314983164157,0.459422841970115
EOAD,TPPP3,0.182691270987742,0.429312798628083
EOAD,TTR,0.0589250053801216,0.717403332793699
EOAD,TXNDC17,0.0228181110564742,0.827638025240723
EOAD,TYRO3,-0.112453313731562,0.223045203640253
EOAD,UCHL1,0.754062428139496,0.0192288530205769
EOAD,UNC5A,-0.153956548538623,0.433061979712898
EOAD,UNC5B,-0.129950099586285,0.235588904943175
EOAD,UNC5C,-0.0231359169169014,0.938568706280508
EOAD,VAPA,0.0504324544295116,0.63433135424508
EOAD,VASN,0.103991540069176,0.417913432869976
EOAD,VCAM1,0.0683392906999458,0.665216955535511
EOAD,VCL,0.21168013919445,0.368082418651957
EOAD,VIM,0.581731537461072,0.435655896157537
EOAD,VLDLR,-0.0398306702196907,0.75189714241701
EOAD,VWA1,0.0728412905089115,0.438121446854399
EOAD,VWC2,-0.228792890002999,0.426283493009268
EOAD,VWF,-0.0336280719631858,0.800236004896386
EOAD,WBP2,-0.0662497436288083,0.681244010832993
EOAD,WDR1,0.263475124782049,0.268252661049549
EOAD,WSCD1,-0.222413124298904,0.260923570984576
EOAD,XXYLT1,-0.240422609720669,0.386689832316661
EOAD,XYLT1,-0.100802688927464,0.631146918171279
EOAD,YWHAB,0.722228605627878,0.0192288530205769
EOAD,YWHAE,0.529226295217453,0.0820628758035189
EOAD,YWHAG,0.85890640247546,0.0192288530205769
EOAD,YWHAH,0.454901684385594,0.0275384874999853
LOAD,MT3,-0.0579052574542009,0.437208029625262
LOAD,NFASC,-0.0958209607928175,0.0110283319172332
LOAD,ALDOA,0.179906604234594,0.000850784194905
LOAD,LSAMP,-0.0822254871954033,0.0360279386518704
LOAD,PARK7,0.132310290125039,0.0004399326765312
LOAD,YWHAZ,0.559378031189766,4.27597491750945e-21
LOAD,CXCL16,0.0653414141817805,0.444079614010084
LOAD,SELENBP1,-0.158367960773714,0.0101660834155246
LOAD,PROCR,-0.0035265625341018,0.979409396146088
LOAD,NCAN,-0.0652320388713079,0.39147575288338
LOAD,NICOL1,-0.157651370357126,0.0367678172181296
LOAD,DPP7,0.089762807602618,0.430499673363821
LOAD,ICOSLG,-0.183881462893611,0.0107290892890746
LOAD,PAPLN,-0.0802832713757997,0.176195569877951
LOAD,FOLR2,-0.0668443486897363,0.384189882772272
LOAD,GC,0.109812465214155,0.31403750538698
LOAD,HBA1,0.257403665525521,0.73100335696571
LOAD,IGLV3-19,0.147861529807056,0.424885307785324
LOAD,FBLN5,0.0496326988894662,0.234296343020763
LOAD,LAMP2,0.0053823743583949,0.970092164415906
LOAD,NUCB2,-0.0479688942282017,0.601148017530096
LOAD,PDGFB,-0.0529984866664881,0.604949151228489
LOAD,ITIH2,0.207831469853447,0.128820952112694
LOAD,CSF1R,0.05854785790621,0.369618872659674
LOAD,PGLYRP2,0.0436931336616073,0.775886248774214
LOAD,IGHM,0.175546152191972,0.489534667394346
LOAD,LAMA2,0.0058960825753882,0.914251822006939
LOAD,APLP2,-0.0102527551598683,0.917224897324571
LOAD,AGA,-0.066516895159257,0.463199912269729
LOAD,CFI,0.0233958584257774,0.849925163365068
LOAD,CD44,0.120264814949255,0.0121283329261538
LOAD,IGSF8,-0.097790839659659,0.001490953618754
LOAD,CNTNAP4,-0.0689181284230074,0.396022285968918
LOAD,C1QC,0.0579771120980634,0.168440040048648
LOAD,C1R,0.0444871460602432,0.335690766093105
LOAD,CPN2,0.0037110852715409,0.98322233926015
LOAD,AMBP,0.223274986945465,0.023103207567392
LOAD,C5,0.0983427004863113,0.472330473904698
LOAD,HEXA,8.5932966886304e-05,0.999548620956404
LOAD,DBI,0.0999139566936611,0.0453122833258923
LOAD,C1QA,0.0637180573066995,0.220588936089975
LOAD,NRXN3,-0.100622325738565,0.0443410224334704
LOAD,IGHV3-30,0.129462384299613,0.31403750538698
LOAD,C6,0.156711183595226,0.199123029249125
LOAD,CLEC3B,0.0265943634044614,0.605133657047878
LOAD,SPARCL1,-0.11299841580694,0.0204254651446024
LOAD,GAP43,0.225021018461269,0.0016722676412104
LOAD,MCAM,-0.0091140136582748,0.919527484779535
LOAD,SCG2,-0.224650817413497,0.0003608971933336
LOAD,LMAN1,-0.111660522252145,0.168867434660554
LOAD,ADGRB2,-0.163901624674602,0.0621920847096175
LOAD,LTBP4,-0.0284334055736357,0.672630725965156
LOAD,IGHG3,0.274138833919842,0.132363322290539
LOAD,PON1,-0.105016788095035,0.629781038291215
LOAD,AXL,-0.0987007808465172,0.105108691184675
LOAD,CADM1,-0.056194396568559,0.236899442302656
LOAD,APOD,-0.028805703729077,0.729815400630974
LOAD,SPON1,0.117678464887014,0.0021627353268558
LOAD,MGAT1,-0.0432630403729961,0.576129149662585
LOAD,SERPINF2,0.110203016256166,0.317286040424685
LOAD,CP,0.0242983489591566,0.850792948162201
LOAD,PCSK1,-0.277147358987836,0.0065549538790832
LOAD,CPB2,0.137929312281434,0.239415997269272
LOAD,SPARC,0.0256967590646742,0.695112653724319
LOAD,LYVE1,-0.144459558023828,0.030407623032053
LOAD,IGKC,0.120128465583823,0.384189882772272
LOAD,IGHG4,0.261778008207488,0.501018579965429
LOAD,CNDP1,-0.137131611623394,0.0652205962254668
LOAD,EFNB2,-0.0809036896612652,0.0553042750516394
LOAD,PRRT2,-0.158234588036748,0.183088754071525
LOAD,RNASET2,0.0730749895235405,0.226384519993187
LOAD,PNOC,-0.366940096116653,0.0003608971933336
LOAD,PLTP,-0.0014603831836499,0.981857324975099
LOAD,ATRN,0.0588182951000054,0.257702693535212
LOAD,LGALS1,0.0567037160941801,0.212298555569735
LOAD,OMG,-0.0888439221031501,0.128820952112694
LOAD,FAT2,0.0066095983635658,0.954857267459819
LOAD,AHSG,0.137270651324156,0.174704394153522
LOAD,IGFBP6,-0.0407324241983051,0.62309317636708
LOAD,CFHR2,0.40755095007648,0.0079502314360802
LOAD,IGHV3-72,0.020144173403855,0.945610015226409
LOAD,NPPC,-0.0862504239170265,0.0544906508301071
LOAD,CPE,0.0021673529098595,0.980684446377808
LOAD,HSPA8,0.0737314607381787,0.227112843229258
LOAD,C4BPA,0.143191685696952,0.339092699803331
LOAD,VTN,0.0657433201528885,0.638510643452741
LOAD,SEMA6A,-0.0438124160428908,0.581077468737156
LOAD,WFDC1,0.0376163316615026,0.795642381217663
LOAD,NPTX1,-0.112400201182604,0.0649297361683435
LOAD,PTN,0.148632612352854,0.0186984367844143
LOAD,DCN,0.0737411153798284,0.437889723446732
LOAD,MEGF10,-0.0090434397568728,0.878893691027664
LOAD,PSAP,-0.030687850659552,0.451244254626935
LOAD,GGH,0.0178410161692248,0.850214884891265
LOAD,F10,0.0577689852996519,0.375051930820516
LOAD,KRT2,-0.206963710885679,0.62703204121983
LOAD,GALNT2,0.0231860763051728,0.407095168893663
LOAD,NTNG1,-0.107809002403716,0.0536186485786717
LOAD,CD55,-0.116120161408487,0.0032583733813794
LOAD,CD99L2,-0.118719418406944,0.0553042750516394
LOAD,IGHA1,0.009656021900172,0.972055848387802
LOAD,ACYP2,-0.0163125895270166,0.856251763532449
LOAD,EFEMP2,0.0340976747855599,0.576129149662585
LOAD,CHI3L1,0.226068525011931,0.0008125705642062
LOAD,FAM3C,-0.119173370996673,0.0131990500987703
LOAD,CRTAC1,-0.10120073152102,0.0360279386518704
LOAD,IL6ST,-0.0482679979514717,0.192376744094943
LOAD,CTSH,-0.0348216357105278,0.795612797161694
LOAD,SEMA6D,-0.0581302250074645,0.184398915968085
LOAD,TIMP1,0.0629593412962413,0.350832860204809
LOAD,IDS,0.0261122321501528,0.742422895143364
LOAD,SELL,0.0736499167021263,0.430499673363821
LOAD,PROS1,0.0723689069182996,0.166670691516346
LOAD,CYCS,0.0214606846742793,0.684415078247135
LOAD,ADAMTS4,-0.0487107961384883,0.436483673996479
LOAD,NELL2,-0.16762329588186,0.0090218953626786
LOAD,TAFA5,-0.0163521275936072,0.812845555852515
LOAD,TNFRSF21,-0.109886823200982,0.0596693892519856
LOAD,CTSB,0.0685515457257884,0.203419962620677
LOAD,LAMP1,0.0606267164536831,0.255517234626143
LOAD,IGFBP7,-0.0037404457136052,0.979733049253309
LOAD,COL3A1,0.0913226316504065,0.0671751491647448
LOAD,KIT,0.0177922617546455,0.825250807025
LOAD,HSPG2,0.121402051518583,0.0036054123686349
LOAD,IGFBP2,0.126683036120713,0.0036189178722616
LOAD,PRELP,-0.0362809413134055,0.614524809755337
LOAD,C1QB,0.0733605999998215,0.0943187278038311
LOAD,GDA,0.264419543171039,0.0003608971933336
LOAD,NTM,-0.0798336575200391,0.0635629107287295
LOAD,NECTIN1,-0.139167465184188,0.0048479644257227
LOAD,ALCAM,-0.0431724846259449,0.229098766291089
LOAD,APOC3,-0.0045822429071478,0.981857324975099
LOAD,WFIKKN2,-0.0773352387060378,0.46933340657025
LOAD,TGFBI,0.0364231945317393,0.46891863079004
LOAD,DNER,0.0113051690342774,0.856251763532449
LOAD,CDH2,-0.0347919277254469,0.414136002962277
LOAD,C1S,0.0336611495414001,0.440893278414058
LOAD,CHGB,-0.134691019702721,0.0131990500987703
LOAD,ALDOC,0.0927316827127624,0.0296843134165093
LOAD,LYNX1,-0.18364638944613,0.0036038217495756
LOAD,ICAM5,-0.0825293339857636,0.228508132692242
LOAD,HPX,0.158246699082486,0.119874898490462
LOAD,LAMB1,-0.009443011713861,0.832386552952194
LOAD,MOG,-0.0866118610544993,0.0524210602765106
LOAD,STC2,-0.164626156602778,0.0012584130997352
LOAD,CHGA,-0.290997572214021,0.0039217120149867
LOAD,HYOU1,-0.0585977329077929,0.0544906508301071
LOAD,IGHG2,0.238438947508376,0.120804074266449
LOAD,ITIH5,0.0161729655952048,0.809208098744488
LOAD,GPI,0.27050551595303,1.37505692790917e-05
LOAD,APCS,-0.0196078667098298,0.932394092661601
LOAD,MST1,0.12386290429392,0.437889723446732
LOAD,GPR158,-0.03590523540585,0.782904728447241
LOAD,HP,0.122490135419474,0.739106069004628
LOAD,COL18A1,0.124315028146508,0.0159757797825698
LOAD,RTN4R,-0.0674311040140587,0.392672458208044
LOAD,GRIA4,-0.0676863758824515,0.434434538824628
LOAD,MEGF8,0.0020119803361673,0.980694445385882
LOAD,SERPIND1,0.0529726892952311,0.566708941891217
LOAD,COCH,0.060053674562659,0.504002960253886
LOAD,CBLN1,-0.0248524108369539,0.800825883766948
LOAD,CD59,-0.0106235638388315,0.847652468598239
LOAD,KRT10,-0.505270764084718,0.228203782125936
LOAD,ATP6AP1,-0.143525748382401,0.0018446982055066
LOAD,SERPINI1,-0.078602872044593,0.149066209661719
LOAD,TGFBR3,0.0126911911827765,0.772779985894412
LOAD,PTPRG,-0.0786710312184304,0.0242805349036517
LOAD,CLSTN2,-0.023566364124008,0.687632483216632
LOAD,ART3,-0.0413379226676955,0.500005699250828
LOAD,KRT1,-0.390039691682626,0.279761467011517
LOAD,L1CAM,0.0180684328910914,0.73100335696571
LOAD,NRXN2,-0.0946275876544096,0.0550565181663804
LOAD,B2M,-0.0537283186728441,0.211693364935687
LOAD,C3,0.0455964466000349,0.621672559114752
LOAD,APLP1,-0.127045436243847,0.0071499920663522
LOAD,LUM,0.0959844778699406,0.217623810883123
LOAD,BCAN,-0.0375116569768235,0.483104685461254
LOAD,CARTPT,-0.314588859811971,2.80583399378703e-05
LOAD,B3GNT2,-0.131911359026142,0.0021908607658671
LOAD,NBL1,-0.0877303032364143,0.0434396038976739
LOAD,PKM,0.171755216238195,0.0009383586145203
LOAD,RBP4,0.0695149171464315,0.507706681356369
LOAD,LRG1,0.142188855927383,0.277763206147142
LOAD,SOD1,0.0449718909820387,0.446107120352
LOAD,AGRN,-0.0404875883024287,0.437889723446732
LOAD,SPOCK3,-0.0190086172038111,0.666232042013016
LOAD,COL1A1,0.100966666173907,0.0859901903202475
LOAD,COL6A3,0.0519222589317216,0.277763206147142
LOAD,DDR1,0.0115776080886292,0.908744220779243
LOAD,PTPRD,-0.0624013202473126,0.0980187588344891
LOAD,GASK1B,0.0608626851840555,0.413175579495989
LOAD,TPP1,-0.0010090308528951,0.992311594815073
LOAD,VSTM2A,-0.135529112464151,0.160792185463472
LOAD,CLIC4,0.166296777496336,0.0226940616126849
LOAD,AEBP1,0.0697551702295449,0.228508132692242
LOAD,FGA,0.0815258975043687,0.625575296008239
LOAD,HBB,0.322903103765209,0.652319153613893
LOAD,SCG5,-0.13842004372535,0.0073631946086075
LOAD,ZP2,-0.168412091992906,0.19884191191755
LOAD,SLITRK1,-0.209436979840655,0.0071499920663522
LOAD,CAMK2A,0.0847201508581805,0.608210658790042
LOAD,CTSL,0.0932180365773929,0.0996491124177421
LOAD,KLK6,-0.04616540827592,0.245497106984004
LOAD,PCOLCE,0.0213301443211442,0.655297881607899
LOAD,C16orf89,0.0770781200427342,0.149066209661719
LOAD,NRCAM,-0.132121314726739,0.0101427441037126
LOAD,PLXDC2,0.0684234323862363,0.23329450219682
LOAD,CACNA2D1,-0.172093810778184,0.0115380629053299
LOAD,TAGLN,0.0863643887395087,0.461622964825797
LOAD,PRNP,-0.0899327778505956,0.0543859321911235
LOAD,C1RL,0.0653981073975629,0.366795249830985
LOAD,SERPINA7,0.173268543500122,0.149066209661719
LOAD,C1QTNF3,0.139534980066363,0.336016621089812
LOAD,CNTN2,0.0175385963513204,0.795612797161694
LOAD,SERPINA1,0.0808240383182426,0.530857699613566
LOAD,F5,-0.133356916437016,0.201800998855364
LOAD,SLC5A5,-0.0302706132719512,0.878893691027664
LOAD,NCAM1,-0.0905948719122236,0.0169903227437291
LOAD,AJAP1,-0.246942609859852,0.0005837593139944
LOAD,PTPRS,-0.084693221924999,0.0458282860576676
LOAD,RARRES2,0.0736900758434604,0.226511587942405
LOAD,LAMC1,0.0593499049893538,0.0811160417752262
LOAD,APOA2,0.0626493399132819,0.693681211722364
LOAD,A1BG,0.0738186213968071,0.513615268123098
LOAD,MASP1,0.159649838814164,0.0158168094756697
LOAD,OAF,-0.0074493541298235,0.917224897324571
LOAD,DPP6,-0.0661028954338017,0.15957958711594
LOAD,NID2,0.0254655960061214,0.702837347909542
LOAD,CPVL,-0.109391196443704,0.277763206147142
LOAD,SERPINC1,0.12483708384598,0.277763206147142
LOAD,CHL1,-0.165366016548274,0.0088484817568758
LOAD,CELSR2,-0.177370464666698,0.0009478752971169
LOAD,FGB,0.0672074415955013,0.681638582660655
LOAD,BTD,0.0078414966508599,0.902703706224023
LOAD,PI16,0.0639331610005129,0.352145953083281
LOAD,CPQ,-0.0230335932699646,0.743254005137315
LOAD,GFRA2,-0.258292679099326,0.0018446982055066
LOAD,SHISA5,0.0572651418212473,0.275912733954313
LOAD,PGK1,0.261717553487913,8.99123709280309e-12
LOAD,SPP1,0.112417048123387,0.0834434427432287
LOAD,VCAN,0.0720732268678255,0.0489407387896783
LOAD,ITM2B,0.0167469881776441,0.851848338555636
LOAD,PCDH8,-0.23220302193261,0.0053689699727551
LOAD,ENO2,0.139109385632296,0.0397522056544446
LOAD,CTSA,-0.059582722339794,0.612442808977102
LOAD,SEZ6L,-0.165577594591099,0.001490953618754
LOAD,POMGNT1,-0.0791330184544883,0.03689179870361
LOAD,CTSF,0.0562296271883849,0.300219064059195
LOAD,AZGP1,0.186354274981628,0.0327495716308938
LOAD,ECRG4,0.195749681818839,0.132363322290539
LOAD,SELENOP,0.0142240322444724,0.82825704508819
LOAD,SIAE,0.0151640845654342,0.907712616641338
LOAD,GSN,-0.022723084259459,0.693681211722364
LOAD,RNASE4,0.0745506325649288,0.178277800714124
LOAD,C2,0.0803107207706208,0.333174945531279
LOAD,RNASE1,-0.111651436804063,0.0140624529812249
LOAD,CDH13,-0.10558004087636,0.125969667093468
LOAD,A2M,0.0710162353587709,0.0621920847096175
LOAD,PODXL2,-0.0296177525057084,0.62703204121983
LOAD,COL1A2,0.0955470901856597,0.0766148370375325
LOAD,GOT1,0.0855256247210399,0.0916039351533964
LOAD,SCG3,-0.213908295879531,0.0009237324981227
LOAD,PEBP1,0.122484613288218,0.0008254996197259
LOAD,MAN1B1,-0.0753487026991682,0.14674089698067
LOAD,RELN,0.0200987889281929,0.880377281678824
LOAD,PPIC,0.0064542606661985,0.948126158691611
LOAD,CDH6,-0.129498041789828,0.0010613289648923
LOAD,SEZ6,0.0294993804806829,0.46891863079004
LOAD,GOLM1,0.0160469094387956,0.695380954898681
LOAD,APP,-0.0580596993298137,0.404222942481786
LOAD,ACTB,0.134163547226503,0.107282037936138
LOAD,LDHB,0.102538672857031,0.0053689699727551
LOAD,EFEMP1,0.0212714892517845,0.605133657047878
LOAD,PLD3,0.089751218945171,0.155309566948064
LOAD,C8B,-0.0179587969444075,0.917224897324571
LOAD,GPX3,0.0107519740753883,0.865073942734046
LOAD,CBLN3,0.0176897421679874,0.914035861326486
LOAD,LTBP2,0.109267264833361,0.0983286254154301
LOAD,IGFBP5,0.140062374357129,0.0054110201549546
LOAD,OPCML,-0.186256602481569,0.0041149800644579
LOAD,FSTL1,0.0340103933844524,0.566708941891217
LOAD,EPHA4,-0.16503496390745,0.0067758255986401
LOAD,IGLON5,-0.0694345022413492,0.192376744094943
LOAD,ROBO1,-0.0738632236112275,0.0623795890937187
LOAD,CA1,0.259290117943971,0.695112653724319
LOAD,GAPDH,0.0125947149350907,0.941600565778833
LOAD,BASP1,0.187662675005274,0.0123364273145141
LOAD,THY1,-0.23374560614071,9.71302225462856e-05
LOAD,LTBP1,0.136231388815585,0.0109302941351757
LOAD,HSPA5,-0.0213164549627951,0.369618872659674
LOAD,TGOLN2,-0.0596020351479183,0.203419962620677
LOAD,PRRT3,-0.193569991417527,0.00256825771957
LOAD,ANG,0.0383242833397652,0.676967574763127
LOAD,PLG,0.0615248790064236,0.644742755167493
LOAD,BPNT2,-0.0981984454490927,0.0408863069816098
LOAD,MAN1A1,-0.0515592045564279,0.0787108127704112
LOAD,ISLR,-0.0312721832530469,0.576129149662585
LOAD,SERPINA6,0.0212199267995086,0.887412782785348
LOAD,HRG,0.100081084827208,0.446107120352
LOAD,F2,0.0291967816318284,0.841511867212095
LOAD,APOC1,-0.0582014501131614,0.693681211722364
LOAD,PAM,-0.177534151764341,0.0007682722898007
LOAD,SIRPA,-0.304969506043696,0.0023058964087698
LOAD,PFN1,0.216750660281427,0.0001993201282581
LOAD,SEMA4B,-0.0117293684183544,0.832386552952194
LOAD,PTPRN2,-0.268744895846454,0.0003326185012814
LOAD,SHISA6,-0.0110462381531544,0.902703706224023
LOAD,AGT,0.106913816712272,0.0368120054699484
LOAD,CLSTN1,-0.0289411365195473,0.581077468737156
LOAD,QDPR,-0.0394725940397933,0.622714225850993
LOAD,FRZB,0.0316131652650355,0.665284303202065
LOAD,CALM1,0.20843490967483,1.7120369452709e-05
LOAD,SEMA7A,-0.019931433424615,0.841511867212095
LOAD,IGF2,-0.004272586577815,0.954857267459819
LOAD,MMRN2,-0.0949679260315035,0.0518532656593681
LOAD,FUCA2,0.118437550268149,0.44919657565493
LOAD,HTRA1,0.0499775326646796,0.272850925298344
LOAD,TMEM132A,-0.009616784713029,0.908890745975267
LOAD,LYZ,0.0727913245453928,0.483104685461254
LOAD,KNG1,0.0984700389101913,0.39147575288338
LOAD,MCFD2,0.101629844170913,0.178277800714124
LOAD,PPIA,0.280079944038986,4.4026404881450896e-12
LOAD,CALB1,0.155170249450845,0.0700566628004987
LOAD,GPR37,-0.0437857712440808,0.463420494334802
LOAD,SHISA7,-0.217132844743248,0.0003680890641022
LOAD,MAPT,0.689040656479228,1.26673092497707e-10
LOAD,ATP6AP2,-0.17944119006625,0.0680627723478476
LOAD,C7,0.198016360430687,0.0010887950320496
LOAD,CANX,0.003275205667852,0.950683773148487
LOAD,VGF,-0.457481296579514,1.52606864677749e-05
LOAD,ENPP2,0.0448997089910446,0.627221335851738
LOAD,MGP,0.268282326815826,0.0774698756945163
LOAD,MRC1,0.0045509683902569,0.963575096659825
LOAD,SERPINA5,0.156596884614151,0.031589231532584
LOAD,IGKV4-1,-0.0125054745406814,0.945610015226409
LOAD,LDHA,0.1946608787894,2.97297369670585e-06
LOAD,PRCP,0.0258484244574912,0.800825883766948
LOAD,FRRS1L,-0.109345087978601,0.149066209661719
LOAD,F12,-0.0401786939886311,0.841511867212095
LOAD,TPI1,0.0090094522341459,0.896244932367342
LOAD,FGG,0.0842750328364144,0.621885730181251
LOAD,OGN,-0.0279438960941185,0.700288768073878
LOAD,LCAT,-0.0190231129702365,0.873872924378354
LOAD,LINGO1,-0.103898542661693,0.139628574324306
LOAD,MEGF9,-0.0931556857436107,0.013301108676117
LOAD,CSF1,0.0139913184335327,0.676967574763127
LOAD,SEMA3G,-0.0684471464109837,0.107282037936138
LOAD,DKK3,0.0131702134368741,0.85573654599326
LOAD,NCAM2,-0.0910519474885412,0.0299247063198078
LOAD,NPTX2,-0.44999916514772,6.43202481404031e-09
LOAD,SPOCK1,-0.0121580113408104,0.875309751469883
LOAD,TF,0.0059040335872886,0.944324212085483
LOAD,QSOX2,-0.0196998389126897,0.78792181218943
LOAD,PIK3IP1,-0.115608405331313,0.006655596351025
LOAD,SMOC1,0.336911120482857,2.0699955616094497e-12
LOAD,LMAN2,-0.0428847952490621,0.125233562016866
LOAD,CLSTN3,-0.104519548607903,0.0166246889416861
LOAD,NEO1,-0.0756228149319575,0.0282295013721548
LOAD,IGFBP4,0.0273758563637827,0.565398883054924
LOAD,PRKCSH,-0.0186334746680004,0.633045091056789
LOAD,BCHE,0.0011778619900138,0.986718134296755
LOAD,SPINT2,-0.131689272032868,0.0209737699628419
LOAD,TWSG1,0.0191259419540479,0.693681211722364
LOAD,HEXB,-0.0070330563732659,0.941041902434399
LOAD,SULF2,-0.0743604365822312,0.168867434660554
LOAD,FETUB,0.11984692898274,0.263570533576968
LOAD,MMP2,0.0966276976747995,0.0404637043869396
LOAD,MFGE8,-0.0095885056810276,0.93023818370923
LOAD,SLC39A10,-0.173075230367158,0.0051031424668946
LOAD,KLKB1,0.0650980349893775,0.624353374062256
LOAD,FGFR2,-0.105633289413756,0.0003608971933336
LOAD,PTPRZ1,0.0937746246377404,0.0019629668341352
LOAD,GNPTG,0.0232658314590513,0.625703965126914
LOAD,DYNLL2,0.11340498994401,0.0308299064593499
LOAD,SDF4,0.0217184754649491,0.641653215406414
LOAD,PTPRN,-0.274833219252358,0.0001395412470397
LOAD,VSTM2B,-0.213004043568684,0.0016132752031057
LOAD,PRDX1,0.060571730869782,0.0960870462331519
LOAD,APOA4,0.256274829876709,0.01468131693023
LOAD,FBLN1,0.0086066009219614,0.875309751469883
LOAD,CADM3,-0.0606135916205712,0.218484687864494
LOAD,SERPING1,0.0501579882899499,0.406506428547624
LOAD,APOE,-0.0433195606511791,0.426999130196384
LOAD,SOD2,0.0905628636018667,0.0953763988671965
LOAD,PENK,0.007932946022823,0.923395230302029
LOAD,CST3,-0.0475526772941777,0.369618872659674
LOAD,CFD,0.113747721412467,0.176195569877951
LOAD,CADM4,-0.0533547521212387,0.150775252007274
LOAD,FN1,0.103233941891425,0.0071499920663522
LOAD,COLEC12,0.0217087579722142,0.616793955568713
LOAD,CFH,0.0463751132981809,0.463420494334802
LOAD,CNTN1,0.0113044619099352,0.788904056057876
LOAD,ORM1,0.0009259263222585,0.994679912021998
LOAD,NPY,-0.219608954718712,0.0956135347907622
LOAD,ECM2,-0.0387830734234704,0.664575317684772
LOAD,CD14,-0.0069975874002237,0.90717481807458
LOAD,ENDOD1,-0.0753417062100388,0.0853356531094058
LOAD,APOA1,0.0520093813395537,0.72230720145797
LOAD,OLFM1,-0.0257538204497214,0.601526078397541
LOAD,FGFR1,-0.0227605287939028,0.638510643452741
LOAD,HABP2,0.153396872380018,0.183857946371536
LOAD,PTGDS,-0.0090431506967441,0.843295295310339
LOAD,GLDN,-0.0768625183611027,0.384189882772272
LOAD,GOLIM4,-0.0636790717332172,0.155455090576233
LOAD,SOD3,0.0101107906663511,0.940738654519649
LOAD,SERPINF1,-0.0320628898651325,0.611011657248023
LOAD,C8A,-0.0062142207777036,0.973875547967255
LOAD,RNASE2,0.159300308302151,0.14949646676433
LOAD,ITIH1,0.160681817812105,0.273909747476271
LOAD,TIMP2,0.0143213472906929,0.832386552952194
LOAD,SORCS2,0.0055376724510232,0.943890185195824
LOAD,ORM2,0.226266552080238,0.119798995245068
LOAD,CD163,-0.023109347489159,0.700889838444085
LOAD,CADM2,-0.0987692184855691,0.0877760023407275
LOAD,SORCS3,-0.0726602551941964,0.161140437675793
LOAD,TALDO1,0.0872258834142743,0.0845037484674393
LOAD,OMD,-0.0134950867532027,0.873335104884618
LOAD,ENO1,0.238138521651603,6.37419349967925e-07
LOAD,NRXN1,-0.0521788869793642,0.320885188935131
LOAD,SERPINA3,0.109140035560346,0.216776858428416
LOAD,FCGBP,0.0314387300195218,0.856251763532449
LOAD,MAN2A2,-0.0891503033328824,0.0575456471881356
LOAD,RNASE6,0.0527423936181686,0.203240314305818
LOAD,MARCKS,0.128429686392477,0.0321959072018873
LOAD,ST6GAL2,-0.0614440179043401,0.206264746480351
LOAD,NID1,0.040190685033453,0.250025465179485
LOAD,COTL1,0.0846622062170566,0.100960046357691
LOAD,TXN,0.0215640486081936,0.678062972397051
LOAD,CUTA,-0.0095504321941239,0.896244932367342
LOAD,NPTXR,-0.313123640554263,1.15286706309574e-05
LOAD,MDH1,0.184129390693469,2.54757076518947e-05
LOAD,C8G,-0.0215617029023356,0.898824949782057
LOAD,PRG4,-0.019402987128089,0.902703706224023
LOAD,ARMH4,-0.0215354610534231,0.74021064886591
LOAD,GOT2,-0.0019984669089394,0.980684446377808
LOAD,PPIB,-0.0095177363108316,0.916319840209354
LOAD,QSOX1,0.0015211516903956,0.979409396146088
LOAD,APOM,-0.0872858977339934,0.624353374062256
LOAD,FBLN2,0.0100037013235283,0.878893691027664
LOAD,LY6H,-0.212392127714942,0.0121612474236826
LOAD,WFDC2,-0.0972008917781286,0.03689179870361
LOAD,GPR37L1,-0.0495368012424198,0.457039983456338
LOAD,TNXB,-0.0091702158712347,0.902703706224023
LOAD,APOH,0.20502023078032,0.108630260781386
LOAD,SERPINA4,0.140221273570798,0.236015654029994
LOAD,NPC2,0.0720915162333,0.0041149800644579
LOAD,ADGRB1,-0.175313278331532,0.0039217120149867
LOAD,IGKV3-20,-0.0669290331860424,0.693681211722364
LOAD,ITIH4,0.114511265633713,0.375051930820516
LOAD,BGLAP,-0.0018608341006833,0.986718134296755
LOAD,RTN4RL2,-0.173966163989006,0.0151943308987481
LOAD,DAG1,-0.054772242879995,0.0623795890937187
LOAD,CGREF1,-0.0812599078408631,0.242291846417833
LOAD,DIPK1C,-0.0737814312163589,0.291091186931648
LOAD,CFHR1,-0.0553521652851021,0.873872924378354
LOAD,CLU,-0.0010305259897407,0.986301580065056
LOAD,FSTL4,-0.106719115729716,0.208460810682879
LOAD,NTRK2,-0.0663337268656239,0.259823463689015
LOAD,NXPH4,-0.16053492286725,0.0773290501338973
LOAD,ADAM22,-0.0325376359633562,0.601148017530096
LOAD,CCN3,-0.0169398752265391,0.824325149653482
LOAD,CNTN4,-0.0368559549641132,0.478640870163005
LOAD,SPOCK2,0.0756551527721872,0.100036874824654
LOAD,KRT9,-0.225039946806437,0.681638582660655
LOAD,TNR,0.0095347521380801,0.896244932367342
LOAD,LRRC4B,-0.0006881823717108,0.991171704740899
LOAD,CTSD,0.0421452148223107,0.693681211722364
LOAD,CTSZ,-0.0174230772334312,0.820581278195911
LOAD,CANT1,-0.0384014269027677,0.352145953083281
LOAD,PCSK1N,-0.0106265173953375,0.874118542539594
LOAD,GM2A,-0.0447917001993812,0.426999130196384
LOAD,C9,0.11950859498678,0.437889723446732
LOAD,CALR,-0.0378300089057593,0.233609288348295
LOAD,COL6A1,-0.0131313997282057,0.858956817984539
LOAD,CAMK2B,-0.0305189753230302,0.795977569816903
LOAD,SPINK6,-0.247165211122597,0.142634123349462
LOAD,APOB,0.0133577551438684,0.950393088628338
LOAD,AFM,0.0112099359165612,0.945610015226409
LOAD,PTPRF,-0.108150149457674,0.0057889911991349
LOAD,LGALS3BP,0.0393643583894097,0.46891863079004
LOAD,ECM1,-0.162820029478159,0.0024954078650428
LOAD,SLITRK4,-0.181221397067749,0.0246800818567036
LOAD,PCSK2,-0.202906028168182,0.0037998230728326
LOAD,VSIG4,0.0689795129067425,0.46933340657025
LOAD,SUSD5,-0.0665423639166782,0.275110695492867
LOAD,B4GAT1,-0.0695970459162094,0.139628574324306
LOAD,NEGR1,-0.123089834667901,0.0063168631560614
LOAD,PEBP4,-0.100943754029801,0.248817092156816
LOAD,GMFB,0.107394253109485,0.0420751280621978
LOAD,SCRG1,0.0630089738141404,0.235485448371187
LOAD,NUCB1,0.0160915504932593,0.78792181218943
LOAD,A4GALT,0.0443460673294593,0.622714225850993
LOAD,ABCA2,0.0531709998142693,0.469964817099828
LOAD,ABHD14B,0.137334323463325,0.0063799173089032
LOAD,ABI3BP,0.121505780372442,0.0881067476744456
LOAD,ACE,0.0711174877206604,0.446107120352
LOAD,ACP2,-0.0231873542565868,0.857976311952617
LOAD,ACYP1,-0.0374482470584425,0.652319153613893
LOAD,ADA2,0.093954734781998,0.226384519993187
LOAD,ADAM10,0.0311035255945651,0.558429582995754
LOAD,ADAM11,-0.191340578503337,0.0110283319172332
LOAD,ADAM15,-0.052738794626852,0.519705536380702
LOAD,ADAM23,-0.0991015675337135,0.168867434660554
LOAD,ADAM28,0.0481814638978015,0.672630725965156
LOAD,ADAM9,-0.0247530635577853,0.860400866893194
LOAD,ADAMTS8,-0.267363292617286,0.0691331698300667
LOAD,ADGRB3,-0.0143554027180617,0.908890745975267
LOAD,ADGRL1,0.0037689467697932,0.948984324302527
LOAD,ADGRL3,-0.0150341395173665,0.782904728447241
LOAD,ADM,-0.0672212590067085,0.285200467524868
LOAD,AHNAK,-0.0243779512072955,0.889417871034911
LOAD,AKR1B1,0.0505591896522217,0.415020467724707
LOAD,ALB,0.0836355959438215,0.451244254626935
LOAD,ALDH1A1,-0.0446729887763775,0.667986536536159
LOAD,ANGPTL7,-0.0844478233716011,0.625703965126914
LOAD,ANPEP,-1.09078317187539e-05,0.99984250148951
LOAD,ANXA5,0.0499635929383535,0.673821967638367
LOAD,AP2B1,0.0363987288259535,0.581077468737156
LOAD,APMAP,-0.17912520654214,0.183857946371536
LOAD,APOC2,-0.128507076793341,0.404566400827453
LOAD,APOF,0.158994110371652,0.289042407334497
LOAD,APOL1,0.0664959351256789,0.720867979141047
LOAD,ASAH1,-0.0289250580643854,0.8234503083805
LOAD,ASPH,-0.0287941448636149,0.702837347909542
LOAD,ATP1B1,-0.0513012574621925,0.292109923965312
LOAD,ATP1B2,0.0367589664945633,0.665284303202065
LOAD,ATRNL1,-0.0085214531151729,0.944324212085483
LOAD,B3GALNT1,0.0532953195079964,0.639929360205179
LOAD,B3GNT9,-0.0046962347338457,0.966939156039048
LOAD,B4GALT1,-0.0540813724927585,0.436253893728926
LOAD,BCAM,0.0805957099026697,0.0929812752121016
LOAD,BGN,0.206998488126243,0.0051031424668946
LOAD,BLMH,-0.0080073780295846,0.942915422975332
LOAD,BMP1,-0.145476016178866,0.0107961193715641
LOAD,BMP6,-0.10843137299844,0.316028327901351
LOAD,BSG,-0.179529492053526,0.000724093444135
LOAD,BST1,-0.06637001869088,0.677919307457166
LOAD,C11orf87,-0.484599320747142,5.66925686363215e-06
LOAD,SPRING1,-0.0875326654420654,0.22617278727851
LOAD,C1QL3,0.041180968711493,0.673821967638367
LOAD,C1QTNF4,-0.0337464441902355,0.713035939570623
LOAD,C1QTNF5,0.104167573502946,0.11174030140609
LOAD,C4BPB,0.332969755977587,0.0546116488700469
LOAD,CA10,0.0698574595170616,0.548865536225626
LOAD,CA11,-0.0276700062557778,0.800825883766948
LOAD,CA2,0.177982986304825,0.621885730181251
LOAD,CA4,-0.0873759769069959,0.132363322290539
LOAD,CACHD1,0.0626260495811746,0.440415651759829
LOAD,CACNA2D2,-0.008308942856928,0.916319840209354
LOAD,CACNA2D3,-0.184125131323815,0.0102623347254048
LOAD,CALY,-0.0600352339482297,0.60548450206676
LOAD,CAMK2D,0.121233462727939,0.0688402300843999
LOAD,GOLM2,-0.0614383345409752,0.243679553292291
LOAD,CAT,-0.159994040876137,0.434728998778857
LOAD,CBR1,0.0948979321664281,0.200952633081029
LOAD,CCER2,-0.0425435638813676,0.621672559114752
LOAD,CCK,-0.291808368148648,0.0451935903437677
LOAD,CD109,0.177286965722985,0.0053689699727551
LOAD,CD200,-0.166901055333608,0.128820952112694
LOAD,CD248,-0.0600283272765711,0.392702677717749
LOAD,CD5L,0.239852567075849,0.259823463689015
LOAD,CD81,0.118921025735625,0.436253893728926
LOAD,CD9,-0.0107946848172258,0.948984324302527
LOAD,CDH10,-0.0731614086599199,0.446107120352
LOAD,CDH11,0.04520358045386,0.463420494334802
LOAD,CDH15,-0.022655593872523,0.857976311952617
LOAD,CDH18,-0.140766623357794,0.0295960444190814
LOAD,CDH20,0.0174192976198588,0.834736630491896
LOAD,CDH22,-0.219937681872229,0.0057889911991349
LOAD,CDH4,-0.057617269395311,0.343598316447671
LOAD,CDH5,0.0430222968056917,0.641653215406414
LOAD,CDH7,-0.0144553898945103,0.857976311952617
LOAD,CDH8,-0.202439129297002,0.0058194105863134
LOAD,CDH9,-0.335340376506853,0.0126176385626743
LOAD,CEL,-0.160291357795592,0.616433478019061
LOAD,CEMIP,0.0314176554528354,0.478640870163005
LOAD,CFB,0.0003052841338231,0.998516697989231
LOAD,CFHR3,-0.0621395054412011,0.821208137477581
LOAD,CFL1,0.241712888369095,0.0001354455647511
LOAD,CFP,0.239734107885356,0.0343368095453084
LOAD,CHAD,0.0183554277245079,0.821518729974824
LOAD,CHI3L2,0.061705313642082,0.611839326268553
LOAD,CHID1,-0.0432546012526398,0.599359358639905
LOAD,CHIT1,0.963638312839029,0.0002094504949551
LOAD,CHRD,-0.0821071262495918,0.0153969107111094
LOAD,CHRDL1,-0.0144895196942345,0.868159622216151
LOAD,CHST10,-0.122470965729375,0.0036038217495756
LOAD,CHST15,-0.0088122776903603,0.948126158691611
LOAD,CKB,0.224665388943581,0.0101427441037126
LOAD,CKMT1A,0.214105611275158,0.0408863069816098
LOAD,CLEC11A,0.205938353113879,0.0028162180554835
LOAD,CLMP,-0.171468641437102,0.0297565353353965
LOAD,CLN5,-0.0232643073215417,0.800825883766948
LOAD,CLUL1,-0.0619654185630036,0.652319153613893
LOAD,CNPY3,-0.0528599916422881,0.652314221583089
LOAD,CNTFR,-0.059401246692186,0.180533254244633
LOAD,CNTN3,-0.0549957551184503,0.352145953083281
LOAD,CNTN6,-0.0428658229600707,0.523810866782998
LOAD,CNTNAP2,-0.0236745304715207,0.793265932550789
LOAD,CNTNAP5,-0.127894479646367,0.0480574770376928
LOAD,COL12A1,0.0235541546312534,0.744838628608705
LOAD,COL14A1,0.0360041291055859,0.601526078397541
LOAD,COL15A1,0.0856630391042001,0.217682279586517
LOAD,COL21A1,0.12671223145408,0.0834434427432287
LOAD,COL28A1,0.334403602809208,0.0259040268799666
LOAD,COL4A1,0.0257115694302117,0.663120128577293
LOAD,COL4A2,0.0416945938264179,0.480742498525784
LOAD,COL5A1,0.157745541885189,0.0129874998701609
LOAD,COL6A2,0.0599032821509962,0.321357908380318
LOAD,COMP,0.294227277320764,0.0112212268915335
LOAD,CPD,-0.0579506715081619,0.468002634801684
LOAD,CPN1,0.0307485077387577,0.889417871034911
LOAD,CPXM2,0.0147066289518589,0.90717481807458
LOAD,CRABP1,-0.0788245922348096,0.576129149662585
LOAD,CREG1,-0.0335962975169597,0.74021064886591
LOAD,CRELD1,-0.009287711408386,0.908890745975267
LOAD,CRISP3,0.205485748033338,0.117558577233172
LOAD,CRYM,0.184331419587092,0.0729925465784315
LOAD,CSPG4,0.0753586481634967,0.0775352303904503
LOAD,CST6,0.0966361528923461,0.310283187756793
LOAD,CSTB,0.151723750397337,0.0100420272801064
LOAD,CTBS,-0.0585539882064543,0.437889723446732
LOAD,CCN2,0.245450438442179,0.0002094504949551
LOAD,CTSC,-0.0365685002867098,0.743416731224052
LOAD,CTSO,0.0697612085956694,0.487211908653693
LOAD,CTSS,-0.0122685601620542,0.914251822006939
LOAD,CXADR,-0.0690729445018006,0.288303962762882
LOAD,CXCL12,-0.0223375570644944,0.878893691027664
LOAD,CYTL1,-0.013330965317917,0.927762080749763
LOAD,DBH,0.0617387313866251,0.826013723869572
LOAD,DCC,-0.126424865660089,0.0245103797458078
LOAD,DCD,0.0586118616177203,0.841511867212095
LOAD,DDAH1,0.196040527467026,1.37505692790917e-05
LOAD,DDB1,-0.025996596767361,0.722258395979647
LOAD,DIPK2B,-0.067758950919961,0.219519172263604
LOAD,DLD,0.0719016158944168,0.128820952112694
LOAD,DMKN,0.0410120286704165,0.719894499833199
LOAD,DNAJC3,0.0480347385651108,0.483949886185529
LOAD,DNASE2,-0.0282335981711661,0.835536220994504
LOAD,DPP10,-0.187538153867959,0.0648589564078553
LOAD,DPP3,-0.0749834905973019,0.447272412052299
LOAD,DPYSL2,0.0773105349334657,0.446107120352
LOAD,DSC1,-0.0583249698667627,0.660218007697821
LOAD,DSC2,-0.0380169732754725,0.62703204121983
LOAD,DSC3,0.0094883417541016,0.932394092661601
LOAD,DSG2,0.114603823493918,0.0343368095453084
LOAD,EDN3,0.108213303803844,0.183857946371536
LOAD,EFCAB14,0.0134632447987189,0.841536077911078
LOAD,EFNA1,0.0641789505154655,0.278534166254122
LOAD,EFNA3,-0.198804557571675,0.002013688520619
LOAD,EFNB1,0.0655356678866585,0.224138962263853
LOAD,EGFR,-0.018835168897434,0.772779985894412
LOAD,EMC10,-0.140691436558756,0.0822909111534027
LOAD,EMILIN2,-0.0989711354313223,0.369618872659674
LOAD,ENPP4,0.061243585431372,0.540918524700035
LOAD,ENPP5,-0.0816877277784593,0.74021064886591
LOAD,ENPP6,0.0127654019804169,0.898824949782057
LOAD,ENTPD6,-0.0291261905373474,0.785733976017965
LOAD,EPDR1,0.0392386813228152,0.772779985894412
LOAD,EPHA10,-0.181057226229234,0.0131990500987703
LOAD,EPHA5,-0.167723530154934,0.0196482767623926
LOAD,EPHA7,-0.0561433732712375,0.114311171130675
LOAD,EPHB6,-0.197055323391972,0.0177062100139901
LOAD,ERAP1,-0.072634380500439,0.478816668133139
LOAD,ERBB3,0.0578257022213995,0.616433478019061
LOAD,ERP44,-0.0465382374410499,0.269917489246836
LOAD,ESAM,-0.0695678384384699,0.307159683248048
LOAD,EXTL2,-0.0294420232880457,0.613004323009636
LOAD,EZR,0.161135434054283,0.0671751491647448
LOAD,F11,0.13168303502741,0.215133444184528
LOAD,F13A1,0.0553539209178115,0.720867979141047
LOAD,F13B,0.134792836275154,0.183857946371536
LOAD,F7,-0.004433458112079,0.980684446377808
LOAD,F9,0.0828395094769832,0.471596635576773
LOAD,FABP3,0.336439274986141,1.76235870665755e-06
LOAD,FABP5,0.0571086783633916,0.413733755296942
LOAD,FAIM2,-0.120072521813649,0.0892422664213911
LOAD,FAM171A1,0.0589001797999931,0.430499673363821
LOAD,FAM174A,-0.0692083957255476,0.599359358639905
LOAD,FAM20B,-0.115633447798316,0.0066269878683131
LOAD,FAM20C,-0.0202346748670985,0.723863338721116
LOAD,FBLN7,0.0406248326100602,0.608210658790042
LOAD,FBN1,0.035944751477988,0.584625094347805
LOAD,FCGR3A,0.174903807616258,0.030407623032053
LOAD,FCN3,0.0593500819698356,0.776518302512503
LOAD,FGFR3,-0.0432337566941552,0.615393961555874
LOAD,FGL2,0.0015666184632436,0.984227022012337
LOAD,FKBP1A,0.247862296815042,0.007441075444991
LOAD,FLNA,0.159192344589176,0.168867434660554
LOAD,FMOD,0.0485942794568084,0.629840995024666
LOAD,FOLR1,0.108787772524426,0.265167520989516
LOAD,FSCN1,0.117129704476667,0.0239471412872199
LOAD,FSTL5,0.0239557998791682,0.82825704508819
LOAD,FTH1,-0.044020086667949,0.548865536225626
LOAD,FUCA1,-0.0020322382733333,0.985851682849913
LOAD,FXYD6,0.0491774014612227,0.695112653724319
LOAD,FZD1,0.0075376712546093,0.950393088628338
LOAD,GAA,0.163441338215282,0.0168180431515637
LOAD,GALC,0.0125508166053798,0.953137383314041
LOAD,GALNS,0.118655158029193,0.233443553915236
LOAD,GALNT1,-0.0317864742072089,0.463675140675179
LOAD,GALNT10,-0.0249969968210948,0.533452038146447
LOAD,GALNT13,-0.0267020603264427,0.719894499833199
LOAD,GALNT15,-0.0835415554731789,0.548865536225626
LOAD,GALNT16,-0.0777448761351289,0.147700282598338
LOAD,GALNT17,0.0644901832945521,0.381570414434182
LOAD,GALNT18,0.001690592621018,0.980684446377808
LOAD,GALNT6,-0.207096916373693,0.0048616392075359
LOAD,GALNT7,0.0352184426256255,0.429166791293124
LOAD,GANAB,-0.114766033642177,0.007266933655844
LOAD,GAS6,-0.0729768471643588,0.0296466494679079
LOAD,GBA1,0.0028628683731177,0.973875547967255
LOAD,GDF11,-0.0409302436338796,0.446136538450606
LOAD,GDI1,0.257934617499616,1.37505692790917e-05
LOAD,GDI2,-0.0207834800076694,0.841511867212095
LOAD,GFRA3,-0.029012710027474,0.794598100019908
LOAD,GGCT,0.0976192913829381,0.139628574324306
LOAD,GGT7,-0.0020988870824645,0.982208548286393
LOAD,GLG1,-0.0205217251292202,0.676267532608031
LOAD,GLO1,0.067850002275498,0.373602602244233
LOAD,GLOD4,0.190817737187883,1.7120369452709e-05
LOAD,GLRX,0.0773691766765525,0.206918762648417
LOAD,GNAS,-0.0239934310787175,0.850214884891265
LOAD,GNS,0.0346294591699667,0.732337116866372
LOAD,GPC1,0.122868531796271,0.0836818086116353
LOAD,GPLD1,0.115317825006787,0.223172888686555
LOAD,GPNMB,-0.0658353743665607,0.621572225089623
LOAD,GRB2,0.0613812699522853,0.165791662843298
LOAD,GRIA2,0.18743922824105,0.0158168094756697
LOAD,GRN,0.0159583834468542,0.795612797161694
LOAD,GRP,-0.191130206384578,0.174704394153522
LOAD,GSR,0.0591372335578546,0.426999130196384
LOAD,GSS,0.0262084804229143,0.744838628608705
LOAD,GSTO1,0.106513436307607,0.492351062032332
LOAD,GSTP1,0.0420216512174933,0.482576920314813
LOAD,GYG1,-0.213021753171658,0.173337906757216
LOAD,HAVCR2,-0.070065567330766,0.302463833207814
LOAD,HEG1,0.0182244126165649,0.800825883766948
LOAD,HGFAC,0.16652821935636,0.19884191191755
LOAD,HK1,0.0961442961904142,0.0853356531094058
LOAD,HLA-A,0.196607066659251,0.44919657565493
LOAD,HLA-C,-0.0314848597070885,0.944324212085483
LOAD,HLA-DRA,-0.0605280227444656,0.744838628608705
LOAD,HLA-DRB1,-0.196710678942277,0.31598366086195
LOAD,HMCN1,0.0094814881479576,0.945610015226409
LOAD,HPR,0.204468121480372,0.510460954013409
LOAD,HPRT1,0.191610085219549,0.003631558011581
LOAD,HS6ST1,0.0128582631558496,0.848970961951519
LOAD,HS6ST3,-0.232564008482567,0.0021908607658671
LOAD,HSP90B1,-0.0678957883028417,0.299719097294205
LOAD,HSPA13,-0.0395107453143222,0.478640870163005
LOAD,HSPA1A,-0.0832780810341358,0.176195569877951
LOAD,HSPE1,0.0257787140757868,0.697174394126151
LOAD,HYAL1,0.01759147896031,0.847652468598239
LOAD,ICAM1,0.0502601241903626,0.523262154636045
LOAD,ICAM2,-0.043914425801157,0.483949886185529
LOAD,IDH1,0.106286289868203,0.119990290937435
LOAD,IFNAR2,-0.135175986580504,0.0388946843512673
LOAD,IGF2R,0.112471355879206,0.0011030260743181
LOAD,IGFALS,0.100172020900166,0.556768899536655
LOAD,IGFBP3,0.120479986992108,0.0557776439152278
LOAD,IGHV1-69,0.0103661674729834,0.979409396146088
LOAD,IGHV2-26,0.109001233360604,0.618602494584167
LOAD,IGHV2-70,-0.0046830946342773,0.98322233926015
LOAD,IGHV2-70D,0.441344760554878,0.333160821698929
LOAD,IGHV3-49,0.135817424475519,0.509409216107819
LOAD,IGHV3-64D,0.197044090103407,0.310283187756793
LOAD,IGHV3-7,0.289588412524161,0.0596693892519856
LOAD,IGHV4-28,0.0032893840497711,0.985913460297211
LOAD,IGHV4-34,0.046863709212948,0.802333348004893
LOAD,IGHV4-4,0.341360837223589,0.128820952112694
LOAD,IGHV5-10-1,1.24241955738602,0.0001993201282581
LOAD,IGHV5-51,0.21531140961808,0.21703038883126
LOAD,IGHV6-1,-0.115168169342693,0.601526078397541
LOAD,IGKJ1,0.255097566489429,0.22438335428265
LOAD,IGKV1-6,0.397449345201744,0.0377665450944467
LOAD,IGKV2-29,-0.155331391623069,0.658873281335231
LOAD,IGKV2-30,0.201134533536629,0.157063515950641
LOAD,IGKV3-11,-0.0181741820832286,0.920012827800018
LOAD,IGKV3-15,0.0954728397059634,0.531116228687669
LOAD,IGKV3D-15,0.0162292992742534,0.950393088628338
LOAD,IGKV3D-20,0.101619848652267,0.620660128111819
LOAD,IGLC7,0.719420919540509,0.0010055018935904
LOAD,IGLV1-51,-0.0228878189149411,0.935249800035913
LOAD,IGLV2-11,-0.0620985845073561,0.831396824049544
LOAD,IGLV2-18,-0.193069394471813,0.548865536225626
LOAD,IGLV2-23,0.208761469674315,0.384798147511174
LOAD,IGLV2-8,0.0377180743549204,0.868705607805614
LOAD,IGLV3-27,0.0795440107464742,0.78792181218943
LOAD,IGLV4-60,-0.275161646863592,0.377168294930564
LOAD,IGLV6-57,0.256220481793451,0.139628574324306
LOAD,IGLV7-46,0.0758226788232506,0.765566045476232
LOAD,IGLV8-61,0.264139433580868,0.118548945899085
LOAD,IGLV9-49,0.0421538619482593,0.924327796702872
LOAD,IGSF1,0.011701011581164,0.9293615954176
LOAD,IGSF21,-0.185488367372345,0.0007800261762929
LOAD,IL18BP,0.0710887475975985,0.482576920314813
LOAD,IL1RAP,-0.0588938809859165,0.622714225850993
LOAD,IMPA1,0.0904366539446428,0.142486966733209
LOAD,ITGA7,-0.0282762372723071,0.745925799644334
LOAD,ITGAM,0.482008237100609,0.0003680890641022
LOAD,ITGBL1,0.167876378548548,0.0105878516923507
LOAD,ITIH3,0.280014509925913,0.0299247063198078
LOAD,ITM2A,0.0122444821486791,0.934134393608374
LOAD,JAG1,-0.267495652174614,3.39906577039022e-06
LOAD,JAM2,-0.010108654591825,0.878893691027664
LOAD,JAM3,-0.107042359545407,0.0262103221579453
LOAD,JAML,0.129725691285188,0.437889723446732
LOAD,JCHAIN,-0.228213194544623,0.242291846417833
LOAD,KIAA0319L,-0.030738179083273,0.619464179666573
LOAD,KIAA1549L,-0.211970577805231,0.0073168637455825
LOAD,KLK10,-0.337610895467771,0.0131990500987703
LOAD,KLK11,-0.0496232947889705,0.752897438748245
LOAD,KRT5,-0.630859800592411,0.200058903345771
LOAD,LAMA4,0.174004678506037,0.0387794713502417
LOAD,LAMA5,-0.0557638931882494,0.625703965126914
LOAD,LAMB2,0.030092770306962,0.384189882772272
LOAD,LAMC3,-0.0151293465340974,0.932740067894723
LOAD,LAMP5,0.141929457439383,0.0420751280621978
LOAD,LBP,-0.0199372746505135,0.916319840209354
LOAD,LCN2,0.0573575943187379,0.633803473950067
LOAD,LCP1,0.092574702923562,0.167682600979796
LOAD,LDLR,0.177418195720987,0.0066269878683131
LOAD,LECT2,-0.102080700622532,0.556768899536655
LOAD,LFNG,0.0536859212024021,0.290343352556005
LOAD,LGALS3,0.0481947636089979,0.695112653724319
LOAD,LGI1,0.107484304552576,0.404222942481786
LOAD,LGMN,-0.297952064753212,0.0103503986699108
LOAD,LILRA2,0.10521469433261,0.467480333304349
LOAD,LIPA,-0.0563580551616072,0.616433478019061
LOAD,LRP11,-0.0121394325828028,0.932394092661601
LOAD,LRP1B,0.0658234570234333,0.281692087824061
LOAD,LRP8,-0.0856025706659329,0.189158094272678
LOAD,LRRC4,-0.0082349342155696,0.914338494247699
LOAD,LRTM2,-0.216866695329115,0.0166246889416861
LOAD,LSR,0.0020021913596801,0.982208548286393
LOAD,LTF,-0.0057904775698602,0.986718134296755
LOAD,MAG,0.0182555276526735,0.833177756757043
LOAD,MAN1A2,0.0487716872940611,0.369618872659674
LOAD,MAN1C1,-0.0103661007131759,0.896244932367342
LOAD,MAN2A1,0.0070963294098671,0.865784868000933
LOAD,MAN2B1,0.054942771124586,0.588821295793282
LOAD,MAN2B2,0.211610251358012,0.100036874824654
LOAD,MANBA,0.0323756162683377,0.432008257616646
LOAD,MANSC1,0.0123604932129,0.902703706224023
LOAD,MARCO,0.101617910015169,0.507970608440591
LOAD,MATN2,0.0141503454841567,0.86190638089798
LOAD,MB,-0.314290187153726,0.226384519993187
LOAD,MDGA1,-0.0009483919399642,0.993367456020444
LOAD,MDH2,0.0683758528645768,0.446107120352
LOAD,MDK,0.130931536103164,0.0420751280621978
LOAD,MELTF,-0.0283066156126432,0.790957539003384
LOAD,METRNL,0.0047236640835821,0.950393088628338
LOAD,MFAP4,0.0675027222223683,0.383190341403792
LOAD,MGAT5,-0.0700657197263475,0.175401668603527
LOAD,MIA,-0.0206715054952982,0.878893691027664
LOAD,MIA3,0.0077671861533703,0.934134393608374
LOAD,MIF,0.321242326954783,1.25795942463794e-06
LOAD,MINPP1,-0.0702290841443061,0.0171874803850161
LOAD,MLEC,-0.0324243280783465,0.48022541019722
LOAD,MMP14,-0.0293739751190696,0.719894499833199
LOAD,MOXD1,0.0863615380030343,0.64068556219663
LOAD,MPZ,-0.0732748681577133,0.661953447615145
LOAD,MRC2,-0.11906786313214,0.0174230988128993
LOAD,MSLN,-0.184016651813719,0.349657889644543
LOAD,MSN,0.101420699349077,0.102672901624029
LOAD,MSTN,0.140232388956497,0.0088654244035032
LOAD,MXRA7,-0.0542060056037013,0.187177028893476
LOAD,MYDGF,0.0067851958625313,0.932394092661601
LOAD,MYLK,0.0855091457891675,0.128528856910733
LOAD,MYOC,-0.134133579730441,0.400209041019039
LOAD,NAGA,-0.22461152883603,0.0963226437655109
LOAD,NAGLU,-0.130717862631718,0.0589071064345825
LOAD,NAXE,0.048080358512153,0.409039193813121
LOAD,NCMAP,-0.111989512905805,0.460008397950147
LOAD,NDRG2,0.0901985041677884,0.0593755493449707
LOAD,NDRG4,-0.137696052935762,0.0144485195902885
LOAD,NDST1,-0.0046393848989989,0.979409396146088
LOAD,NECTIN2,-0.0090684961565488,0.917224897324571
LOAD,NENF,-0.0087292095783064,0.881326472547345
LOAD,NLGN1,-0.0558380070187283,0.243679553292291
LOAD,NLGN2,0.0571098663691156,0.494871444734462
LOAD,NLGN4X,-0.116257231182936,0.0826269881569828
LOAD,NOTCH1,-0.0886176959549418,0.233609288348295
LOAD,NOTCH2,-0.0057794196103104,0.902703706224023
LOAD,NOTCH3,0.0367001454766802,0.666471933733766
LOAD,NPDC1,-0.13081868439502,0.226511587942405
LOAD,NPEPPS,0.135688167017241,0.0057889911991349
LOAD,NRN1,-0.167792278326053,0.0071499920663522
LOAD,NRP1,-0.0887077950558659,0.147700282598338
LOAD,NRP2,-0.0527816055574784,0.132363322290539
LOAD,NSF,-0.0774904606117151,0.429166791293124
LOAD,NSG1,-0.169719063521453,0.0157195104500736
LOAD,NTRK3,-0.0697353649952328,0.180533254244633
LOAD,NUTF2,-0.0005042700028079,0.993367456020444
LOAD,NXPH1,-0.114361506178914,0.081570458849421
LOAD,NXPH3,0.0428376746950017,0.6293240896009
LOAD,OLFM2,0.0528549779737713,0.446107120352
LOAD,OLFML3,0.0360651409748627,0.50784393656542
LOAD,OSMR,-0.0162351404973062,0.816150929552679
LOAD,OXT,0.127736409073727,0.252704813940133
LOAD,P4HB,-0.0189394756275068,0.584625094347805
LOAD,PAMR1,0.123761156309311,0.0836818086116353
LOAD,PBXIP1,0.0954696012918985,0.072733602776078
LOAD,PCDH1,-0.0809049600108187,0.0472384539539937
LOAD,PCDH10,-0.0542279464503927,0.369618872659674
LOAD,PCDH17,-0.108175213376443,0.0139375183595535
LOAD,PCDH7,-0.048776109925571,0.619464179666573
LOAD,PCDH9,-0.0724737779931406,0.137528269014546
LOAD,PCDHAC2,-0.076259974587285,0.192103475508194
LOAD,PCDHGC3,0.124573057193052,0.0408863069816098
LOAD,PCDHGC5,-0.230858663394028,0.0037998230728326
LOAD,PCMT1,-0.0347744160074388,0.655297881607899
LOAD,PCP4,-0.0118643693175944,0.932635500335771
LOAD,PCSK9,0.0085361465267839,0.937694536381612
LOAD,PCYOX1,-0.0115425893459049,0.932635500335771
LOAD,PDGFRB,-0.029815786288804,0.655782097187648
LOAD,PDIA3,0.0338661585022866,0.281692087824061
LOAD,PDIA4,0.0465141436490661,0.460008397950147
LOAD,PDIA6,0.0301170883454382,0.742422895143364
LOAD,PDYN,-0.165954291033948,0.0171874803850161
LOAD,PEA15,0.525678466640779,2.65900142620855e-14
LOAD,PGAM1,0.181629536380881,0.010510457226839
LOAD,PGM1,0.0589987612527931,0.652319153613893
LOAD,PGRMC1,-0.0474774706142478,0.410090934364675
LOAD,PIANP,-0.0935322493053414,0.224649536394833
LOAD,PIGR,0.374316494709773,0.0006656350457043
LOAD,PILRA,0.052311413797046,0.548865536225626
LOAD,PITHD1,-0.0556243369660265,0.634798597709891
LOAD,PLA2G15,0.0526490971601481,0.437889723446732
LOAD,PLBD2,-0.0039247773468904,0.979409396146088
LOAD,PLD4,0.0823106226318697,0.515755601794985
LOAD,PLEKHB1,-0.0819123200078891,0.377770243677648
LOAD,PLOD1,0.0870823604591182,0.14674089698067
LOAD,PLXDC1,-0.172314488084679,0.0117765787652301
LOAD,PLXNA1,-0.118147649880816,0.105646217246376
LOAD,PLXNB2,0.0602280701732614,0.192376744094943
LOAD,PON3,-0.0694688658257343,0.7431665202027
LOAD,PPP5C,0.0723727734730941,0.320885188935131
LOAD,PRAP1,-0.0389319897105436,0.78792181218943
LOAD,PRDX2,0.0751367948836057,0.308243119037083
LOAD,PRDX5,0.169404162937857,0.170425845338916
LOAD,PRDX6,0.134896839607166,0.0140028429026586
LOAD,PRKAR1A,0.171291860358532,0.0069472946325563
LOAD,PRL,-0.0720650268357064,0.687632483216632
LOAD,PRND,-0.20564157431823,0.0432411554764041
LOAD,PROC,0.0020647999434153,0.980684446377808
LOAD,PROZ,0.0924759692289596,0.695112653724319
LOAD,PRRG1,-0.0352964557509896,0.878893691027664
LOAD,PRSS23,0.10675878725454,0.151685984128289
LOAD,PSAT1,-0.0083876859133864,0.914035861326486
LOAD,PTPRK,-0.016683915868466,0.821518729974824
LOAD,PTPRM,0.0023695099534029,0.979409396146088
LOAD,PTPRT,-0.0644457950439072,0.626585484577231
LOAD,PVALB,0.107258006104765,0.267454408342735
LOAD,PVR,-0.0785265396215387,0.170004905953724
LOAD,PXDN,0.0622437006665439,0.621672559114752
LOAD,PZP,0.116695696483259,0.655297881607899
LOAD,QPCT,-0.0819587816040617,0.234296343020763
LOAD,RAD23B,-0.0039738052029445,0.972055848387802
LOAD,RCN1,-0.0203087761643754,0.793204066439132
LOAD,RCN2,-0.0192347096773977,0.878893691027664
LOAD,RECK,0.119419166966995,0.0230220943276807
LOAD,RGMA,-0.150885979164559,0.0108507897195581
LOAD,RGMB,-0.151168805594985,0.0049002488293052
LOAD,RIDA,0.0396989011064743,0.601526078397541
LOAD,RNF13,0.018072761555243,0.793204066439132
LOAD,ROBO2,-0.0857719349317376,0.310283187756793
LOAD,ROBO4,0.0599706079860116,0.660218007697821
LOAD,RTBDN,-0.294406880386653,0.0028162180554835
LOAD,RTN4RL1,0.050138250997291,0.690651961835181
LOAD,S100A6,-0.0279875056387198,0.843295295310339
LOAD,SAA1,0.120264416116302,0.599359358639905
LOAD,SAA4,0.119712487576308,0.483104685461254
LOAD,SCGB1A1,0.234686644063203,0.320759809900784
LOAD,SCN3B,-0.244428929770413,0.0060206823503196
LOAD,SCN4B,-0.0511707745482752,0.39147575288338
LOAD,SCPEP1,-0.0161064435197709,0.902703706224023
LOAD,SCUBE1,-0.0101809398830985,0.923702487781173
LOAD,SELENOM,-0.0149005620144456,0.878893691027664
LOAD,SEMA3B,0.0104585152868442,0.932394092661601
LOAD,SEMA3C,-0.0079364134730299,0.941041902434399
LOAD,SEMA3F,-0.0139720200165581,0.902703706224023
LOAD,SEMA6B,-0.0389970315628032,0.695112653724319
LOAD,SERPINA10,0.0758461505501327,0.655297881607899
LOAD,SERPINB1,0.0435952906172545,0.576315656484234
LOAD,SERPINE2,-0.0510072876698562,0.716772920254586
LOAD,SF3A1,-0.0620977925857167,0.508817265578983
LOAD,SFRP1,0.13667124655869,0.383190341403792
LOAD,SFRP4,0.0313405887184421,0.8234503083805
LOAD,SGCE,-0.069177217471724,0.0928048713046274
LOAD,SH3BGRL,0.0997820261753519,0.0836818086116353
LOAD,SH3BGRL3,0.117354010372662,0.0833077483723713
LOAD,SHBG,0.0532619828975092,0.751514217156415
LOAD,SIGLEC14,-0.023941945498192,0.932394092661601
LOAD,SIL1,0.0042294237866418,0.956502143230524
LOAD,SLC24A2,-0.106900636384619,0.190638050240979
LOAD,SLC38A10,-0.0135876282898746,0.795006862324703
LOAD,SLC39A12,-0.0114177219849916,0.954857267459819
LOAD,SLC3A2,0.0162994811686916,0.709765920943463
LOAD,SLITRK5,0.0361890596990762,0.771443078882295
LOAD,SLPI,0.0547362599676724,0.621885730181251
LOAD,SMPD1,-0.0294896502604045,0.793204066439132
LOAD,SMPDL3A,0.0288046850541939,0.800825883766948
LOAD,SMPDL3B,-0.180048904203145,0.128820952112694
LOAD,SNCG,0.261691938293686,0.0083373575236237
LOAD,SNED1,-0.0454054403676913,0.566708941891217
LOAD,SORCS1,-0.143413006498533,0.0241223166402376
LOAD,SORL1,0.0180920452329145,0.785183369801737
LOAD,SORT1,-0.0146226074740321,0.873335104884618
LOAD,SPINK5,0.298595265915561,0.0028162180554835
LOAD,SPINT1,-0.0568675604706073,0.566708941891217
LOAD,SPON2,-0.065244375357203,0.444859244822239
LOAD,SRGN,0.0884773754198376,0.471596635576773
LOAD,SSC5D,0.0354644250325427,0.584625094347805
LOAD,SST,-0.332268028644619,0.0009383586145203
LOAD,ST3GAL6,0.0882235037499584,0.322104789292832
LOAD,ST6GALNAC1,-0.188230362140624,0.007314388915674
LOAD,ST8SIA3,-0.137512750824857,0.0247755431632742
LOAD,ST8SIA5,0.0298176219879593,0.835536220994504
LOAD,STMN3,-0.0078851266717192,0.938237074516188
LOAD,SYT1,0.0216271397880776,0.833201867675324
LOAD,TAC1,-0.169262020201568,0.0324390909422208
LOAD,TAC3,-0.215718425670454,0.120813828071803
LOAD,TAGLN3,0.209470555606626,0.0030884301467043
LOAD,TBCA,0.193389488577165,0.0036746198445408
LOAD,TCN2,-0.117459945045102,0.0621920847096175
LOAD,TFRC,0.0133603865140532,0.874118542539594
LOAD,THBS1,0.19366507181035,0.1783663617791
LOAD,THBS2,0.0392191305838328,0.506413140393585
LOAD,THBS4,0.143646811462229,0.0018446982055066
LOAD,THSD4,-0.035155098290419,0.774943742947472
LOAD,TIE1,-0.0165762206239011,0.878893691027664
LOAD,TMED4,0.157996066703264,0.0374065654733482
LOAD,TMEFF1,-0.192105444619695,0.0110283319172332
LOAD,TMEM132C,-0.0509233958713287,0.256592298257317
LOAD,TMEM132D,-0.216995313056739,0.007314388915674
LOAD,TMEM132E,-0.151268968486449,0.0845037484674393
LOAD,TMEM25,-0.114411901881918,0.354172824159432
LOAD,TMSB4X,0.139607735366965,0.0101427441037126
LOAD,TNC,0.0406399324191105,0.695112653724319
LOAD,TNFRSF12A,0.127506679340226,0.0301165417872385
LOAD,TPBG,-0.123473882561741,0.150775252007274
LOAD,TPPP3,0.107575569918632,0.23329450219682
LOAD,TTR,0.0413515567816933,0.693681211722364
LOAD,TXNDC17,0.105203732777629,0.205184511333254
LOAD,TYRO3,-0.112592689988698,0.0073631946086075
LOAD,UCHL1,0.539795919293316,7.651346183750041e-15
LOAD,UNC5A,-0.104302609524304,0.209387410472264
LOAD,UNC5B,-0.0854726601400229,0.0460289040047281
LOAD,UNC5C,-0.0075406173500827,0.917004458173147
LOAD,VAPA,0.0357710111684666,0.646570121584202
LOAD,VASN,0.0533381434616373,0.205739579929303
LOAD,VCAM1,0.135493577837138,0.0039217120149867
LOAD,VCL,0.236906424637756,0.0012737277633324
LOAD,VIM,0.0203272275749846,0.932394092661601
LOAD,VLDLR,0.0477646719594071,0.660218007697821
LOAD,VWA1,-0.028600190686384,0.672630725965156
LOAD,VWC2,-0.143304162051748,0.0320898797455251
LOAD,VWF,0.0402184820228806,0.591093978969704
LOAD,WBP2,-0.0626849426126004,0.383190341403792
LOAD,WDR1,0.0944597190141145,0.437889723446732
LOAD,WSCD1,-0.129605417829561,0.0570719515689119
LOAD,XXYLT1,-0.17943707506098,0.0033540267412952
LOAD,XYLT1,0.0844788003935912,0.426999130196384
LOAD,YWHAB,0.398604781329418,0.0032720122832626
LOAD,YWHAE,0.410221216316052,3.5282806200255e-13
LOAD,YWHAG,0.575950270916494,1.26212023984223e-20
LOAD,YWHAH,0.301530760457831,0.0013220588275771
